﻿{
    "altids": {
        "itemid": "530477ae9f861d7d6a20ebc7a30c372f",
        "etag": "530477ae9f861d7d6a20ebc7a30c372f_0a6aza0c0",
        "friendlykey": "407153418257",
        "referenceid": "RI--Rhode Island-State of State"
    },
    "version": 0,
    "type": "text",
    "urgency": 4,
    "profile": "Spot Development",
    "language": "en",
    "versioncreated": "2024-01-17T00:05:12Z",
    "firstcreated": "2024-01-17T00:05:11Z",
    "editorialrole": "FullStory",
    "pubstatus": "usable",
    "signals": [
        "newscontent"
    ],
    "title": "RI--Rhode Island-State of State",
    "headline": "Rhode Island governor says higher wages, better student scores and new housing among his top goals",
    "headline_extended": "Higher wages, stronger student scores and increased housing production are some of the goals Rhode Island Gov. Dan McKee promised in his annual State of the State address Tuesday",
    "slugline": "AP-RI--Rhode Island-State of State",
    "description_summary": "Higher wages, stronger student scores and increased housing production are some of the goals Rhode Island Gov. Dan McKee promised in his annual State of the State address Tuesday. One pledge McKee made was to increase the buying power of the state\u2019s residents in coming years by setting a goal to raise the per capita income in the state by at least $20,000 by 2030. He also said he\u2019ll also propose $15 million for math and English Language Arts coaching for students and professional development for teachers and push for a $100 million housing production bond to jumpstart housing production.",
    "bylines": [
        {
            "by": "By STEVE LeBLANC",
            "title": "Associated Press"
        }
    ],
    "located": "BOSTON",
    "datelinelocation": {
        "city": "Boston",
        "countryareacode": "MA",
        "countryareaname": "Massachusetts",
        "countrycode": "USA",
        "countryname": "United States",
        "geometry_geojson": {
            "type": "Point",
            "coordinates": [
                -71.05977,
                42.35843
            ]
        }
    },
    "copyrightnotice": "Copyright 2024 The Associated Press. All rights reserved. This material may not be published, broadcast, rewritten or redistributed without permission.",
    "usageterms": [
        "This content is intended for editorial use only. For other uses, additional clearances may be required."
    ],
    "keywords": [
        "rhode island state of state address mckee"
    ],
    "provider": "AP",
    "infosource": [
        {
            "name": "AP",
            "type": "AP"
        }
    ],
    "person": [
        {
            "scheme": "http://cv.ap.org/id/",
            "code": "a7ede17ee02c4a8ab269b3ff8622ddaf",
            "name": "Dan McKee",
            "creator": "Machine",
            "rels": [
                "direct"
            ],
            "types": [
                "POLITICIAN",
                "PERSON"
            ],
            "relevance": 85
        }
    ],
    "subject": [
        {
            "rels": [
                "category"
            ],
            "creator": "Editorial",
            "code": "n",
            "name": "n"
        },
        {
            "rels": [
                "category"
            ],
            "creator": "Editorial",
            "code": "p",
            "name": "p"
        },
        {
            "scheme": "http://cv.ap.org/id/",
            "code": "5238090088e910048f5ef8851349f9bd",
            "name": "Compensation and benefits",
            "creator": "Machine",
            "rels": [
                "direct"
            ],
            "relevance": 61
        },
        {
            "scheme": "http://cv.ap.org/id/",
            "code": "86aad5207dac100488ecba7fa5283c3e",
            "name": "Politics",
            "creator": "Machine",
            "rels": [
                "direct"
            ],
            "relevance": 70
        },
        {
            "scheme": "http://cv.ap.org/id/",
            "code": "5e3af32f00ad0d418f037f115324362b",
            "name": "Health care industry",
            "creator": "Machine",
            "rels": [
                "direct"
            ],
            "relevance": 44
        },
        {
            "scheme": "http://cv.ap.org/id/",
            "code": "cf909730889610048df9cb8225d5863e",
            "name": "Education funding",
            "creator": "Machine",
            "rels": [
                "direct"
            ],
            "relevance": 51
        },
        {
            "scheme": "http://cv.ap.org/id/",
            "code": "c8e409f8858510048872ff2260dd383e",
            "name": "Business",
            "creator": "Machine",
            "rels": [
                "direct"
            ],
            "relevance": 84
        },
        {
            "scheme": "http://cv.ap.org/id/",
            "code": "86aad5207dac100488ecba7fa5283c3e",
            "name": "Politics",
            "creator": "Editorial",
            "editorial_subject": "Politics",
            "rels": [
                "direct"
            ],
            "relevance": 75
        },
        {
            "scheme": "http://cv.ap.org/id/",
            "code": "a4677d70863b4012b846a1b00f5079f5",
            "name": "U.S. news",
            "creator": "Editorial",
            "editorial_subject": "U.S. news",
            "rels": [
                "direct"
            ],
            "relevance": 99
        },
        {
            "scheme": "http://cv.ap.org/id/",
            "code": "f25af2d07e4e100484f5df092526b43e",
            "name": "General news",
            "creator": "Editorial",
            "editorial_subject": "General news",
            "rels": [
                "direct"
            ],
            "relevance": 50
        }
    ],
    "place": [
        {
            "scheme": "http://cv.ap.org/id/",
            "code": "1bf4bc0882c71004889cdf092526b43e",
            "name": "Rhode Island",
            "creator": "Machine",
            "rels": [
                "direct"
            ],
            "parentids": [
                "661e48387d5b10048291c076b8e3055c"
            ],
            "locationtype": {
                "code": "0ae5eb8e00e04295a4fc209c94bfe6ef",
                "name": "State"
            },
            "geometry_geojson": {
                "type": "Point",
                "coordinates": [
                    -71.49978,
                    41.75038
                ]
            },
            "relevance": 97,
            "parentnames": [
                "United States"
            ]
        }
    ],
    "audiences": [
        {
            "code": "82c6a4c46fa0446090a7acaf93159e4c",
            "name": "Print",
            "type": "AUDPLATFORM"
        },
        {
            "code": "9add4649b53b4702ba7d9de5d4fa607a",
            "name": "Online",
            "type": "AUDPLATFORM"
        },
        {
            "code": "f5b16ea8760d10048047e6e7a0f4673e",
            "name": "State",
            "type": "AUDSCOPE"
        },
        {
            "code": "bed6942882b310048501df092526b43e",
            "name": "Massachusetts",
            "type": "AUDGEOGRAPHY"
        },
        {
            "code": "1bf4bc0882c71004889cdf092526b43e",
            "name": "Rhode Island",
            "type": "AUDGEOGRAPHY"
        }
    ],
    "associations": {
        "1": {
            "altids": {
                "itemid": "1226b5b2e3314eaca77c041dd384e6c0"
            },
            "type": "picture"
        }
    },
    "body_nitf": "<p>BOSTON (AP) \u2014 Higher wages, stronger student scores and increased housing production are some of the goals Rhode Island Gov. Dan McKee promised in his annual State of the State address Tuesday.</p><p>One pledge McKee made was to increase the buying power of the state\u2019s residents in coming years by setting a goal to raise the per capita income in the state by at least $20,000 by 2030.</p><p>Within the next 100 days, the administration will roll out a game plan for raising incomes, the Democrat said.</p><p>McKee also said the budget for the new fiscal year that he'll be submitting to the General Assembly later this week will prioritize programs that will help raise incomes while also making key investments in education, small businesses, and health care \u2014 all without raising broad-based taxes.</p><p>\u201cJust think how much housing insecurity and food insecurity we could address as a state if we double down and work to raise per capita income across Rhode Island, helping every family,\u201d McKee said.</p><p>Another priority for the new year is education.</p><p>McKee said that last year, the administration set a challenge for Rhode Island to reach Massachusetts student achievement levels by 2030, including by raising scores on the Rhode Island Comprehensive Assessment System assesments.</p><p>He said he'll propose $15 million for math and English Language Arts coaching for students and professional development for teachers to help meet the goal.</p><p>Another challenge facing Rhode Island, and many neighboring states, is the lack of housing.</p><p>To help jumpstart production, McKee said he'll propose that a $100 million housing production bond be placed before voters. He said the initiative would be the largest housing production bond in the state\u2019s history.</p><p>\u201cWe\u2019re going to ensure that \u2013 if approved by the voters \u2013 these dollars will create more inventory and help put young people on a path to homeownership in our state,\u201d he said.</p><p>Health care is another top issue. McKee said he'll sign an executive order in coming weeks focused on improving Rhode Island\u2019s health care systems and working to ensure \"we have access to an efficient and effective health care delivery system aligned with our state\u2019s needs.\u201d</p><p>To help make Rhode Island a leader in life sciences McKee pointed to a new State Health Lab that is being built. He also noted his budget will also propose construction of a new life science school at the University of Rhode Island through a bond referendum.</p><p>Other high-paying jobs include those in cybersecurity. McKee said he wants Rhode Island College to dedicate itself to responding to the demand.</p><p>\u201cLet\u2019s pass a first-of-its-kind cybersecurity bond to grow RIC\u2019s current cybersecurity program into a cybersecurity school of choice,\u201d he said. \u201cAnd in five years \u2013 let\u2019s have 1,000 students enrolled in this school graduating 250 students a year with these degrees.\"</p><p>On the tax front, McKee called for reducing the corporate minimum tax from $400 to $350 \u2013- a tax that he said impacts the state\u2019s smallest businesses the most. He also said he's targeting \u201csix annoying fees\u201d for elimination \u2013 including liquor manufacturing fees.</p><p>\u201cLet\u2019s finally pass an assault weapons ban in Rhode Island,\u201d he added.</p><p>The state is also looking ahead to its second offshore wind project, Revolution Wind, which is set to begin construction this year, he said. When complete, Revolution Wind will power nearly 263,000 households.</p><p>Another question McKee said he wants to put before voters on the 2024 ballot is whether the state should build a new State Archive and History Center to display the state's founding documents and important treasures.</p><p>Finally, McKee said the state is continuing to make strides on pitching itself as a destination, including to filmmakers, who used the state in the HBO series The Guilded Age.</p>",
    "textformat": "bx",
    "links": [
        {
            "href": "https://apnews.com/article/rhode-island-state-of-state-address-mckee-530477ae9f861d7d6a20ebc7a30c372f",
            "rel": "canonical"
        }
    ],
    "topics": {
        "Health": {
            "relevance_score": 3,
            "reason": "The document covers a wide range of topics addressed by Rhode Island Governor Dan McKee in his State of the State address, including higher wages, education, housing, and various economic initiatives. While health care is mentioned as one of the top issues, with plans to improve the state's health care systems and build a new State Health Lab, the majority of the document focuses on other areas. Therefore, while there is some relevance to health, it is not the primary focus of the document."
        }
    }
}