﻿{
    "altids": {
        "itemid": "06088a66e5e7a86e9df4843742377d89",
        "etag": "06088a66e5e7a86e9df4843742377d89_0a15aza0c0",
        "friendlykey": "47994744785",
        "referenceid": "MED--Daylight Saving Time-Health"
    },
    "version": 0,
    "type": "text",
    "urgency": 4,
    "profile": "Spot Development",
    "language": "en",
    "versioncreated": "2024-03-08T06:01:06Z",
    "firstcreated": "2024-03-07T22:35:32Z",
    "editorialrole": "FullStory",
    "pubstatus": "usable",
    "ednote": "Eds: UPDATES: Updates Media.",
    "signals": [
        "newscontent"
    ],
    "title": "MED--Daylight Saving Time-Health",
    "headline": "How springing forward to daylight saving time could affect your health -- and how to prepare",
    "headline_extended": "Losing an hour of sleep as daylight saving time kicks in can do more than leave you tired and cranky the next day _ it also could harm your health",
    "slugline": "AP-MED--Daylight Saving Time-Health",
    "description_summary": "Losing an hour of sleep as daylight saving time kicks in can do more than leave you tired and cranky the next day _ it also could harm your health. Darker mornings and more evening sun together knock out of whack a body clock that regulates when we're drowsy and when we're alert. Studies even show an uptick in heart attacks and strokes the first few days after the spring time change. Getting more morning light can help reset your circadian rhythm and get sleep that's vital for good health.",
    "bylines": [
        {
            "by": "By LAURAN NEERGAARD",
            "title": "AP Medical Writer"
        }
    ],
    "located": "WASHINGTON",
    "datelinelocation": {
        "city": "Washington",
        "countryareacode": "DC",
        "countryareaname": "District of Columbia",
        "countrycode": "USA",
        "countryname": "United States",
        "geometry_geojson": {
            "type": "Point",
            "coordinates": [
                -77.03637,
                38.89511
            ]
        }
    },
    "copyrightnotice": "Copyright 2024 The Associated Press. All rights reserved. This material may not be published, broadcast, rewritten or redistributed without permission.",
    "usageterms": [
        "This content is intended for editorial use only. For other uses, additional clearances may be required."
    ],
    "keywords": [
        "daylight saving health heart attack stroke"
    ],
    "provider": "AP",
    "infosource": [
        {
            "name": "AP",
            "type": "AP"
        }
    ],
    "subject": [
        {
            "rels": [
                "category"
            ],
            "creator": "Editorial",
            "code": "l",
            "name": "l"
        },
        {
            "rels": [
                "category"
            ],
            "creator": "Editorial",
            "code": "w",
            "name": "w"
        },
        {
            "scheme": "http://cv.ap.org/id/",
            "code": "342226287f3c10048af8a058a59be307",
            "name": "Hypertension",
            "creator": "Machine",
            "rels": [
                "direct"
            ],
            "relevance": 34
        },
        {
            "scheme": "http://cv.ap.org/id/",
            "code": "3c105048882f100489fd9528eb155503",
            "name": "Automotive accidents",
            "creator": "Machine",
            "rels": [
                "direct"
            ],
            "relevance": 40
        },
        {
            "scheme": "http://cv.ap.org/id/",
            "code": "caeff3958de64f4d989f5ef1209bd073",
            "name": "Humanitarian crises",
            "creator": "Machine",
            "rels": [
                "direct"
            ],
            "relevance": 40
        },
        {
            "scheme": "http://cv.ap.org/id/",
            "code": "d413320c945341bcac55fd55191404c8",
            "name": "Stroke",
            "creator": "Machine",
            "rels": [
                "direct"
            ],
            "relevance": 58
        },
        {
            "scheme": "http://cv.ap.org/id/",
            "code": "7ef9209261fc46bfb193823b7d2c5581",
            "name": "Heart attack",
            "creator": "Machine",
            "rels": [
                "direct"
            ],
            "relevance": 73
        },
        {
            "scheme": "http://cv.ap.org/id/",
            "code": "cc7a76087e4e10048482df092526b43e",
            "name": "Health",
            "creator": "Machine",
            "rels": [
                "direct"
            ],
            "relevance": 85
        },
        {
            "scheme": "http://cv.ap.org/id/",
            "code": "e237be707de410048fffdf092526b43e",
            "name": "Medication",
            "creator": "Machine",
            "rels": [
                "direct"
            ],
            "relevance": 58
        },
        {
            "scheme": "http://cv.ap.org/id/",
            "code": "a4677d70863b4012b846a1b00f5079f5",
            "name": "U.S. news",
            "creator": "Editorial",
            "editorial_subject": "U.S. news",
            "rels": [
                "direct"
            ],
            "relevance": 75
        },
        {
            "scheme": "http://cv.ap.org/id/",
            "code": "f25af2d07e4e100484f5df092526b43e",
            "name": "General news",
            "creator": "Editorial",
            "editorial_subject": "General news",
            "rels": [
                "direct"
            ],
            "relevance": 50
        },
        {
            "scheme": "http://cv.ap.org/id/",
            "code": "3e37e4b87df7100483d5df092526b43e",
            "name": "Lifestyle",
            "creator": "Editorial",
            "editorial_subject": "Lifestyle",
            "rels": [
                "direct"
            ],
            "relevance": 75
        },
        {
            "scheme": "http://cv.ap.org/id/",
            "code": "cc7a76087e4e10048482df092526b43e",
            "name": "Health",
            "creator": "Editorial",
            "editorial_subject": "Health",
            "rels": [
                "direct"
            ],
            "relevance": 99
        }
    ],
    "organisation": [
        {
            "scheme": "http://cv.ap.org/id/",
            "code": "a4192fd88c5e10048961d898238b6e0d",
            "name": "American Heart Association",
            "creator": "Machine",
            "rels": [
                "direct"
            ],
            "relevance": 48
        }
    ],
    "place": [
        {
            "scheme": "http://cv.ap.org/id/",
            "code": "661ab2407d5b1004822fc076b8e3055c",
            "name": "U.S. Virgin Islands",
            "creator": "Machine",
            "rels": [
                "direct"
            ],
            "parentids": [
                "6618c9f87d5b10048203c076b8e3055c"
            ],
            "locationtype": {
                "code": "b7a0766613394ffda1709e3e433f2de2",
                "name": "Territory"
            },
            "geometry_geojson": {
                "type": "Point",
                "coordinates": [
                    -64.66625,
                    18.16468
                ]
            },
            "relevance": 42,
            "parentnames": [
                "Caribbean"
            ]
        }
    ],
    "audiences": [
        {
            "code": "82c6a4c46fa0446090a7acaf93159e4c",
            "name": "Print",
            "type": "AUDPLATFORM"
        },
        {
            "code": "9add4649b53b4702ba7d9de5d4fa607a",
            "name": "Online",
            "type": "AUDPLATFORM"
        },
        {
            "code": "f43adc08760d10048040e6e7a0f4673e",
            "name": "National",
            "type": "AUDSCOPE"
        },
        {
            "code": "f4ecf9b0760d10048044e6e7a0f4673e",
            "name": "International",
            "type": "AUDSCOPE"
        },
        {
            "code": "661850e07d5b100481f5c076b8e3055c",
            "name": "Latin America and Caribbean",
            "type": "AUDGEOGRAPHY"
        },
        {
            "code": "661e48387d5b10048291c076b8e3055c",
            "name": "United States",
            "type": "AUDGEOGRAPHY"
        }
    ],
    "associations": {
        "1": {
            "altids": {
                "itemid": "cda39760404648f498772891cedd5530"
            },
            "type": "picture"
        }
    },
    "body_nitf": "<p>WASHINGTON (AP) \u2014 Most of America \u201csprings forward\u201d Sunday for <a href=\"https://apnews.com/article/spring-forward-time-change-daylight-saving-41beeca27270e67482b6a2e2904034bb\">daylight saving time</a> and losing that hour of sleep can do more than leave you tired and cranky the next day. It also could harm your health.</p><p>Darker mornings and more evening light together knock your body clock out of whack \u2014 which means daylight saving time can usher in sleep trouble for weeks or longer. Studies have even found an uptick in heart attacks and strokes right after the March time change.</p><p>There are ways to ease the adjustment, including getting more sunshine to help reset your circadian rhythm for healthful sleep.</p><p>\u201cNot unlike when one travels across many time zones, how long it can take is very different for different people,\u201d said Dr. Eduardo Sanchez of the American Heart Association. \u201cUnderstand that your body is transitioning.\u201d</p><hl2>When does daylight saving time start?</hl2><p>Daylight saving time begins Sunday at 2 a.m., an hour of sleep vanishing in most of the U.S. The ritual will reverse on Nov. 3 when clocks \u201cfall back\u201d as daylight saving time ends.</p><p>Hawaii and most of Arizona don\u2019t make the spring switch, sticking to standard time year-round along with Puerto Rico, American Samoa, Guam and the U.S. Virgin Islands. Worldwide, dozens of countries also observe daylight saving time, starting and ending at different dates.</p><p>Some people try to prepare for daylight saving time\u2019s sleep jolt by going to bed a little earlier two or three nights ahead. With a third of American adults already not getting the recommended seven hours of nightly shuteye, catching up can be difficult.</p><hl2>What happens to your brain when it's lighter later?</hl2><p>The brain has a master clock that is set by exposure to sunlight and darkness. This circadian rhythm is a roughly 24-hour cycle that determines when we become sleepy and when we\u2019re more alert. The patterns change with age, one reason that early-to-rise youngsters evolve into hard-to-wake teens.</p><p>Morning light resets the rhythm. By evening, levels of a hormone called melatonin begin to surge, triggering drowsiness. Too much light in the evening \u2014 that extra hour from daylight saving time \u2014 delays that surge and the cycle gets out of sync.</p><p>Sleep deprivation is linked to heart disease, cognitive decline, obesity and numerous other problems. And that circadian clock affects more than sleep, also influencing things like heart rate, blood pressure, stress hormones and metabolism.</p><hl2>How does the time change affect your health?</hl2><p>Fatal car crashes temporarily jump the first few days after the spring time change, according to a study of U.S. traffic fatalities. The risk was highest in the morning, and researchers attributed it to sleep deprivation.</p><p>Then there\u2019s the cardiac connection. The American Heart Association points to studies that suggest an uptick in heart attacks on the Monday after daylight saving time begins, and in strokes for two days afterward.</p><p>Doctors already know that heart attacks, especially severe ones, are a bit more common on Mondays generally \u2014 and in the morning, when blood is more clot-prone.</p><p>It\u2019s not clear why the time change would add to the Monday connection, Sanchez said, although probably something about the abrupt circadian disruption exacerbates factors such as high blood pressure in people already at risk.</p><hl2>How to prepare for daylight saving time</hl2><p>Go to bed a little earlier Friday and Saturday nights, and try to get more morning light. Moving up daily routines, like dinner time or when you exercise, also may help cue your body to start adapting, sleep experts advise.</p><p>Afternoon naps and caffeine as well as evening light from phones and other electronic devices can make adjusting to an earlier bedtime even harder.</p><p>Stay tuned: Some health groups, including the American Medical Association and American Academy of Sleep Medicine, have said it's time to do away with time switches and that sticking with standard time year-round aligns better with the sun \u2014 and human biology.</p><p>___</p><p>The Associated Press Health and Science Department receives support from the Howard Hughes Medical Institute\u2019s Science and Educational Media Group. The AP is solely responsible for all content.</p>",
    "textformat": "bx",
    "links": [
        {
            "href": "https://apnews.com/article/daylight-saving-health-heart-attack-stroke-06088a66e5e7a86e9df4843742377d89",
            "rel": "canonical"
        }
    ],
    "topics": {
        "Health": {
            "relevance_score": 5,
            "reason": "The document discusses the health impacts of daylight saving time, including sleep disruption, increased risk of heart attacks and strokes, and other health-related issues. It also provides tips on how to prepare for the time change to mitigate these health effects. The content is directly related to health, making it highly relevant to the topic."
        }
    }
}