﻿{
    "altids": {
        "itemid": "da88c34a9390732b89f25c9c11f262f0",
        "etag": "da88c34a9390732b89f25c9c11f262f0_1a9aza0c0",
        "friendlykey": "291687302912",
        "referenceid": "US--Abortion-Poll"
    },
    "version": 1,
    "type": "text",
    "urgency": 4,
    "profile": "Spot Development",
    "language": "en",
    "versioncreated": "2024-03-07T11:46:52Z",
    "firstcreated": "2024-03-07T11:41:57Z",
    "editorialrole": "FullStory",
    "pubstatus": "usable",
    "ednote": "Eds: EDITS: Minor edits in headline.",
    "editorialtypes": [
        "Lead"
    ],
    "signals": [
        "newscontent"
    ],
    "title": "US--Abortion-Poll",
    "headline": "More Black women say abortion is their top issue in the 2024 election, a survey finds",
    "headline_extended": "More than a quarter of female Black voters describe abortion as their top issue in this year\u2019s presidential election",
    "slugline": "BC-US--Abortion-Poll, 1st Ld-Writethru",
    "description_summary": "More than a quarter of female Black voters describe abortion as their top issue in this year\u2019s presidential election. That's according to a survey out Thursday from health policy research firm KFF. The findings signal a significant shift from previous election years, when white, religious voters were more likely to name abortion as their top priority when casting a ballot. This will be the first presidential election since the U.S. Supreme Court ruled in June 2022 that women do not have a constitutional right to abortion. Republican Donald Trump has received overwhelming support from white evangelicals in the previous elections. Democrat Joe Biden has vowed to protect abortion access.",
    "bylines": [
        {
            "by": "By AMANDA SEITZ",
            "title": "Associated Press"
        }
    ],
    "located": "WASHINGTON",
    "datelinelocation": {
        "city": "Washington",
        "countryareacode": "DC",
        "countryareaname": "District of Columbia",
        "countrycode": "USA",
        "countryname": "United States",
        "geometry_geojson": {
            "type": "Point",
            "coordinates": [
                -77.03637,
                38.89511
            ]
        }
    },
    "copyrightnotice": "Copyright 2024 The Associated Press. All rights reserved. This material may not be published, broadcast, rewritten or redistributed without permission.",
    "usageterms": [
        "This content is intended for editorial use only. For other uses, additional clearances may be required."
    ],
    "keywords": [
        "black women abortion top issue election voters"
    ],
    "provider": "AP",
    "infosource": [
        {
            "name": "AP",
            "type": "AP"
        }
    ],
    "person": [
        {
            "scheme": "http://cv.ap.org/id/",
            "code": "a6331b54c46e4ca8b79fa40fada95db5",
            "name": "Donald Trump",
            "creator": "Machine",
            "rels": [
                "direct"
            ],
            "types": [
                "POLITICIAN",
                "PERSON"
            ],
            "relevance": 73
        },
        {
            "scheme": "http://cv.ap.org/id/",
            "code": "42fcd5108d2610048a34f7ae5e3ffd3e",
            "name": "Joe Biden",
            "creator": "Machine",
            "rels": [
                "direct"
            ],
            "types": [
                "POLITICIAN",
                "PERSON"
            ],
            "relevance": 66
        }
    ],
    "subject": [
        {
            "rels": [
                "category"
            ],
            "creator": "Editorial",
            "code": "w",
            "name": "w"
        },
        {
            "rels": [
                "category"
            ],
            "creator": "Editorial",
            "code": "p",
            "name": "p"
        },
        {
            "scheme": "http://cv.ap.org/id/",
            "code": "86aee4307dac10048901ba7fa5283c3e",
            "name": "Elections",
            "creator": "Machine",
            "rels": [
                "direct"
            ],
            "relevance": 85
        },
        {
            "scheme": "http://cv.ap.org/id/",
            "code": "86aad5207dac100488ecba7fa5283c3e",
            "name": "Politics",
            "creator": "Machine",
            "rels": [
                "direct"
            ],
            "relevance": 64
        },
        {
            "scheme": "http://cv.ap.org/id/",
            "code": "86ba17607dac1004894eba7fa5283c3e",
            "name": "Courts",
            "creator": "Machine",
            "rels": [
                "direct"
            ],
            "relevance": 51
        },
        {
            "scheme": "http://cv.ap.org/id/",
            "code": "f5c099b87e3810048ae6df092526b43e",
            "name": "Medical research",
            "creator": "Machine",
            "rels": [
                "direct"
            ],
            "relevance": 72
        },
        {
            "scheme": "http://cv.ap.org/id/",
            "code": "e22e35087de410048fc2df092526b43e",
            "name": "Abortion",
            "creator": "Machine",
            "rels": [
                "direct"
            ],
            "relevance": 95
        },
        {
            "scheme": "http://cv.ap.org/id/",
            "code": "86aad5207dac100488ecba7fa5283c3e",
            "name": "Politics",
            "creator": "Editorial",
            "editorial_subject": "Politics",
            "rels": [
                "direct"
            ],
            "relevance": 75
        },
        {
            "scheme": "http://cv.ap.org/id/",
            "code": "cc7a76087e4e10048482df092526b43e",
            "name": "Health",
            "creator": "Editorial",
            "editorial_subject": "Health",
            "rels": [
                "direct"
            ],
            "relevance": 75
        },
        {
            "scheme": "http://cv.ap.org/id/",
            "code": "ec28dcdfc4ca4ac9918d3b61427e65c3",
            "name": "Race and ethnicity",
            "creator": "Editorial",
            "editorial_subject": "Race and ethnicity",
            "rels": [
                "direct"
            ],
            "relevance": 75
        },
        {
            "scheme": "http://cv.ap.org/id/",
            "code": "026a1118e94443a2aacc08a2e70cc77b",
            "name": "Religion",
            "creator": "Editorial",
            "editorial_subject": "Religion",
            "rels": [
                "direct"
            ],
            "relevance": 75
        },
        {
            "scheme": "http://cv.ap.org/id/",
            "code": "a4677d70863b4012b846a1b00f5079f5",
            "name": "U.S. news",
            "creator": "Editorial",
            "editorial_subject": "U.S. news",
            "rels": [
                "direct"
            ],
            "relevance": 99
        },
        {
            "scheme": "http://cv.ap.org/id/",
            "code": "f25af2d07e4e100484f5df092526b43e",
            "name": "General news",
            "creator": "Editorial",
            "editorial_subject": "General news",
            "rels": [
                "direct"
            ],
            "relevance": 50
        }
    ],
    "organisation": [
        {
            "scheme": "http://cv.ap.org/id/",
            "code": "898f52e08921100480efba0a2b2ca13e",
            "name": "United States government",
            "creator": "Machine",
            "rels": [
                "direct"
            ],
            "relevance": 33
        },
        {
            "scheme": "http://cv.ap.org/id/",
            "code": "efa933c0892110048d92fb7860a2fc03",
            "name": "Supreme Court of the United States",
            "creator": "Machine",
            "rels": [
                "direct"
            ],
            "relevance": 48
        }
    ],
    "audiences": [
        {
            "code": "82c6a4c46fa0446090a7acaf93159e4c",
            "name": "Print",
            "type": "AUDPLATFORM"
        },
        {
            "code": "9add4649b53b4702ba7d9de5d4fa607a",
            "name": "Online",
            "type": "AUDPLATFORM"
        },
        {
            "code": "f43adc08760d10048040e6e7a0f4673e",
            "name": "National",
            "type": "AUDSCOPE"
        },
        {
            "code": "f4ecf9b0760d10048044e6e7a0f4673e",
            "name": "International",
            "type": "AUDSCOPE"
        },
        {
            "code": "661850e07d5b100481f5c076b8e3055c",
            "name": "Latin America and Caribbean",
            "type": "AUDGEOGRAPHY"
        },
        {
            "code": "661e48387d5b10048291c076b8e3055c",
            "name": "United States",
            "type": "AUDGEOGRAPHY"
        }
    ],
    "associations": {
        "1": {
            "altids": {
                "itemid": "3042070f0e614691ac021053616a7b4e"
            },
            "type": "picture"
        }
    },
    "body_nitf": "<p>WASHINGTON (AP) \u2014 More than a quarter of female Black voters describe <a href=\"https://apnews.com/hub/abortion\">abortion</a> as their top issue in this year's presidential election, <a href=\"https://www.kff.org/womens-health-policy/poll-finding/kff-health-tracking-poll-march-2024-abortion-in-the-2024-election-and-beyond\">a poll</a> out Thursday from health policy research firm KFF reveals.</p><p>The findings signal a significant shift from previous election years, when white, conservative evangelicals were more likely to peg abortion as their biggest priority when voting. Those voters were highly motivated in recent presidential elections to cast ballots for <a href=\"https://apnews.com/hub/donald-trump\">Donald Trump</a>, who promised to appoint U.S. Supreme Court judges who would take away the constitutional right to an abortion.</p><p>But just months ahead of the first presidential election since the court <a href=\"https://apnews.com/article/abortion-supreme-court-decision-854f60302f21c2c35129e58cf8d8a7b0\">overturned Roe v. Wade</a> in June 2022, that voting dynamic is drastically changing, KFF's poll suggests.</p><p>\u201cIt\u2019s a complete shift,\u201d said Ashley Kirzinger, a KFF pollster. \u201cAbortion voters are young, Black women \u2014 and not white evangelicals.\u201d</p><p>Overall, 12% of voters surveyed said abortion was the most important issue in this year's election.</p><p>Certain female voters, however, were more likely to identify the issue as top of mind. They include 28% of Black women, 19% of women living in states where abortion is banned, and 17% of women who are under age 50.</p><p>Of voters who said that abortion was their most important issue, two-thirds said they believe abortion should be legal in all or most cases.</p><p>For decades, white evangelicals eager to see abortion banned have turned out to vote on the issue, Kirzinger said. Trump, a Republican, has spent nearly a decade courting those voters with promises to support conservative judges and with a cohort of religious surrogates who warned evangelicals that his Democratic rivals would dramatically expand abortion access in the U.S. Trump received <a href=\"https://apnews.com/article/votecast-trump-wins-white-evangelicals-d0cb249ea7eae29187a21a702dc84706\">overwhelming support</a> from white evangelicals in the previous presidential elections.</p><p>But as states continue to clamp down on abortion access and Trump braces for a rematch against Democrat Joe Biden, the demographics of the abortion voter have shifted, Kirzinger said. Biden has vowed to <a href=\"https://apnews.com/article/supreme-court-abortion-ruling-reaction-699a24d04b6085bcfa80824f530782b0\">protect abortion access</a> since the court overturned the right.</p><p>\u201cAbortion \u2014 it\u2019s clearly resonating with this group,\" Kirzinger said. \u201cWhen we think about abortion access and who is disadvantaged, it\u2019s Black women.\u201d</p><p>Women \u2014 and Black women, in particular \u2014 were crucial to Biden's win over Trump in the 2020 presidential election. Last week, Biden's campaign announced that first lady Jill Biden would lead a nationwide effort to mobilize that voting bloc again.</p><p>More than half of <a href=\"https://www.pewresearch.org/social-trends/fact-sheet/facts-about-the-us-black-population/\">Black Americans</a> live in Southern states, most of which swiftly introduced strict abortion laws once the Supreme Court's ruling was announced. As of last year, <a href=\"Twenty-five million women of childbearing age now live in states where the law makes abortions harder to get than they were before the ruling.\">roughly 25 million women</a> were living in states that had enacted new restrictions following the court's decision, an Associated Press analysis found.</p><p>Nearly two-thirds of voters polled by KFF oppose a national abortion ban beginning at 16 weeks of pregnancy. Trump <a href=\"https://apnews.com/article/abortion-federal-ban-trump-2024-election-61c3edcd3780ce94be3bd8d65f100f23\">has not publicly backed such a ban</a>, but reports have circulated that he privately has told people he supports one.</p><p>___</p><p>Follow the AP's coverage of abortion at <a href=\"https://apnews.com/hub/abortion\">https://apnews.com/hub/abortion</a>.</p>",
    "textformat": "bx",
    "links": [
        {
            "href": "https://apnews.com/article/black-women-abortion-top-issue-election-voters-da88c34a9390732b89f25c9c11f262f0",
            "rel": "canonical"
        }
    ],
    "topics": {
        "Health": {
            "relevance_score": 3,
            "reason": "The document primarily focuses on the political implications of abortion as an issue in the 2024 election, particularly among Black women voters. While it does touch on health-related aspects such as abortion access and the impact of restrictive laws, the main emphasis is on the political and demographic shifts rather than health itself. Therefore, it is somewhat relevant to the topic of health but not highly focused on it."
        }
    }
}