﻿{
    "altids": {
        "itemid": "11020bcfa279ba68eb72f72c0c5a2eef",
        "etag": "11020bcfa279ba68eb72f72c0c5a2eef_4a7aza0c0",
        "friendlykey": "508363051013",
        "referenceid": "US--Golden Gate Bridge-Suicide Nets"
    },
    "version": 4,
    "type": "text",
    "urgency": 4,
    "profile": "Spot Development",
    "language": "en",
    "versioncreated": "2024-01-03T23:57:35Z",
    "firstcreated": "2024-01-03T21:18:40Z",
    "editorialrole": "FullStory",
    "pubstatus": "usable",
    "ednote": "Eds: UPDATES: Makes minor edit. With AP Photos.; AP Video.",
    "editorialtypes": [
        "Lead"
    ],
    "signals": [
        "newscontent"
    ],
    "title": "US--Golden Gate Bridge-Suicide Nets",
    "headline": "It took decades, but San Francisco finally installs nets to stop suicides off Golden Gate Bridge",
    "headline_extended": "Suicide-prevention barriers at San Francisco\u2019s Golden Gate Bridge have been completed more than a decade after officials greenlighted a project to install stainless-steel mesh nets on both sides of the 1.7-mile bridge",
    "slugline": "AP-US--Golden Gate Bridge-Suicide Nets, 4th Ld-Writethru",
    "description_summary": "Suicide-prevention barriers at San Francisco\u2019s Golden Gate Bridge have been completed more than a decade after officials greenlighted a project to install stainless-steel mesh nets on both sides of the 1.7-mile bridge. The iconic bridge with sweeping views of the Pacific Ocean and San Francisco Bay has long been a destination for people seeking to end their lives, with nearly 2,000 plunging to their deaths since it opened in 1937. City officials approved the project more than a decade ago, and in 2018 work began on the 20-foot-wide nets. But the efforts to complete them were repeatedly delayed.",
    "bylines": [
        {
            "by": "By OLGA R. RODRIGUEZ",
            "title": "Associated Press"
        }
    ],
    "located": "SAN FRANCISCO",
    "datelinelocation": {
        "city": "San Francisco",
        "countryareacode": "CA",
        "countryareaname": "California",
        "countrycode": "USA",
        "countryname": "United States",
        "geometry_geojson": {
            "type": "Point",
            "coordinates": [
                -122.41942,
                37.77493
            ]
        }
    },
    "copyrightnotice": "Copyright 2024 The Associated Press. All rights reserved. This material may not be published, broadcast, rewritten or redistributed without permission.",
    "usageterms": [
        "This content is intended for editorial use only. For other uses, additional clearances may be required."
    ],
    "keywords": [
        "Golden Gate Bridge suicide nets San Francisco"
    ],
    "provider": "AP",
    "infosource": [
        {
            "name": "AP",
            "type": "AP"
        }
    ],
    "subject": [
        {
            "rels": [
                "category"
            ],
            "creator": "Editorial",
            "code": "a",
            "name": "a"
        },
        {
            "rels": [
                "category"
            ],
            "creator": "Editorial",
            "code": "n",
            "name": "n"
        },
        {
            "scheme": "http://cv.ap.org/id/",
            "code": "c8e409f8858510048872ff2260dd383e",
            "name": "Business",
            "creator": "Machine",
            "rels": [
                "direct"
            ],
            "relevance": 48
        },
        {
            "scheme": "http://cv.ap.org/id/",
            "code": "9aafa5311b7f824b99b898446f635cac",
            "name": "Construction and engineering",
            "creator": "Machine",
            "rels": [
                "direct"
            ],
            "relevance": 48
        },
        {
            "scheme": "http://cv.ap.org/id/",
            "code": "d136a002b9e34c76b103e55426f3c4d5",
            "name": "Suicide",
            "creator": "Machine",
            "rels": [
                "direct"
            ],
            "relevance": 81
        },
        {
            "scheme": "http://cv.ap.org/id/",
            "code": "1b29d45f8e8e4c008e8a58fe6f92a753",
            "name": "Government programs",
            "creator": "Machine",
            "rels": [
                "direct"
            ],
            "relevance": 64
        },
        {
            "scheme": "http://cv.ap.org/id/",
            "code": "cc7a76087e4e10048482df092526b43e",
            "name": "Health",
            "creator": "Editorial",
            "editorial_subject": "Health",
            "rels": [
                "direct"
            ],
            "relevance": 75
        },
        {
            "scheme": "http://cv.ap.org/id/",
            "code": "a4677d70863b4012b846a1b00f5079f5",
            "name": "U.S. news",
            "creator": "Editorial",
            "editorial_subject": "U.S. news",
            "rels": [
                "direct"
            ],
            "relevance": 99
        },
        {
            "scheme": "http://cv.ap.org/id/",
            "code": "f25af2d07e4e100484f5df092526b43e",
            "name": "General news",
            "creator": "Editorial",
            "editorial_subject": "General news",
            "rels": [
                "direct"
            ],
            "relevance": 50
        }
    ],
    "place": [
        {
            "scheme": "http://cv.ap.org/id/",
            "code": "8531ce8082af10048285df092526b43e",
            "name": "San Francisco",
            "creator": "Machine",
            "rels": [
                "direct"
            ],
            "parentids": [
                "789fdd8882af10048263df092526b43e"
            ],
            "locationtype": {
                "code": "9d26a20b35f0484a891740f8189d4c7b",
                "name": "City"
            },
            "geometry_geojson": {
                "type": "Point",
                "coordinates": [
                    -122.41942,
                    37.77493
                ]
            },
            "relevance": 66,
            "parentnames": [
                "California"
            ]
        }
    ],
    "audiences": [
        {
            "code": "82c6a4c46fa0446090a7acaf93159e4c",
            "name": "Print",
            "type": "AUDPLATFORM"
        },
        {
            "code": "9add4649b53b4702ba7d9de5d4fa607a",
            "name": "Online",
            "type": "AUDPLATFORM"
        },
        {
            "code": "f43adc08760d10048040e6e7a0f4673e",
            "name": "National",
            "type": "AUDSCOPE"
        },
        {
            "code": "f4ecf9b0760d10048044e6e7a0f4673e",
            "name": "International",
            "type": "AUDSCOPE"
        },
        {
            "code": "f5b16ea8760d10048047e6e7a0f4673e",
            "name": "State",
            "type": "AUDSCOPE"
        },
        {
            "code": "661850e07d5b100481f5c076b8e3055c",
            "name": "Latin America and Caribbean",
            "type": "AUDGEOGRAPHY"
        },
        {
            "code": "789fdd8882af10048263df092526b43e",
            "name": "California",
            "type": "AUDGEOGRAPHY"
        },
        {
            "code": "661e48387d5b10048291c076b8e3055c",
            "name": "United States",
            "type": "AUDGEOGRAPHY"
        }
    ],
    "associations": {
        "1": {
            "altids": {
                "itemid": "b1fff25fd6974a04bb269d9a9e08e594"
            },
            "type": "picture"
        },
        "2": {
            "altids": {
                "itemid": "71f8d44477e74d738c8e1b42ccb53787"
            },
            "type": "picture"
        },
        "3": {
            "altids": {
                "itemid": "b62d9d33134949d0815c5e4a6ff7784e"
            },
            "type": "picture"
        },
        "4": {
            "altids": {
                "itemid": "45f7286fda044e33a85dcd90d27edf93"
            },
            "type": "picture"
        },
        "5": {
            "altids": {
                "itemid": "01fb99ea8d574843b3b0f34d2b12d651"
            },
            "type": "picture"
        },
        "6": {
            "altids": {
                "itemid": "3e40153e35914acbb5dc536cdef8960b"
            },
            "type": "picture"
        },
        "7": {
            "altids": {
                "itemid": "482cacfa511249d2b6012d6fca57ecff"
            },
            "type": "picture"
        },
        "8": {
            "altids": {
                "itemid": "bd06ac7cfaba412c9684255cdee867ce"
            },
            "type": "picture"
        },
        "9": {
            "altids": {
                "itemid": "cdfd6af0581d4496a221e68c1cc3cf8b"
            },
            "type": "picture"
        },
        "10": {
            "altids": {
                "itemid": "661d5f76bed84f32baa33a9cac132634"
            },
            "type": "picture"
        },
        "11": {
            "altids": {
                "itemid": "5f18aa5b950b4a1a82a252dfff5684cf"
            },
            "type": "video"
        },
        "12": {
            "altids": {
                "itemid": "07a9a719be9941d9896961baedb03ec9"
            },
            "type": "audio"
        },
        "13": {
            "altids": {
                "itemid": "67ae0a48d5d54f4995b6d7dfc4b8f6a7"
            },
            "type": "audio"
        }
    },
    "body_nitf": "<p>SAN FRANCISCO (AP) \u2014 Kevin Hines regretted jumping off San Francisco\u2019s Golden Gate Bridge the moment his hands released the rail and he plunged the equivalent of 25 stories into the Pacific Ocean, breaking his back.</p><p>Hines miraculously survived his suicide attempt at age 19 in September 2000 as he struggled with bipolar disorder, one of about 40 people who survived after jumping off the bridge.</p><p>Hines, his father, and a group of parents who lost their children to suicide at the bridge relentlessly advocated for a solution for two decades, meeting resistance from people who did not want to alter the iconic landmark with its sweeping views of the Pacific Ocean and San Francisco Bay.</p><p>On Wednesday, they finally got their wish when officials announced that crews have installed stainless-steel nets on both sides of the 1.7-mile (2.7-kilometer) bridge.</p><p>\u201cHad the net been there, I would have been stopped by the police and gotten the help I needed immediately and never broken my back, never shattered three vertebrae, and never been on this path I was on,\u201d said Hines, now a suicide prevention advocate. \u201cI\u2019m so grateful that a small group of like-minded people never gave up on something so important.\u201d</p><p>Nearly 2,000 people have plunged to their deaths since the bridge opened in 1937.</p><p>City officials approved the project more than a decade ago, and in 2018 work began on the 20-foot-wide (6-meter-wide) stainless steel mesh nets. But the efforts to complete them were repeatedly delayed until now.</p><p>The nets \u2014 placed 20 feet (6 meters) down from the bridge\u2019s deck \u2014 are not visible from cars crossing the bridge. But pedestrians standing by the rails can see them. They were built with marine-grade stainless steel that can withstand the harsh environment that includes salt water, fog and strong winds that often envelop the striking orange structure at the mouth of the San Francisco Bay.</p><p>\u201cWe have a continuous physical suicide barrier installed the full length of the 1.7-mile bridge on the east and the west side. The bridge is sealed up,\u201d said Dennis Mulligan, general manager of the Golden Gate Bridge, Highway and Transportation District.</p><p>The barriers are already working as intended, he added.</p><p>As the project neared completion in 2023, the number of people who jumped fell from an annual average of 30 to 14, with the deaths in the spots where crews had not finished installing the barriers yet, he said.</p><p>Some people still jumped into the net, and crews then helped them out of there. A handful of them jumped into the ocean from the net and died, he added.</p><p>The nets are meant to deter a person from jumping and curb the death rate of those who still do, though they will likely be badly injured.</p><p>\u201cIt's stainless-steel wire rope netting, so it\u2019s like jumping into a cheese grater,\u201d Mulligan said. \u201cIt\u2019s not soft. It\u2019s not rubber. It doesn\u2019t stretch.\u201d</p><p>\u201cWe want folks to know that if you come here, it will hurt if you jump,\u201d he added.</p><p>Firefighters in both San Francisco and Marin counties are being trained to climb down and rescue anyone who jumps into the nets. For now, ironworkers who maintain the bridge and are trained in rescue techniques perform many of the rescues. On the deck, members of a bridge patrol work to spot people considering suicide and prevent them from jumping. Last year, they dissuaded 149 people from jumping, Mulligan said.</p><p>Bridge officials were first asked to do something about the suicides shortly after the bridge opened eight decades ago. But it was a small group of parents, including Hines' father, Patrick, who formed the Bridge Rail Foundation in 2006 and got the job done.</p><p>The name stems from the group's demand that the 4-foot-high (1-meer) railing along the bridge be raised. Its members often showed up at bridge meetings clutching large photos of their loved ones.</p><p>But a public comment campaign showed most people didn't want to raise the railing because it would block the sweeping views from the bridge.</p><p>An architectural firm recommended the nets based on the success a similar net had in preventing suicides in Bern, Switzerland, where officials installed one at a popular terrace overlooking a river, said Paul Muller, president of the Bridge Rail Foundation.</p><p>In 2008, bridge officials began exploring the idea of installing nets and after settling on a design, officials had to come up with the money to build them. In 2014, Golden Gate Bridge, Highway and Transportation District officials approved the project for $76 million.</p><p>Construction costs have risen to $224 million, Mulligan said. <a href=\"https://apnews.com/article/health-san-francisco-business-suicide-prevention-state-courts-4b994c2b0162fae76a504417b437aab8\">In a lawsuit filed against the district that year</a>, Shimmick Construction Co. and Danny\u2019s Construction Co., the lead contractors on the project, said the nets and other work on the bridge as part of the project would cost about $400 million.</p><p>Changes and flaws in the government\u2019s design of the nets and deterioration of the bridge\u2019s maintenance platforms raised the construction price, the companies said. The contractors say they have lost approximately $100 million on the project and spent another $100 million to pay expenses and laborers to ensure the project\u2019s completion.</p><p>\u201cAt no point did we let the litigation, or the fact that we haven\u2019t been paid everything we are owed, get in the way of the work,\u201d Steve Richards, CEO of Shimmick, said in a statement.</p><p>\u201cOur dispute is with the District,\u201d he added. \u201cThe people of California should not be deprived of the safety netting because of the District\u2019s behavior.\u201d</p><p>A hearing on the dispute is scheduled for June. Mulligan said the bridge district filed a countersuit in October.</p><p>Critics of the project say a lot of money is being spent on the nets to deter people who are determined to end their lives and who will simply find another method to do it.</p><p>But supporters of the nets, including the Bridge Rail Foundation, point to studies by Harvard University and the University of California, Berkeley that show that most survivors will not try to kill themselves again. They say stopping easy access to lethal means is crucial to preventing suicides.</p><p>Dayna Whitmer, whose son, Matthew, jumped to his death from the Golden Gate Bridge in 2007, said she believes her son, whose body was never recovered, would have been deterred by the nets.</p><p>\u201cA lot of people, when they\u2019re that focused on a method, they don\u2019t see anything else around them,\u201d she said. \u201cAnd if they get to that point where they can\u2019t do it, they kind of just throw their hands up and sort of walk away. And I\u2019m thinking that\u2019s something he would have done.\u201d</p><p>___</p><p>Associated Press reporter Haven Daley contributed to this story.</p><p>___</p><p>This story includes discussion of suicide. If you or someone you know needs help, please call the National Suicide Prevention Lifeline at 988.</p>",
    "textformat": "bx",
    "links": [
        {
            "href": "https://apnews.com/article/golden-gate-bridge-suicide-nets-san-francisco-11020bcfa279ba68eb72f72c0c5a2eef",
            "rel": "canonical"
        }
    ],
    "topics": {
        "Health": {
            "relevance_score": 5,
            "reason": "The document discusses the installation of suicide prevention nets on the Golden Gate Bridge, which is directly related to mental health and suicide prevention. It includes details about the advocacy efforts, the impact of the nets on reducing suicide attempts, and the broader implications for public health. Given that the topic is 'Health,' the document is highly relevant as it addresses a significant public health issue and the measures taken to mitigate it."
        }
    }
}