﻿{
    "altids": {
        "itemid": "a5c550eaa82d22b91805f5e29da047c6",
        "etag": "a5c550eaa82d22b91805f5e29da047c6_3a10aza0c0",
        "friendlykey": "114844991889",
        "referenceid": "EU--Britain-Doctors Strike"
    },
    "version": 3,
    "type": "text",
    "urgency": 4,
    "profile": "Spot Development",
    "language": "en",
    "versioncreated": "2024-01-03T16:13:33Z",
    "firstcreated": "2024-01-03T09:11:06Z",
    "editorialrole": "FullStory",
    "pubstatus": "usable",
    "ednote": "Eds: UPDATES: Adds background on strikes and claims of excess deaths. Links audio. With AP Photos.",
    "editorialtypes": [
        "Lead"
    ],
    "signals": [
        "newscontent"
    ],
    "title": "EU--Britain-Doctors Strike",
    "headline": "Thousands of doctors in Britain walk off the job in their longest-ever strike",
    "headline_extended": "Thousands of doctors have walked off their jobs in Britain at the start of a six-day strike that's set to be the longest in the history of the state-funded National Health Service",
    "slugline": "BC-EU--Britain-Doctors Strike, 3rd Ld-Writethru",
    "description_summary": "Thousands of doctors have walked off their jobs in Britain at the start of a six-day strike that's set to be the longest in the history of the state-funded National Health Service. Managers say tens of thousands scheduled appointments and operations will be postponed during the walkout by junior doctors. The doctors form the backbone of hospital and clinic care. They plan to stay off the job until Tuesday morning. Senior doctors and other medics have been drafted to cover for emergencies, critical care and maternity services. Britain has endured a year of rolling strikes across the health sector over the soaring cost of living.",
    "bylines": [
        {
            "by": "By JILL LAWLESS",
            "title": "Associated Press"
        }
    ],
    "located": "LONDON",
    "datelinelocation": {
        "city": "London",
        "countrycode": "GBR",
        "countryname": "United Kingdom",
        "geometry_geojson": {
            "type": "Point",
            "coordinates": [
                -0.12574,
                51.50853
            ]
        }
    },
    "copyrightnotice": "Copyright 2024 The Associated Press. All rights reserved. This material may not be published, broadcast, rewritten or redistributed without permission.",
    "usageterms": [
        "This content is intended for editorial use only. For other uses, additional clearances may be required."
    ],
    "keywords": [
        "uk doctors strike disruption NHS"
    ],
    "provider": "AP",
    "infosource": [
        {
            "name": "AP",
            "type": "AP"
        }
    ],
    "subject": [
        {
            "rels": [
                "category"
            ],
            "creator": "Editorial",
            "code": "f",
            "name": "f"
        },
        {
            "rels": [
                "category"
            ],
            "creator": "Editorial",
            "code": "i",
            "name": "i"
        },
        {
            "scheme": "http://cv.ap.org/id/",
            "code": "c8e409f8858510048872ff2260dd383e",
            "name": "Business",
            "creator": "Machine",
            "rels": [
                "direct"
            ],
            "relevance": 97
        },
        {
            "scheme": "http://cv.ap.org/id/",
            "code": "6cd98adfc84d405eadec8ca81bd37df4",
            "name": "Access to health care",
            "creator": "Machine",
            "rels": [
                "direct"
            ],
            "relevance": 72
        },
        {
            "scheme": "http://cv.ap.org/id/",
            "code": "5f7806eec29a4884b038a26d799e9326",
            "name": "Strikes",
            "creator": "Machine",
            "rels": [
                "direct"
            ],
            "relevance": 72
        },
        {
            "scheme": "http://cv.ap.org/id/",
            "code": "cc7a76087e4e10048482df092526b43e",
            "name": "Health",
            "creator": "Machine",
            "rels": [
                "direct"
            ],
            "relevance": 97
        },
        {
            "scheme": "http://cv.ap.org/id/",
            "code": "e00eb978850a1004895591f43387513e",
            "name": "Jobs and careers",
            "creator": "Machine",
            "rels": [
                "direct"
            ],
            "relevance": 52
        },
        {
            "scheme": "http://cv.ap.org/id/",
            "code": "cc7a76087e4e10048482df092526b43e",
            "name": "Health",
            "creator": "Editorial",
            "editorial_subject": "Health",
            "rels": [
                "direct"
            ],
            "relevance": 75
        },
        {
            "scheme": "http://cv.ap.org/id/",
            "code": "c8e409f8858510048872ff2260dd383e",
            "name": "Business",
            "creator": "Editorial",
            "editorial_subject": "Business",
            "rels": [
                "direct"
            ],
            "relevance": 75
        },
        {
            "scheme": "http://cv.ap.org/id/",
            "code": "bb2d2c5f441a452cb24bb511a2ab5eea",
            "name": "World news",
            "creator": "Editorial",
            "editorial_subject": "World news",
            "rels": [
                "direct"
            ],
            "relevance": 99
        },
        {
            "scheme": "http://cv.ap.org/id/",
            "code": "f25af2d07e4e100484f5df092526b43e",
            "name": "General news",
            "creator": "Editorial",
            "editorial_subject": "General news",
            "rels": [
                "direct"
            ],
            "relevance": 50
        }
    ],
    "place": [
        {
            "scheme": "http://cv.ap.org/id/",
            "code": "66219fb07d5b100482e2c076b8e3055c",
            "name": "United Kingdom",
            "creator": "Machine",
            "rels": [
                "direct"
            ],
            "parentids": [
                "661850e07d5b100481f4c076b8e3055c"
            ],
            "locationtype": {
                "code": "01f56e0e654841eca2e69bf2cbcc0526",
                "name": "Nation"
            },
            "geometry_geojson": {
                "type": "Point",
                "coordinates": [
                    -4,
                    54
                ]
            },
            "relevance": 54,
            "parentnames": [
                "Europe"
            ]
        }
    ],
    "audiences": [
        {
            "code": "82c6a4c46fa0446090a7acaf93159e4c",
            "name": "Print",
            "type": "AUDPLATFORM"
        },
        {
            "code": "9add4649b53b4702ba7d9de5d4fa607a",
            "name": "Online",
            "type": "AUDPLATFORM"
        },
        {
            "code": "f43adc08760d10048040e6e7a0f4673e",
            "name": "National",
            "type": "AUDSCOPE"
        },
        {
            "code": "f4ecf9b0760d10048044e6e7a0f4673e",
            "name": "International",
            "type": "AUDSCOPE"
        },
        {
            "code": "661850e07d5b100481f4c076b8e3055c",
            "name": "Europe",
            "type": "AUDGEOGRAPHY"
        },
        {
            "code": "661e48387d5b10048291c076b8e3055c",
            "name": "United States",
            "type": "AUDGEOGRAPHY"
        }
    ],
    "associations": {
        "1": {
            "altids": {
                "itemid": "b8df2221607f4cd9a264e1f67b0cf0de"
            },
            "type": "picture"
        },
        "2": {
            "altids": {
                "itemid": "e9a306786f224e2eb3cf61a9b24b74fe"
            },
            "type": "picture"
        },
        "3": {
            "altids": {
                "itemid": "c76622f6b1e9408b9025b3ad2afb549f"
            },
            "type": "picture"
        },
        "4": {
            "altids": {
                "itemid": "eec4e4a7e0204ec09d26998dec73cf87"
            },
            "type": "audio"
        },
        "5": {
            "altids": {
                "itemid": "fac45ed2c5fe460ca21889720d7bac9c"
            },
            "type": "audio"
        }
    },
    "body_nitf": "<p>LONDON (AP) \u2014 Patients faced canceled treatments after thousands of British doctors walked off the job on Wednesday, the start of a six-day strike over pay that was set to be the longest in the history of the state-funded <a href=\"https://apnews.com/article/uk-national-health-service-nhs-anniversary-9bd203359632d8945c1cbae9031c1615\">National Health Service.</a></p><p>Managers said tens of thousands of appointments and operations will be postponed because of the walkout across England by junior doctors, those in the first years of their careers. The doctors, who form the backbone of hospital and clinic care, plan to stay off the job until 7 a.m. on Tuesday.</p><p>Senior doctors and other medics have been drafted to cover for emergency services, critical care and maternity services.</p><p>Julian Hartley, chief executive of heath care managers' organization NHS Providers, said the strike came at one of the toughest times of the year for the health service, \u201cimmediately after the Christmas and New Year period because of the pressures the demands, and of course we\u2019ve got flu, we\u2019ve got COVID.</p><p>\u201cSo there\u2019s going to be an impact on patients that will be significant,\u201d he said.</p><p>Britain has endured a year of <a href=\"https://apnews.com/article/britain-doctors-strike-pay-dbf17778e72d4698d0ab0b213eee3643\">rolling strikes across the health sector</a> as staff sought pay rises to offset the soaring cost of living. Unions say wages, especially in the public sector, have fallen in real terms over the past decade, and double-digit inflation in late 2022 and early 2023, fueled by sharply rising food and energy prices, left many workers struggling to pay bills.</p><p>The union says newly qualified doctors earn 15.53 pounds ($19.37) an hour \u2014 the U.K. minimum wage is just over 10 pounds an hour \u2014 though salaries rise rapidly after the first year.</p><p>On a picket line outside St. Thomas\u2019 Hospital in central London, 28-year-old Dr. Georgia Blackwell said stress and low pay were driving many doctors to take jobs overseas.</p><p>\u201cA lot of doctors are moving to Australia \u2014 not just because of the pay, but also the work-life balance is better,\u201d she said.</p><p><a href=\"https://apnews.com/article/uk-senior-doctors-strike-210ccbe7a86f82c5ceee04563c9488ae\">The walkouts</a> have strained the already stretched health service still struggling to recover from backlogs created by the coronavirus pandemic.</p><p>Health Secretary Victoria Atkins said the strikes were having \u201ca serious impact on patients,\u201d with more than 1.2 million appointments rescheduled in the months since the wave of industrial action began.</p><p>The impact is difficult to quantify. Some claim that delays in testing and treatment due to the strikes may lie behind an increase in excess deaths in the U.K., which were at their highest in 2023 since the pandemic year of 2020.</p><p>There is little firm evidence of a link, however, with factors including COVID-19 and an aging population contributing to an increase in deaths in the U.K. and other countries.</p><p>Nurses, ambulance crews and senior doctors have reached pay deals with the government, but the union representing junior doctors has held out, and negotiations broke down late last year. The government says it won\u2019t hold further talks unless doctors call off the strike, while the medics' union, the British Medical Association, says it won\u2019t negotiate unless it receives a \u201ccredible\u201d pay offer.</p><p>The government gave the doctors an 8.8% pay raise last year, but the union says it is not enough because junior doctors\u2019 pay has been cut by more than a quarter since 2008.</p><p>\u201cThe notion that we\u2019re hellbent on calling strikes and all we want to do is call strikes is not what we want,\u201d said Dr. Vivek Trivedi, co-chair of the British Medical Association\u2019s Junior Doctors Committee. \u201cWhat we want is to negotiate an offer we can put to our members and for our members to accept it.\u201d</p>",
    "textformat": "bx",
    "links": [
        {
            "href": "https://apnews.com/article/uk-doctors-strike-disruption-nhs-a5c550eaa82d22b91805f5e29da047c6",
            "rel": "canonical"
        }
    ],
    "topics": {
        "Health": {
            "relevance_score": 5,
            "reason": "The document is highly relevant to the topic of Health. It discusses a significant event involving thousands of British doctors going on strike, which directly impacts the healthcare system, patient care, and the National Health Service (NHS). The article covers various aspects of the strike, including its duration, reasons behind it, the impact on patients, and the broader context of pay disputes in the health sector. All these points are directly related to the topic of Health."
        }
    }
}