﻿{
    "altids": {
        "itemid": "5c060634a19b8bf272d0f304e9e0f42d",
        "etag": "5c060634a19b8bf272d0f304e9e0f42d_3a8aza0c0",
        "friendlykey": "768845815664",
        "referenceid": "EU--Britain-Measles"
    },
    "version": 3,
    "type": "text",
    "urgency": 4,
    "profile": "Spot Development",
    "language": "en",
    "versioncreated": "2024-03-27T14:21:49Z",
    "firstcreated": "2024-01-22T13:46:10Z",
    "editorialrole": "FullStory",
    "pubstatus": "usable",
    "ednote": "Eds: CORRECTS: This story was first published on January 22, 2024. It was updated on March 27, 2024, because the National Health Service in England has since amended the data on 3.4 million unprotected children to state that the figure includes children who are unprotected or not fully protected from the disease because they only received one of two vaccine doses.",
    "editorialtypes": [
        "Lead"
    ],
    "signals": [
        "newscontent"
    ],
    "title": "EU--Britain-Measles",
    "headline": "Millions in the UK are being urged to get vaccinations during a surge in measles cases",
    "headline_extended": "U.K. health officials are urging millions of parents to book their children for missed measles, mumps and rubella shots during a sharp increase in the number of measles cases and the lowest vaccination rates in a decade",
    "slugline": "AP-EU--Britain-Measles, 3rd Ld-Writethru",
    "description_summary": "U.K. health officials are urging millions of parents to book their children for missed measles, mumps and rubella shots during a sharp increase in the number of measles cases and the lowest vaccination rates in a decade. The National Health Service is launching a publicity campaign Monday after figures showed there were about 250 confirmed measles cases in parts of England last year. Most cases were in children under 10 years old. The combined measles, mumps and rubella, or MMR, vaccine is offered in the U.K. in two doses to all children. But a U.K. health official said vaccination rates have dropped to about 85% nationally, and far lower in parts of London.",
    "bylines": [
        {
            "by": "By SYLVIA HUI",
            "title": "Associated Press"
        }
    ],
    "located": "LONDON",
    "datelinelocation": {
        "city": "London",
        "countrycode": "GBR",
        "countryname": "United Kingdom",
        "geometry_geojson": {
            "type": "Point",
            "coordinates": [
                -0.12574,
                51.50853
            ]
        }
    },
    "copyrightnotice": "Copyright 2024 The Associated Press. All rights reserved. This material may not be published, broadcast, rewritten or redistributed without permission.",
    "usageterms": [
        "This content is intended for editorial use only. For other uses, additional clearances may be required."
    ],
    "keywords": [
        "uk measles outbreak mmr vaccination rates"
    ],
    "provider": "AP",
    "infosource": [
        {
            "name": "AP",
            "type": "AP"
        }
    ],
    "subject": [
        {
            "rels": [
                "category"
            ],
            "creator": "Editorial",
            "code": "i",
            "name": "i"
        },
        {
            "scheme": "http://cv.ap.org/id/",
            "code": "e237be707de410048fffdf092526b43e",
            "name": "Medication",
            "creator": "Machine",
            "rels": [
                "direct"
            ],
            "relevance": 56
        },
        {
            "scheme": "http://cv.ap.org/id/",
            "code": "e24649187de410048062df092526b43e",
            "name": "Mumps",
            "creator": "Machine",
            "rels": [
                "direct"
            ],
            "relevance": 38
        },
        {
            "scheme": "http://cv.ap.org/id/",
            "code": "4f95136e072e41c6a81e8fa820e26e9c",
            "name": "Children",
            "creator": "Machine",
            "rels": [
                "direct"
            ],
            "relevance": 64
        },
        {
            "scheme": "http://cv.ap.org/id/",
            "code": "49ff30f87f0010048247f571351eed07",
            "name": "Rubella",
            "creator": "Machine",
            "rels": [
                "direct"
            ],
            "relevance": 38
        },
        {
            "scheme": "http://cv.ap.org/id/",
            "code": "e2460e807de410048061df092526b43e",
            "name": "Measles",
            "creator": "Machine",
            "rels": [
                "direct"
            ],
            "relevance": 90
        },
        {
            "scheme": "http://cv.ap.org/id/",
            "code": "cc7a76087e4e10048482df092526b43e",
            "name": "Health",
            "creator": "Machine",
            "rels": [
                "direct"
            ],
            "relevance": 98
        },
        {
            "scheme": "http://cv.ap.org/id/",
            "code": "ace74e307f00100486cedf092526b43e",
            "name": "Immunizations",
            "creator": "Machine",
            "rels": [
                "direct"
            ],
            "relevance": 83
        },
        {
            "scheme": "http://cv.ap.org/id/",
            "code": "cc7a76087e4e10048482df092526b43e",
            "name": "Health",
            "creator": "Editorial",
            "editorial_subject": "Health",
            "rels": [
                "direct"
            ],
            "relevance": 75
        },
        {
            "scheme": "http://cv.ap.org/id/",
            "code": "bb2d2c5f441a452cb24bb511a2ab5eea",
            "name": "World news",
            "creator": "Editorial",
            "editorial_subject": "World news",
            "rels": [
                "direct"
            ],
            "relevance": 99
        },
        {
            "scheme": "http://cv.ap.org/id/",
            "code": "f25af2d07e4e100484f5df092526b43e",
            "name": "General news",
            "creator": "Editorial",
            "editorial_subject": "General news",
            "rels": [
                "direct"
            ],
            "relevance": 50
        }
    ],
    "place": [
        {
            "scheme": "http://cv.ap.org/id/",
            "code": "66219fb07d5b100482e2c076b8e3055c",
            "name": "United Kingdom",
            "creator": "Machine",
            "rels": [
                "direct"
            ],
            "parentids": [
                "661850e07d5b100481f4c076b8e3055c"
            ],
            "locationtype": {
                "code": "01f56e0e654841eca2e69bf2cbcc0526",
                "name": "Nation"
            },
            "geometry_geojson": {
                "type": "Point",
                "coordinates": [
                    -4,
                    54
                ]
            },
            "relevance": 98,
            "parentnames": [
                "Europe"
            ]
        }
    ],
    "audiences": [
        {
            "code": "82c6a4c46fa0446090a7acaf93159e4c",
            "name": "Print",
            "type": "AUDPLATFORM"
        },
        {
            "code": "9add4649b53b4702ba7d9de5d4fa607a",
            "name": "Online",
            "type": "AUDPLATFORM"
        },
        {
            "code": "f43adc08760d10048040e6e7a0f4673e",
            "name": "National",
            "type": "AUDSCOPE"
        },
        {
            "code": "f4ecf9b0760d10048044e6e7a0f4673e",
            "name": "International",
            "type": "AUDSCOPE"
        },
        {
            "code": "661850e07d5b100481f4c076b8e3055c",
            "name": "Europe",
            "type": "AUDGEOGRAPHY"
        },
        {
            "code": "661e48387d5b10048291c076b8e3055c",
            "name": "United States",
            "type": "AUDGEOGRAPHY"
        }
    ],
    "body_nitf": "<p>LONDON (AP) \u2014 U.K. health officials on Monday urged millions of parents to book their children for missed measles, mumps and rubella shots during a sharp increase in the number of measles cases and the lowest vaccination rates in a decade.</p><p>The National Health Service is launching a publicity campaign after figures showed there were about 250 confirmed measles cases in parts of England last year. Most cases were in children under 10 years old.</p><p>The combined measles, mumps and rubella, or MMR, vaccine is offered in the U.K. in two doses to all children, first at 12 months and then again at 3 years. Vaccination rates have dropped to about 85% nationally, and far lower in parts of London, according to U.K. Health Security Agency chief executive Jenny Harries.</p><p>That is \u201ctoo low to maintain safe population coverage \u2014 we want that at about 95%\" as advised by the World Health Organization, she said.</p><p>Public health officials say more than 3.4 million children under 16 years old are unprotected or not fully protected and at risk of catching the preventable diseases because they only received one of two vaccine doses.</p><p>Measles was declared eliminated in the U.K. in 2017, meaning the disease was no longer native to the country.</p><p>But transmissions began again when epidemics broke out in the rest of Europe. Officials said outbreaks can take place anywhere where vaccine coverage is below the 95% needed to achieve herd immunity.</p><p>WHO and the U.S. Centers for Disease Control and Prevention said in November that <a href=\"https://apnews.com/article/measles-epidemic-children-who-cdc-bb62da765a90bfb7c5c814ef0c2798e6\">measles deaths globally</a> spiked by more than 40% last year, and cases rose after vaccination levels dramatically dropped during the COVID-19 pandemic.</p><p>Measles is among the most infectious diseases known and spreads in the air when an infected person coughs or sneezes. It's most common in children under 5. Symptoms include fever, cough, runny nose and a distinctive rash.</p><p>Infection can lead to permanent physical damage such as deafness. Most deaths are due to complications like encephalitis, severe dehydration, serious breathing problems and pneumonia.</p><p>Harries said there was \u201cclearly misinformation\u201d about vaccines and urged people to consult trusted sources.</p><p>Officials said intense media coverage in the late 1990s about the now discredited claim linking the MMR vaccine to autism led to a drop in vaccinations and took many years to recover from.</p><p>More recently, declines in vaccination uptake were exacerbated partly by the pandemic and anti-vaccine sentiment, said Helen Bedford, a professor of children's health at University College London.</p><p>\u201cThe pandemic, with new vaccines introduced and vaccination constantly discussed, may have resulted in the public having more questions about vaccination: its safety, effectiveness and, for a disease like measles which had become rare in the U.K., its necessity,\u201d she said. \u201cAsking questions about vaccination is to be encouraged, but we need trained staff to do this.\u201d</p>",
    "textformat": "bx",
    "links": [
        {
            "href": "https://apnews.com/article/uk-measles-outbreak-mmr-vaccination-rates-5c060634a19b8bf272d0f304e9e0f42d",
            "rel": "canonical"
        }
    ],
    "topics": {
        "Health": {
            "relevance_score": 5,
            "reason": "The document is highly relevant to the topic of Health. It discusses a public health issue, specifically the surge in measles cases in the UK, and the importance of vaccinations. The document provides detailed information on vaccination rates, the impact of misinformation, and the efforts by health officials to address the issue. It also touches on the broader implications of vaccination rates on public health and herd immunity."
        }
    }
}