﻿{
    "altids": {
        "itemid": "5ed81979363470028053423c0a2fa263",
        "etag": "5ed81979363470028053423c0a2fa263_0a26aza0c0",
        "friendlykey": "643622529487",
        "referenceid": "US--Transgender Health Policy-Explainer"
    },
    "version": 0,
    "type": "text",
    "urgency": 4,
    "profile": "Spot Development",
    "language": "en",
    "versioncreated": "2024-03-20T04:25:23Z",
    "firstcreated": "2024-03-20T04:25:22Z",
    "editorialrole": "FullStory",
    "pubstatus": "usable",
    "ednote": "Eds: UPDATES: Updates Media.",
    "signals": [
        "newscontent"
    ],
    "title": "US--Transgender Health Policy-Explainer",
    "headline": "England is limiting gender transitions for youths. US legislators are watching",
    "headline_extended": "Legislators in at least two U.S. states are citing a recent decision by England's public health service to restrict puberty blockers for transgender youths as support for their own related proposals",
    "slugline": "AP-US--Transgender Health Policy-Explainer",
    "description_summary": "Legislators in at least two U.S. states are citing a recent decision by England's public health service to restrict puberty blockers for transgender youths as support for their own related proposals. They weren\u2019t the first to turn to Europe for policy and research to support their call for such restrictions. Lawmakers across the U.S. have routinely cited non-U.S. research or policies as justification for their legislation. At least 23 states now have tightened or removed access to transgender health care for minors. Yet leading health groups in the United States continue to decisively endorse gender-affirming care for both transgender youths and adults.",
    "bylines": [
        {
            "by": "By JEFF McMILLAN",
            "title": "Associated Press"
        }
    ],
    "copyrightnotice": "Copyright 2024 The Associated Press. All rights reserved. This material may not be published, broadcast, rewritten or redistributed without permission.",
    "usageterms": [
        "This content is intended for editorial use only. For other uses, additional clearances may be required."
    ],
    "keywords": [
        "transgender puberty blockers england uk"
    ],
    "provider": "AP",
    "infosource": [
        {
            "name": "AP",
            "type": "AP"
        }
    ],
    "subject": [
        {
            "rels": [
                "category"
            ],
            "creator": "Editorial",
            "code": "a",
            "name": "a"
        },
        {
            "rels": [
                "category"
            ],
            "creator": "Editorial",
            "code": "p",
            "name": "p"
        },
        {
            "rels": [
                "category"
            ],
            "creator": "Editorial",
            "code": "n",
            "name": "n"
        },
        {
            "scheme": "http://cv.ap.org/id/",
            "code": "4f95136e072e41c6a81e8fa820e26e9c",
            "name": "Children",
            "creator": "Machine",
            "rels": [
                "direct"
            ],
            "relevance": 33
        },
        {
            "scheme": "http://cv.ap.org/id/",
            "code": "86ab8cb87dac100488ecba7fa5283c3e",
            "name": "Government policy",
            "creator": "Machine",
            "rels": [
                "direct"
            ],
            "relevance": 42
        },
        {
            "scheme": "http://cv.ap.org/id/",
            "code": "86aad5207dac100488ecba7fa5283c3e",
            "name": "Politics",
            "creator": "Machine",
            "rels": [
                "direct"
            ],
            "relevance": 55
        },
        {
            "scheme": "http://cv.ap.org/id/",
            "code": "570831e088701004882deb2e0e616f0b",
            "name": "Gender",
            "creator": "Machine",
            "rels": [
                "direct"
            ],
            "relevance": 94
        },
        {
            "scheme": "http://cv.ap.org/id/",
            "code": "a4677d70863b4012b846a1b00f5079f5",
            "name": "U.S. news",
            "creator": "Editorial",
            "editorial_subject": "U.S. news",
            "rels": [
                "direct"
            ],
            "relevance": 75
        },
        {
            "scheme": "http://cv.ap.org/id/",
            "code": "f25af2d07e4e100484f5df092526b43e",
            "name": "General news",
            "creator": "Editorial",
            "editorial_subject": "General news",
            "rels": [
                "direct"
            ],
            "relevance": 50
        },
        {
            "scheme": "http://cv.ap.org/id/",
            "code": "86aad5207dac100488ecba7fa5283c3e",
            "name": "Politics",
            "creator": "Editorial",
            "editorial_subject": "Politics",
            "rels": [
                "direct"
            ],
            "relevance": 75
        },
        {
            "scheme": "http://cv.ap.org/id/",
            "code": "bb2d2c5f441a452cb24bb511a2ab5eea",
            "name": "World news",
            "creator": "Editorial",
            "editorial_subject": "World news",
            "rels": [
                "direct"
            ],
            "relevance": 75
        },
        {
            "scheme": "http://cv.ap.org/id/",
            "code": "cc7a76087e4e10048482df092526b43e",
            "name": "Health",
            "creator": "Editorial",
            "editorial_subject": "Health",
            "rels": [
                "direct"
            ],
            "relevance": 99
        }
    ],
    "organisation": [
        {
            "scheme": "http://cv.ap.org/id/",
            "code": "898f52e08921100480efba0a2b2ca13e",
            "name": "United States government",
            "creator": "Machine",
            "rels": [
                "direct"
            ],
            "relevance": 88
        }
    ],
    "place": [
        {
            "scheme": "http://cv.ap.org/id/",
            "code": "661850e07d5b100481f4c076b8e3055c",
            "name": "Europe",
            "creator": "Machine",
            "rels": [
                "direct"
            ],
            "locationtype": {
                "code": "976d112cd5c3497ea180aeecab922c6b",
                "name": "Continent"
            },
            "geometry_geojson": {
                "type": "Point",
                "coordinates": [
                    9.14062,
                    48.69096
                ]
            },
            "relevance": 68
        },
        {
            "scheme": "http://cv.ap.org/id/",
            "code": "df4691387d6b10048fdeba7fa5283c3e",
            "name": "England",
            "creator": "Machine",
            "rels": [
                "direct"
            ],
            "parentids": [
                "66219fb07d5b100482e2c076b8e3055c"
            ],
            "locationtype": {
                "code": "d83e15f769714aab9d49a03eab919128",
                "name": "Constituent country"
            },
            "geometry_geojson": {
                "type": "Point",
                "coordinates": [
                    -0.70312,
                    52.16045
                ]
            },
            "relevance": 77,
            "parentnames": [
                "United Kingdom"
            ]
        }
    ],
    "audiences": [
        {
            "code": "82c6a4c46fa0446090a7acaf93159e4c",
            "name": "Print",
            "type": "AUDPLATFORM"
        },
        {
            "code": "9add4649b53b4702ba7d9de5d4fa607a",
            "name": "Online",
            "type": "AUDPLATFORM"
        },
        {
            "code": "f5b16ea8760d10048047e6e7a0f4673e",
            "name": "State",
            "type": "AUDSCOPE"
        },
        {
            "code": "f43adc08760d10048040e6e7a0f4673e",
            "name": "National",
            "type": "AUDSCOPE"
        },
        {
            "code": "f4ecf9b0760d10048044e6e7a0f4673e",
            "name": "International",
            "type": "AUDSCOPE"
        },
        {
            "code": "1e8c5a7082b310048450df092526b43e",
            "name": "Kansas",
            "type": "AUDGEOGRAPHY"
        },
        {
            "code": "dec1cce882af10048320df092526b43e",
            "name": "Georgia",
            "type": "AUDGEOGRAPHY"
        },
        {
            "code": "661850e07d5b100481f4c076b8e3055c",
            "name": "Europe",
            "type": "AUDGEOGRAPHY"
        },
        {
            "code": "661e48387d5b10048291c076b8e3055c",
            "name": "United States",
            "type": "AUDGEOGRAPHY"
        }
    ],
    "associations": {
        "1": {
            "altids": {
                "itemid": "24bd3f8195c446578095e06611a66f27"
            },
            "type": "picture"
        }
    },
    "body_nitf": "<p>Legislators in at least two U.S. states are citing a recent decision in England to restrict gender transitions for young people as support for their own related proposals.</p><p>They weren\u2019t the first to turn to other countries, notably in Europe, for policy and research ideas. Lawmakers across the U.S., where at least 23 states now have tightened or removed access to transgender health care for minors, have routinely cited non-U.S. research or policies as justification for their legislation.</p><p>Yet leading health organizations in the United States and Europe continue to <a href=\"https://apnews.com/article/transgender-genderaffirming-care-pediatricians-176134f1b6ee1f2c146fef9a40cf351e\">decisively endorse</a> gender-affirming care for both transgender youths and adults.</p><p>Among other things, they argue that restrictions on things like hormone therapy tend to single out transgender youths, even though other young people also can benefit from them. And transgender advocates and allies see a political attempt to erase them, cloaked as concern for children.</p><p>Some information and perspectives on the global patchwork of health and public policies on gender-affirming care:</p><hl2>WHAT DID ENGLAND CHANGE AND WHY?</hl2><p>England, through rules put forth by its public health system, is limiting the ability of people younger than 16 to begin a medical gender transition.</p><p>The National Health Service England recently cemented a policy first <a href=\"https://apnews.com/article/uk-transgender-puberty-blockers-abd9145484006fea23de6b4656c937da\">issued on an interim basis</a> almost a year ago that sets a minimum age at which puberty blockers can be started, along with other requirements. NHS England says there is not enough evidence about their long-term effects, including \u201csexual, cognitive or broader developmental outcomes.\u201d</p><p>Starting April 1, NHS England will not prescribe puberty blockers \u2014 drugs that suppress sex hormones during puberty \u2014 as a \u201croutine treatment\u201d to children and other young people seeking gender transitions. In practice, the decision also applies to Wales, which does not have any NHS gender clinics for children. Northern Ireland says it will adopt England's policy; Scotland is weighing it.</p><p>But it's not a blanket, nationwide restriction. NHS England is just one health provider in the country, albeit a major one.</p><p>Puberty blockers are available for a cost at a few private clinics. And young people already taking them through the NHS \u2014 fewer than 100 in England, according to the BBC \u2014 can continue. The drugs will also be available to participants in clinical trials.</p><p>Britain\u2019s Conservative government, which has been broadly critical of youth gender transitions, welcomed the NHS England decision. Even so, a proposal in Parliament to flatly make it illegal to provide puberty blockers to those under 16 is unlikely to become law.</p><p>The use of puberty blockers is not limited to gender transitions, but they can be an early step in one. They can pause puberty for gender-questioning youths until they are old enough to decide, after discussions with their families and health providers, on treatments that bring more-permanent changes.</p><hl2>WHAT ARE US LEGISLATORS SAYING?</hl2><p>U.S. legislators and statehouse bills seeking to restrict transgender health care have often cited European science and policy, from countries including Finland, France, Sweden and Norway, as well as the U.K.</p><p>In Kansas, state Sen. Beverly Gossage cited England\u2019s new policy last week when briefing fellow Republicans on a bill that would ban gender-affirming care for minors.</p><p>\u201cIn England, they\u2019ve declared that there could be no gender-affirming care other than therapy for children because the scientific proof is not there,\u201d Gossage said in comments that mischaracterized the NHS England guidelines. They do call for starting with counseling, as do those of other leading health organizations.</p><p>Republican leaders expect the ban to pass this week and hope they can override any veto by Gov. Laura Kelly, a Democrat.</p><p>In Georgia, Republican state Sen. Ben Watson <a href=\"https://apnews.com/article/georgia-transgender-care-minors-restrictions-ban-2ac2dc48bc9f98c6f31782ef70d31357\">pointed to Europe</a> as he pushed a ban on gender-affirming care for children: \u201cIn light of the information and what\u2019s been going on, not only in Europe, in the U.K., but here in the United States, this is the change that I\u2019m proposing.\u201d</p><hl2>\u2018DEEP CONCERNS ABOUT HOSTILITY AND HARM\u2019</hl2><p>Puberty blockers for adolescents who meet certain criteria are endorsed by major U.S. medical groups, along with the World Professional Association for Transgender Health, when administered properly. Those criteria include no age requirement.</p><p>\u201cPuberty blockers have been prescribed for more than 40 years for safe and effective treatment of medical conditions including early puberty. The fact that NHS England is targeting only trans and gender diverse youth with this policy raises deep concerns about hostility and harm to LGTBQ+ people and their families,\" WPATH and the European Association for Transgender Health said in a statement last week.</p><p>\u201cDecisions about healthcare must be driven by clinical evidence, not by politics,\" the statement continued. \"The NHS has provided no indication what criteria it will use to monitor the harm its decision may cause, putting youth and families at enormous risk for no legitimate medical purpose.\u201d</p><p>Last year, the American Academy of Pediatrics, which represents 67,000 pediatricians, unanimously voted to reaffirm its pro-stance on gender-affirming care for transgender children, including hormone treatments when appropriate.</p><p>Iridescent Riffel, a 27-year-old transgender woman and activist from Lawrence, Kansas, said she views the English policy as too conservative.</p><p>Puberty blockers help prevent people from developing physical features not in line with their gender identity, such as beards or breasts. For most teenagers, puberty is well underway or nearly complete by age 16. Treatments to alter physical features later in life to align with one\u2019s identity can be costly and painful.</p><p>Transgender youths may find it harder to begin the process of social transitioning \u2014 or how a trans person changes how they present themselves to other people \u2014 once they start puberty, she said.</p><p>\u201cIt\u2019s not just, \u2018Oh, I\u2019m uncomfortable with my body.\u2019 It\u2019s, \u2018How are people perceiving me? Am I going to get judged? Are people going to judge me? Am I going to be unsafe for going out this way?\u2019\u201d she said.</p><p>A ban on gender-affirming care isn\u2019t the true goal, Riffel said. Instead, it\u2019s, \u201cWe just don\u2019t want to see trans people in public life at all.\u201d</p><p>___</p><p>McMillan reported from northeastern Pennsylvania. Contributing to this report were Associated Press writers Jill Lawless in London, John Hanna in Topeka, Kansas, and Jeff Amy in Atlanta.</p>",
    "textformat": "bx",
    "links": [
        {
            "href": "https://apnews.com/article/transgender-puberty-blockers-england-uk-5ed81979363470028053423c0a2fa263",
            "rel": "canonical"
        }
    ],
    "topics": {
        "Health": {
            "relevance_score": 5,
            "reason": "The document discusses the health policies and legislative actions related to gender-affirming care for youths, including the use of puberty blockers. It provides detailed information on the recent changes in England's health policy, the reactions from U.S. legislators, and the perspectives of health organizations. Since the topic is 'Health,' the document is highly relevant as it focuses on health policies, medical treatments, and the implications for transgender health care."
        }
    }
}