﻿{
    "altids": {
        "itemid": "91a9e0ce87d11dff0fa761f327bd0566",
        "etag": "91a9e0ce87d11dff0fa761f327bd0566_1a9aza0c0",
        "friendlykey": "758863281489",
        "referenceid": "US--Election 2024-Trump-Abortion"
    },
    "version": 1,
    "type": "text",
    "urgency": 4,
    "profile": "Spot Development",
    "language": "en",
    "versioncreated": "2024-03-20T12:06:19Z",
    "firstcreated": "2024-03-20T02:38:50Z",
    "editorialrole": "FullStory",
    "pubstatus": "usable",
    "ednote": "Eds: UPDATES: Links audio of correspondent reporting on Trump's abortion stance. EDITS: Minor edits in summary to tighten.",
    "editorialtypes": [
        "Lead"
    ],
    "signals": [
        "newscontent"
    ],
    "title": "US--Election 2024-Trump-Abortion",
    "headline": "Trump suggests he'd support a national ban on abortions around 15 weeks of pregnancy",
    "headline_extended": "Donald Trump is suggesting he\u2019d support a national ban on abortions around 15 weeks of pregnancy, voicing for the first time support for a specific limit on the procedure",
    "slugline": "AP-US--Election 2024-Trump-Abortion, 1st Ld-Writethru",
    "description_summary": "Donald Trump is suggesting he\u2019d support a national ban on abortions around 15 weeks of pregnancy, voicing for the first time support for a specific limit on the procedure. The Republican former president has taken credit for overturning abortion rights in America by appointing three U.S. Supreme Court justices who voted to overturn Roe v. Wade, the landmark ruling that had established the constitutional protection for abortion. But as Trump seeks the White House again, he has until now refrained from embracing any specific limit on abortion, warning it can backfire politically. But in a radio interview Tuesday, Trump said \u201cPeople are agreeing on 15\" and he's \"thinking in terms of that.\u201d",
    "bylines": [
        {
            "by": "By MICHELLE L. PRICE",
            "title": "Associated Press"
        }
    ],
    "located": "NEW YORK",
    "datelinelocation": {
        "city": "New York",
        "countryareacode": "NY",
        "countryareaname": "New York",
        "countrycode": "USA",
        "countryname": "United States",
        "geometry_geojson": {
            "type": "Point",
            "coordinates": [
                -74.00597,
                40.71427
            ]
        }
    },
    "copyrightnotice": "Copyright 2024 The Associated Press. All rights reserved. This material may not be published, broadcast, rewritten or redistributed without permission.",
    "usageterms": [
        "This content is intended for editorial use only. For other uses, additional clearances may be required."
    ],
    "keywords": [
        "Trump abortion ban 15 weeks"
    ],
    "provider": "AP",
    "infosource": [
        {
            "name": "AP",
            "type": "AP"
        }
    ],
    "person": [
        {
            "scheme": "http://cv.ap.org/id/",
            "code": "a6331b54c46e4ca8b79fa40fada95db5",
            "name": "Donald Trump",
            "creator": "Machine",
            "rels": [
                "direct"
            ],
            "types": [
                "POLITICIAN",
                "PERSON"
            ],
            "relevance": 93
        }
    ],
    "subject": [
        {
            "rels": [
                "category"
            ],
            "creator": "Editorial",
            "code": "a",
            "name": "a"
        },
        {
            "rels": [
                "category"
            ],
            "creator": "Editorial",
            "code": "p",
            "name": "p"
        },
        {
            "scheme": "http://cv.ap.org/id/",
            "code": "e2305bd07de410048fcfdf092526b43e",
            "name": "Pregnancy and childbirth",
            "creator": "Machine",
            "rels": [
                "direct"
            ],
            "relevance": 67
        },
        {
            "scheme": "http://cv.ap.org/id/",
            "code": "e22e35087de410048fc2df092526b43e",
            "name": "Abortion",
            "creator": "Machine",
            "rels": [
                "direct"
            ],
            "relevance": 93
        },
        {
            "scheme": "http://cv.ap.org/id/",
            "code": "86aad5207dac100488ecba7fa5283c3e",
            "name": "Politics",
            "creator": "Machine",
            "rels": [
                "direct"
            ],
            "relevance": 85
        },
        {
            "scheme": "http://cv.ap.org/id/",
            "code": "86aee4307dac10048901ba7fa5283c3e",
            "name": "Elections",
            "creator": "Machine",
            "rels": [
                "direct"
            ],
            "relevance": 52
        },
        {
            "scheme": "http://cv.ap.org/id/",
            "code": "24e61d6d4e654ae6bda1f1558c8cc1f3",
            "name": "2024 United States presidential election",
            "creator": "Machine",
            "rels": [
                "direct"
            ],
            "relevance": 78
        },
        {
            "scheme": "http://cv.ap.org/id/",
            "code": "cc7a76087e4e10048482df092526b43e",
            "name": "Health",
            "creator": "Editorial",
            "editorial_subject": "Health",
            "rels": [
                "direct"
            ],
            "relevance": 75
        },
        {
            "scheme": "http://cv.ap.org/id/",
            "code": "86aad5207dac100488ecba7fa5283c3e",
            "name": "Politics",
            "creator": "Editorial",
            "editorial_subject": "Politics",
            "rels": [
                "direct"
            ],
            "relevance": 99
        }
    ],
    "organisation": [
        {
            "scheme": "http://cv.ap.org/id/",
            "code": "efa933c0892110048d92fb7860a2fc03",
            "name": "Supreme Court of the United States",
            "creator": "Machine",
            "rels": [
                "direct"
            ],
            "relevance": 44
        }
    ],
    "place": [
        {
            "scheme": "http://cv.ap.org/id/",
            "code": "cb06ab1082af100482f8df092526b43e",
            "name": "Florida",
            "creator": "Machine",
            "rels": [
                "direct"
            ],
            "parentids": [
                "661e48387d5b10048291c076b8e3055c"
            ],
            "locationtype": {
                "code": "0ae5eb8e00e04295a4fc209c94bfe6ef",
                "name": "State"
            },
            "geometry_geojson": {
                "type": "Point",
                "coordinates": [
                    -82.5001,
                    28.75054
                ]
            },
            "relevance": 47,
            "parentnames": [
                "United States"
            ]
        }
    ],
    "audiences": [
        {
            "code": "82c6a4c46fa0446090a7acaf93159e4c",
            "name": "Print",
            "type": "AUDPLATFORM"
        },
        {
            "code": "9add4649b53b4702ba7d9de5d4fa607a",
            "name": "Online",
            "type": "AUDPLATFORM"
        },
        {
            "code": "f43adc08760d10048040e6e7a0f4673e",
            "name": "National",
            "type": "AUDSCOPE"
        },
        {
            "code": "f4ecf9b0760d10048044e6e7a0f4673e",
            "name": "International",
            "type": "AUDSCOPE"
        },
        {
            "code": "661850e07d5b100481f5c076b8e3055c",
            "name": "Latin America and Caribbean",
            "type": "AUDGEOGRAPHY"
        },
        {
            "code": "661e48387d5b10048291c076b8e3055c",
            "name": "United States",
            "type": "AUDGEOGRAPHY"
        }
    ],
    "associations": {
        "1": {
            "altids": {
                "itemid": "690f648384ff4b33b8d790b305af6fe8"
            },
            "type": "picture"
        },
        "2": {
            "altids": {
                "itemid": "bfa94f1c27cb445ea7dbae67f1488c2f"
            },
            "type": "audio"
        }
    },
    "body_nitf": "<p>NEW YORK (AP) \u2014 <a href=\"https://apnews.com/hub/donald-trump\">Donald Trump</a> suggested Tuesday that he\u2019d support a national ban on abortions around 15 weeks of pregnancy, voicing for the first time support for a specific limit on the procedure.</p><p>The Republican former president has taken credit for striking down a federally guaranteed right to abortion by appointing three U.S. Supreme Court justices who voted to overturn Roe v. Wade. As he seeks the White House a third time, Trump has refrained from embracing any specific limit on the procedure, warning it could backfire politically and instead suggesting he would \u201cnegotiate\u201d a policy on abortion that would include exceptions for cases of rape, incest and to protect the life of the mother.</p><p>But in a radio interview Tuesday, Trump criticized Democrats for not endorsing a ban that would limit abortions in states that still allow the procedure.</p><p>\u201cWe\u2019re going to come up with a time \u2014 and maybe we could bring the country together on that issue,\" Trump said while calling into the \u201cSid & Friends in the Morning\u201d show on WABC.</p><p>Trump went on to say: \u201cThe number of weeks now, people are agreeing on 15. And I\u2019m thinking in terms of that. And it\u2019ll come out to something that\u2019s very reasonable. But people are really, even hard-liners are agreeing, seems to be, 15 weeks seems to be a number that people are agreeing at.\"</p><p>At the same time, Trump seemed to suggest reluctance to a federal ban.</p><p>\u201cEverybody agrees \u2014 you\u2019ve heard this for years \u2014 all the legal scholars on both sides agree: It\u2019s a state issue. It shouldn\u2019t be a federal issue, it\u2019s a state issue,\u201d he said.</p><p>Last month, <a href=\"https://apnews.com/article/abortion-federal-ban-trump-2024-election-61c3edcd3780ce94be3bd8d65f100f23\">Trump\u2019s campaign dismissed reports</a> that he privately had expressed for a ban on abortion after 16 weeks of pregnancy, calling the report \u201cfake news.\u201d The campaign did not offer details on Trump\u2019s plans, only saying he planned to \u201cnegotiate a deal\u201d on abortion.</p><p>Later Tuesday, after casting his ballot in Florida's Republican presidential primary, Trump was asked by a reporter about a ban on abortions at 16 weeks and said, \u201cWe\u2019ll be talking about that soon.\u201d</p><p>Abortion rights have been a galvanizing issue for voters in recent years, and Democrats and <a href=\"https://apnews.com/article/joe-biden-kamala-harris-abortion-c634452da5e103913982e1cc5a0cae78\">President Joe Biden's campaign are preparing</a> to spotlight the issue as a clear split from Trump in the 2024 election.</p><p>Polling has consistently shown that most Americans believe abortion should be legal through the initial stages of pregnancy. About half of U.S. adults said abortions should be permitted at the 15-week mark, according to an Associated Press-NORC Center for Public Affairs Research poll conducted last June.</p><p>___</p><p>Associated Press writer Jill Colvin in New York contributed to this report.</p>",
    "textformat": "bx",
    "links": [
        {
            "href": "https://apnews.com/article/trump-abortion-ban-15-weeks-91a9e0ce87d11dff0fa761f327bd0566",
            "rel": "canonical"
        }
    ],
    "topics": {
        "Health": {
            "relevance_score": 3,
            "reason": "The document primarily focuses on Donald Trump's stance on a national ban on abortions around 15 weeks of pregnancy. While abortion is a health-related issue, the document is more centered on the political implications and Trump's position rather than detailed health information or broader health topics. Therefore, it is somewhat relevant to health but not highly focused on health-specific content."
        }
    }
}