﻿{
    "altids": {
        "itemid": "0eff31045787265407e5951c9e2a4aad",
        "etag": "0eff31045787265407e5951c9e2a4aad_0a2aza0c0",
        "friendlykey": "447367534760",
        "referenceid": "GA-XGR--Medicaid Expansion-Georgia"
    },
    "version": 0,
    "type": "text",
    "urgency": 4,
    "profile": "Spot Development",
    "language": "en",
    "versioncreated": "2024-01-12T15:38:05Z",
    "firstcreated": "2024-01-12T15:38:04Z",
    "editorialrole": "FullStory",
    "pubstatus": "usable",
    "ednote": "Eds: UPDATES: With AP Photos.",
    "signals": [
        "newscontent"
    ],
    "title": "GA-XGR--Medicaid Expansion-Georgia",
    "headline": "For Republican lawmakers in Georgia, Medicaid expansion could still be a risky vote",
    "headline_extended": "The prospect \u2014 albeit still dim \u2014 that Georgia could fully expand Medicaid has prompted Democrats and patient advocates to turn up the pressure on Republicans in the state legislature to act",
    "slugline": "BC-GA-XGR--Medicaid Expansion-Georgia",
    "description_summary": "The prospect \u2014 albeit still dim \u2014 that Georgia could fully expand Medicaid has prompted Democrats and patient advocates to turn up the pressure on Republicans in the state legislature to act. But political experts, advocates and policy analysts say GOP lawmakers face significant headwinds to approving a plan they've long derided as wasteful, and that could ultimately doom the effort. Georgians for a Healthy Future Executive Director Laura Colbert says the biggest obstacle is Georgia Pathways. That's the state\u2019s limited Medicaid expansion that includes the nation\u2019s only work requirement for Medicaid recipients. Republican Georgia Gov. Brian Kemp has championed the program and may be unwilling to jettison it.",
    "bylines": [
        {
            "by": "By SUDHIN THANAWALA and JEFF AMY",
            "title": "Associated Press"
        }
    ],
    "located": "ATLANTA",
    "datelinelocation": {
        "city": "Atlanta",
        "countryareacode": "GA",
        "countryareaname": "Georgia",
        "countrycode": "USA",
        "countryname": "United States",
        "geometry_geojson": {
            "type": "Point",
            "coordinates": [
                -84.38798,
                33.749
            ]
        }
    },
    "copyrightnotice": "Copyright 2024 The Associated Press. All rights reserved. This material may not be published, broadcast, rewritten or redistributed without permission.",
    "usageterms": [
        "This content is intended for editorial use only. For other uses, additional clearances may be required."
    ],
    "keywords": [
        "Georgia Medicaid health Republicans Brian Kemp"
    ],
    "provider": "AP",
    "infosource": [
        {
            "name": "AP",
            "type": "AP"
        }
    ],
    "person": [
        {
            "scheme": "http://cv.ap.org/id/",
            "code": "14d0647dc2164559ad1ab798cadd3d73",
            "name": "Brian P. Kemp",
            "creator": "Machine",
            "rels": [
                "direct"
            ],
            "types": [
                "GOVERNMENT_FIGURE",
                "PERSON"
            ],
            "relevance": 68
        }
    ],
    "subject": [
        {
            "rels": [
                "category"
            ],
            "creator": "Editorial",
            "code": "n",
            "name": "n"
        },
        {
            "scheme": "http://cv.ap.org/id/",
            "code": "1b29d45f8e8e4c008e8a58fe6f92a753",
            "name": "Government programs",
            "creator": "Machine",
            "rels": [
                "direct"
            ],
            "relevance": 83
        },
        {
            "scheme": "http://cv.ap.org/id/",
            "code": "86aad5207dac100488ecba7fa5283c3e",
            "name": "Politics",
            "creator": "Machine",
            "rels": [
                "direct"
            ],
            "relevance": 69
        },
        {
            "scheme": "http://cv.ap.org/id/",
            "code": "86b08df87dac1004890cba7fa5283c3e",
            "name": "Voting",
            "creator": "Machine",
            "rels": [
                "direct"
            ],
            "relevance": 42
        },
        {
            "scheme": "http://cv.ap.org/id/",
            "code": "86ab8cb87dac100488ecba7fa5283c3e",
            "name": "Government policy",
            "creator": "Machine",
            "rels": [
                "direct"
            ],
            "relevance": 33
        },
        {
            "scheme": "http://cv.ap.org/id/",
            "code": "cc7a76087e4e10048482df092526b43e",
            "name": "Health",
            "creator": "Editorial",
            "editorial_subject": "Health",
            "rels": [
                "direct"
            ],
            "relevance": 75
        },
        {
            "scheme": "http://cv.ap.org/id/",
            "code": "a4677d70863b4012b846a1b00f5079f5",
            "name": "U.S. news",
            "creator": "Editorial",
            "editorial_subject": "U.S. news",
            "rels": [
                "direct"
            ],
            "relevance": 99
        },
        {
            "scheme": "http://cv.ap.org/id/",
            "code": "f25af2d07e4e100484f5df092526b43e",
            "name": "General news",
            "creator": "Editorial",
            "editorial_subject": "General news",
            "rels": [
                "direct"
            ],
            "relevance": 50
        }
    ],
    "organisation": [
        {
            "scheme": "http://cv.ap.org/id/",
            "code": "9bab859253fe4a28bc95d8726a44e763",
            "name": "Georgia state government",
            "creator": "Machine",
            "rels": [
                "direct"
            ],
            "relevance": 59
        },
        {
            "scheme": "http://cv.ap.org/id/",
            "code": "bf6e2e80760d10048f8ae6e7a0f4673e",
            "name": "U.S. Republican Party",
            "creator": "Machine",
            "rels": [
                "direct"
            ],
            "relevance": 67
        }
    ],
    "place": [
        {
            "scheme": "http://cv.ap.org/id/",
            "code": "dec1cce882af10048320df092526b43e",
            "name": "Georgia",
            "creator": "Machine",
            "rels": [
                "direct"
            ],
            "parentids": [
                "661e48387d5b10048291c076b8e3055c"
            ],
            "locationtype": {
                "code": "0ae5eb8e00e04295a4fc209c94bfe6ef",
                "name": "State"
            },
            "geometry_geojson": {
                "type": "Point",
                "coordinates": [
                    -83.50018,
                    32.75042
                ]
            },
            "relevance": 96,
            "parentnames": [
                "United States"
            ]
        }
    ],
    "audiences": [
        {
            "code": "82c6a4c46fa0446090a7acaf93159e4c",
            "name": "Print",
            "type": "AUDPLATFORM"
        },
        {
            "code": "9add4649b53b4702ba7d9de5d4fa607a",
            "name": "Online",
            "type": "AUDPLATFORM"
        },
        {
            "code": "f5b16ea8760d10048047e6e7a0f4673e",
            "name": "State",
            "type": "AUDSCOPE"
        },
        {
            "code": "dec1cce882af10048320df092526b43e",
            "name": "Georgia",
            "type": "AUDGEOGRAPHY"
        }
    ],
    "associations": {
        "1": {
            "altids": {
                "itemid": "2b95683f40144f2a90dde37c558ac281"
            },
            "type": "picture"
        }
    },
    "body_nitf": "<p>ATLANTA (AP) \u2014 The prospect \u2014 albeit still dim \u2014 <a href=\"https://apnews.com/article/georgia-medicaid-expansion-brian-kemp-health-care-e6931d588c12c9cc13532dbd9b1e78b9\">that Georgia could fully expand Medicaid</a> has prompted Democrats and patient advocates to turn up the pressure on Republicans in the state legislature to act.</p><p>But political experts, advocates and policy analysts say GOP lawmakers face significant headwinds to approving a plan they have long derided as wasteful, and that could ultimately doom the effort.</p><p>\u201cThere\u2019s reason to be a little more optimistic than one year or two years ago, but there\u2019s not a groundswell of support and willingness to change the status quo on the part of the Republican members of the legislature,\u201d said Harry Heiman, a health policy professor at Georgia State University.</p><p>The biggest obstacle is <a href=\"https://apnews.com/article/medicaid-georgia-work-governor-trump-3e44d6eaa3c4e07e30ca7d65892f958b\">Georgia Pathways</a>, the state's limited Medicaid expansion that includes the nation's only work requirement for Medicaid recipients, said Laura Colbert, executive director of the advocacy group Georgians for a Healthy Future.</p><p>Republican Georgia Gov. Brian Kemp has championed the program, which launched in July. Though it is off to a rocky start, with just under 2,350 people enrolled as of mid-December, the Kemp administration has sought to extend it past its September 2025 expiration date.</p><p>\u201cGovernor Kemp has put a lot of political capital into Pathways,\u201d Colbert said.</p><p>Colbert said she was optimistic that Georgia lawmakers would eventually approve a fuller expansion of coverage for low-income adults, but not necessarily this year.</p><p>Kyle Wingfield, president of the conservative Georgia Public Policy Foundation, said he, too, was skeptical Kemp would be willing to retreat from Pathways.</p><p>He also warned that Republican lawmakers could face backlash for any Medicaid deal from Republican primary voters.</p><p>Expanding Medicaid to low-income adults who make up to 138% of the federal poverty level, with the federal government picking up 90% of the cost, was a key part of the Affordable Care Act. Georgia is among <a href=\"https://www.kff.org/medicaid/issue-brief/status-of-state-medicaid-expansion-decisions-interactive-map/\">10 states</a> that have not done it.</p><p>Wingfield said he thinks Republicans in Washington, and to a lesser extent in Georgia, have accepted that the Affordable Care Act is here to stay, but that acceptance may not be shared by rank-and-file GOP primary voters.</p><p>\u201cWhen it comes to the voters in a Republican primary, I don\u2019t think I\u2019d want to be the one finding that out,\" he said.</p><p>But Brian Robinson, a Republican political consultant who counts the Georgia Alliance of Community Hospitals and House GOP caucus among his clients, says he thinks Republicans face little risk from primary opponents if they vote for Medicaid.</p><p>\u201cThe political issue of the danger has faded over the time,\" Robinson said. \"We\u2019ve had some mini-expansions in Georgia and there\u2019s been no blowback on Republicans. In fact they\u2019ve proudly touted it for groups like new mothers.\u201d</p><p>Republicans in Georgia also risk alienating the conservative organization Americans for Prosperity with a vote to expand Medicaid coverage.</p><p>The group is opposed to expansion, even as part of a deal that would repeal permitting requirements for hospitals and health services, said Tony West, the group's Georgia State Director. That sort of deal has emerged as a possible compromise between Republicans and Democrats.</p><p>West wants lawmakers to focus solely on repealing the permitting requirements and leave Medicaid expansion by the wayside.</p><p>\u201cI think we\u2019re taking our eye off the ball,\u201d he said.</p><p>Conversely, Wingfield raised the possibility that some Democrats could balk at a deal, noting that Medicaid expansion has been a key political issue for the party in Georgia.</p><p>\"What do they gain from taking one of their signature issues off the table and letting the Republicans claim a large share of the credit for it?\u201d he asked.</p><p>At least for now, Democrats in the General Assembly don't appear concerned about losing their ability to hammer the GOP on Medicaid. The Democratic caucus organized a lengthy hearing Wednesday focused on the economic and health benefits of expansion that featured health care providers, advocates and policy experts.</p><p>In opening remarks, Democratic state Rep. Michelle Au, a doctor, noted Georgia had one of the highest rates of uninsured residents in the country and some of its worst health outcomes.</p><p>\u201dAs we start this 2024 legislative session, it is my hope that all options are on the table,\" she said.</p>",
    "textformat": "bx",
    "links": [
        {
            "href": "https://apnews.com/article/georgia-medicaid-health-republicans-brian-kemp-0eff31045787265407e5951c9e2a4aad",
            "rel": "canonical"
        }
    ],
    "topics": {
        "Health": {
            "relevance_score": 5,
            "reason": "The document discusses the political dynamics and challenges surrounding the potential expansion of Medicaid in Georgia. It includes perspectives from various stakeholders, such as political experts, advocates, and policy analysts, and touches on the implications for health care coverage for low-income adults. The document is highly relevant to the topic of health as it directly addresses health policy, Medicaid expansion, and the impact on uninsured residents and health outcomes in Georgia."
        }
    }
}