﻿{
    "altids": {
        "itemid": "9e1eecd29a74649e834db65919210074",
        "etag": "9e1eecd29a74649e834db65919210074_1a4aza0c0",
        "friendlykey": "703968698323",
        "referenceid": "LT--Brazil-Dengue-Pilot Program"
    },
    "version": 1,
    "type": "text",
    "urgency": 4,
    "profile": "Spot Development",
    "language": "en",
    "versioncreated": "2024-03-04T03:45:31Z",
    "firstcreated": "2024-03-02T16:07:28Z",
    "editorialrole": "FullStory",
    "pubstatus": "usable",
    "ednote": "Eds: UPDATES: Republishes story that moved originally on March 2 to fix dateline.",
    "editorialtypes": [
        "Lead"
    ],
    "signals": [
        "newscontent"
    ],
    "title": "LT--Brazil-Dengue-Pilot Program",
    "headline": "In Rio, rife with dengue, bacteria-infected mosquitoes are making a difference",
    "headline_extended": "Since Rio de Janeiro declared a public health emergency after an outbreak of dengue fever last month, the city has ramped up testing capacities, opened up a dozen of dengue health centers and trained medical staff to attend the ever-growing needs of its population",
    "slugline": "BC-LT--Brazil-Dengue-Pilot Program, 1st Ld-Writethru",
    "description_summary": "Since Rio de Janeiro declared a public health emergency after an outbreak of dengue fever last month, the city has ramped up testing capacities, opened up a dozen of dengue health centers and trained medical staff to attend the ever-growing needs of its population. But in Rio\u2019s sister city of Niteroi, just across the Guanabara Bay, things are different. Home to about half a million people, Niteroi has had just 400 suspected cases of dengue so far this year, and its incidence rate per capita is one of the lowest in the state. Health officials credit a pilot program which breeds mosquitoes to carry a particular bacteria.",
    "bylines": [
        {
            "by": "By DIARLEI RODRIGUES and DIANE JEANTET",
            "title": "Associated Press"
        }
    ],
    "located": "NITEROI, Brazil",
    "datelinelocation": {
        "city": "Niteroi",
        "countrycode": "BRA",
        "countryname": "Brazil",
        "geometry_geojson": {
            "type": "Point",
            "coordinates": [
                -43.10361,
                -22.88333
            ]
        }
    },
    "copyrightnotice": "Copyright 2024 The Associated Press. All rights reserved. This material may not be published, broadcast, rewritten or redistributed without permission.",
    "usageterms": [
        "This content is intended for editorial use only. For other uses, additional clearances may be required."
    ],
    "keywords": [
        "brazil dengue science mosquitoes health rio pilot"
    ],
    "provider": "AP",
    "infosource": [
        {
            "name": "AP",
            "type": "AP"
        }
    ],
    "subject": [
        {
            "rels": [
                "category"
            ],
            "creator": "Editorial",
            "code": "i",
            "name": "i"
        },
        {
            "scheme": "http://cv.ap.org/id/",
            "code": "9cce666bb29344b8ba61f3732d971d32",
            "name": "Disease outbreaks",
            "creator": "Machine",
            "rels": [
                "direct"
            ],
            "relevance": 81
        },
        {
            "scheme": "http://cv.ap.org/id/",
            "code": "084dafb87f00100481c5f571351eed07",
            "name": "Dengue fever",
            "creator": "Machine",
            "rels": [
                "direct"
            ],
            "relevance": 95
        },
        {
            "scheme": "http://cv.ap.org/id/",
            "code": "cc7a76087e4e10048482df092526b43e",
            "name": "Health",
            "creator": "Machine",
            "rels": [
                "direct"
            ],
            "relevance": 67
        },
        {
            "scheme": "http://cv.ap.org/id/",
            "code": "cc7a76087e4e10048482df092526b43e",
            "name": "Health",
            "creator": "Editorial",
            "editorial_subject": "Health",
            "rels": [
                "direct"
            ],
            "relevance": 75
        },
        {
            "scheme": "http://cv.ap.org/id/",
            "code": "4bf76cb87df7100483dbdf092526b43e",
            "name": "Science",
            "creator": "Editorial",
            "editorial_subject": "Science",
            "rels": [
                "direct"
            ],
            "relevance": 75
        },
        {
            "scheme": "http://cv.ap.org/id/",
            "code": "bb2d2c5f441a452cb24bb511a2ab5eea",
            "name": "World news",
            "creator": "Editorial",
            "editorial_subject": "World news",
            "rels": [
                "direct"
            ],
            "relevance": 99
        },
        {
            "scheme": "http://cv.ap.org/id/",
            "code": "f25af2d07e4e100484f5df092526b43e",
            "name": "General news",
            "creator": "Editorial",
            "editorial_subject": "General news",
            "rels": [
                "direct"
            ],
            "relevance": 50
        }
    ],
    "place": [
        {
            "scheme": "http://cv.ap.org/id/",
            "code": "94e3f52124654ce0869ed3a18bdfba63",
            "name": "Rio de Janeiro",
            "creator": "Machine",
            "rels": [
                "direct"
            ],
            "parentids": [
                "661effd07d5b1004829cc076b8e3055c"
            ],
            "locationtype": {
                "code": "9d26a20b35f0484a891740f8189d4c7b",
                "name": "City"
            },
            "geometry_geojson": {
                "type": "Point",
                "coordinates": [
                    -43.2075,
                    -22.90278
                ]
            },
            "relevance": 96,
            "parentnames": [
                "Brazil"
            ]
        }
    ],
    "audiences": [
        {
            "code": "82c6a4c46fa0446090a7acaf93159e4c",
            "name": "Print",
            "type": "AUDPLATFORM"
        },
        {
            "code": "9add4649b53b4702ba7d9de5d4fa607a",
            "name": "Online",
            "type": "AUDPLATFORM"
        },
        {
            "code": "f43adc08760d10048040e6e7a0f4673e",
            "name": "National",
            "type": "AUDSCOPE"
        },
        {
            "code": "f4ecf9b0760d10048044e6e7a0f4673e",
            "name": "International",
            "type": "AUDSCOPE"
        },
        {
            "code": "661850e07d5b100481f5c076b8e3055c",
            "name": "Latin America and Caribbean",
            "type": "AUDGEOGRAPHY"
        },
        {
            "code": "661e48387d5b10048291c076b8e3055c",
            "name": "United States",
            "type": "AUDGEOGRAPHY"
        }
    ],
    "associations": {
        "1": {
            "altids": {
                "itemid": "fca9a116595843009bd31e61dfbbceea"
            },
            "type": "picture"
        },
        "2": {
            "altids": {
                "itemid": "a70289668b834e52b13379906e046371"
            },
            "type": "picture"
        },
        "3": {
            "altids": {
                "itemid": "34a7f5455ab948eb814913bfe14ae371"
            },
            "type": "picture"
        },
        "4": {
            "altids": {
                "itemid": "7d2ca018c47f49d482db37583a2427ee"
            },
            "type": "picture"
        },
        "5": {
            "altids": {
                "itemid": "3e3269a3dc69413c9e70d0ab63593f10"
            },
            "type": "picture"
        },
        "6": {
            "altids": {
                "itemid": "2602d038cd114e47955bdf846ac85d54"
            },
            "type": "picture"
        },
        "7": {
            "altids": {
                "itemid": "eb4e4a8a86ef4d0f878749602f7f4113"
            },
            "type": "picture"
        }
    },
    "body_nitf": "<p>NITEROI, Brazil (AP) \u2014 Since Rio de Janeiro declared a <a href=\"https://apnews.com/article/brazil-dengue-rio-carnival-8ed7cc1e4aade9fe9f8682b02b0ff967\">public health emergency</a> after an outbreak of dengue fever last month, the city has ramped up testing capacities, opened up a dozen dengue health centers and trained medical staff to attend to the ever-growing needs of its population.</p><p>But in Rio\u2019s sister city of Niteroi, just across the Guanabara Bay, it's a different story. Home to about half a million people, Niteroi has had just 403 suspected cases of dengue so far this year, and its incidence rate per capita is one of the lowest in the state, with 69 confirmed cases per 100,000 people.</p><p>By comparison, the city of Rio has an incidence rate of 700 per 100,000 people, with more than 42,000 cases.</p><p>The dengue virus is passed between humans by <a href=\"https://apnews.com/article/peru-piura-denge-epidemic-mosquitoes-el-nino-377507e8ced020f770d8fd9f36925321\">infected mosquitoes</a>, but a type of bacteria called Wolbachia can interrupt transmission of the disease.</p><p>Health officials say a pilot program launched in Niteroi in 2015, in which scientists <a href=\"https://apnews.com/article/14dc02dd5660bb59c166da488d8909d9\">breed mosquitoes to carry the Wolbachia bacteria</a>, has helped the city in its battle against dengue.</p><p>The Wolbachia strategy was pioneered over the last decade by the nonprofit World Mosquito Program. It was first tested in Australia in 2011 and the group <a href=\"https://apnews.com/article/dengue-mosquitoes-infectious-diseases-honduras-9ecf4ebc8a67937e9db7feb0901c861e\">has since run trials in more than a dozen countries</a>, including Brazil. The initiative provides an appealing alternative at a time when <a href=\"https://apnews.com/article/dengue-cases-increase-world-mosquitoes-95c754bbc98c82970adda4e3f5f82a48\">the U.N. health agency warns that reported cases of dengue globally increased tenfold over the last generation</a>.</p><p>In Niteroi, Mayor Axel Grael said he sought help after the 2012 dengue epidemics, when officials received thousands of notifications and one person died. The city sealed a partnership with the state-run Fiocruz Institute, the World Mosquito Program and the Health Ministry, and cases have been going down ever since.</p><p>\u201cIt was a moment of great concern in the country and in Rio,\u201d Grael recalled in an interview Friday with The Associated Press in Niteroi. \u201cToday, after applying the Wolbachia technique, we have a much better results.\u201d</p><p>Dengue is a viral infection transmitted to humans through infected mosquitoes. Many who are infected never develop symptoms, but others get a high fever, headaches, body aches, nausea and a rash. While most get better after a week or so, some develop a severe form that requires hospitalization and can be fatal.</p><p>Frequent rains and high temperatures, which accelerate the hatching of mosquito eggs and the development of larvae, make the famously hot city of Rio especially susceptible. Every couple of years, outbreaks become epidemics.</p><p>In spite of the low number of cases, the city of Niteroi, <a href=\"https://apnews.com/article/dengue-fever-brazil-mosquito-el-nino-health-e7f16fb87ddabd938506050aa98ac779\">like its neighbors,</a> is still investing heavily in prevention. Every day, hundreds of city health workers are sent to survey neighborhoods, streets, rooftops, forested areas, small businesses and junkyards to promote best practices, mostly watching out for any standing water where mosquitoes could lay their eggs.</p><p>On Friday, under scorching heat, Augusto Cesar, 63, climbed up the Morro da Penha, or Penha Hill, a low-income neighborhood, known in Brazil as a favela. For more than two decades, the city agent has been entering local residents' homes, climbing roofs, picking up trash and inspecting every corner of the Penha neighborhood, looking for standing water. Even the cap of a plastic bottle, if filled with rain water, can become breeding groound for larvae, he said.</p><p>\u201cThe greatest challenge is access,\u201d Cesar said, pearls of sweat trickling down his face. Favelas, often built informally, can be hard to navigate, like mazes. After spotting a large plastic water tank on a roof that he would like to inspect, Cesar makes his way through a tiny alley, squeezed between two walls of concrete and red bricks, but fails to find a path to the rooftop.</p><p>Further down the road, he spots two more unsealed water tanks. He climbs a wall and starts removing the loose sheets of metal covering them. He installs mosquito nets and replaces the metal sheets. In a shady alley, he lifts the tops of two water tanks, gets a flashlight and scrutinizes the surface for any sign of mosquito larvae.</p><p>Another challenge, said Fiocruz researcher Luciano Moreira, is security, with vast swaths of the city run by either drug traffickers or militias. Moreira leads the Wolbachia project in Brazil.</p><p>Dozens of municipalities have reached out to national and city authorities, Cesar and Moreira said, anxious to implement the Wolbachia method on their own turf. The Health Ministry announced late last year plans to build a large factory to breed Wolbachia-carrying mosquitoes that, over the next 10 years, will be able to produce 100 million eggs per week, ten times Fiocruz' current capacity.</p>",
    "textformat": "bx",
    "links": [
        {
            "href": "https://apnews.com/article/brazil-dengue-science-mosquitoes-health-rio-pilot-9e1eecd29a74649e834db65919210074",
            "rel": "canonical"
        }
    ],
    "topics": {
        "Health": {
            "relevance_score": 5,
            "reason": "The document is highly relevant to the topic of Health. It discusses the public health emergency in Rio de Janeiro due to a dengue outbreak and the measures taken to combat it, including the use of bacteria-infected mosquitoes to reduce the incidence of dengue. The document also covers the health implications of dengue fever, the strategies employed to prevent its spread, and the involvement of health officials and researchers. All these points are directly related to health issues and interventions."
        }
    }
}