﻿{
    "altids": {
        "itemid": "d40c4ad91ad3c504c28e7de6173e6a4f",
        "etag": "d40c4ad91ad3c504c28e7de6173e6a4f_0a3aza0c0",
        "friendlykey": "200116963570",
        "referenceid": "NM--Foster Care-New Mexico"
    },
    "version": 0,
    "type": "text",
    "urgency": 4,
    "profile": "Spot Development",
    "language": "en",
    "versioncreated": "2024-03-14T21:25:29Z",
    "firstcreated": "2024-03-14T21:25:28Z",
    "editorialrole": "FullStory",
    "pubstatus": "usable",
    "ednote": "Eds: UPDATES: Updates Media.",
    "signals": [
        "newscontent"
    ],
    "title": "NM--Foster Care-New Mexico",
    "headline": "New Mexico expands support to more youths as they age out of foster care",
    "headline_extended": "New Mexico is expanding a program that includes providing support for housing, health care and transportation to youths raised in foster care as they turn 18 and age out of the child welfare system",
    "slugline": "BC-NM--Foster Care-New Mexico",
    "description_summary": "New Mexico is expanding a program that includes providing support for housing, health care and transportation to youths raised in foster care as they turn 18 and age out of the child welfare system. Gov. Michelle Lujan Grisham signed an executive order Thursday that should add 20 young adults each year to the \u201cfostering connections\u201d program who might not otherwise qualify. Democratic state senator and former foster child Michael Padilla said the changes will close a loophole and provide greater stability for foster children as they come of age. The order is among the latest efforts to improve results from the New Mexico\u2019s troubled child protection and well-being system.",
    "located": "SANTA FE, N.M.",
    "datelinelocation": {
        "city": "Santa Fe",
        "countryareacode": "NM",
        "countryareaname": "New Mexico",
        "countrycode": "USA",
        "countryname": "United States",
        "geometry_geojson": {
            "type": "Point",
            "coordinates": [
                -105.9378,
                35.68698
            ]
        }
    },
    "copyrightnotice": "Copyright 2024 The Associated Press. All rights reserved. This material may not be published, broadcast, rewritten or redistributed without permission.",
    "usageterms": [
        "This content is intended for editorial use only. For other uses, additional clearances may be required."
    ],
    "keywords": [
        "New Mexico expands benefits former foster children"
    ],
    "provider": "AP",
    "infosource": [
        {
            "name": "AP",
            "type": "AP"
        }
    ],
    "person": [
        {
            "scheme": "http://cv.ap.org/id/",
            "code": "42fcd5108d2610048a34f7ae5e3ffd3e",
            "name": "Joe Biden",
            "creator": "Machine",
            "rels": [
                "direct"
            ],
            "types": [
                "POLITICIAN",
                "PERSON"
            ],
            "relevance": 34
        },
        {
            "scheme": "http://cv.ap.org/id/",
            "code": "37873dc79dad403ca35e5db4812ef418",
            "name": "Neera Tanden",
            "creator": "Machine",
            "rels": [
                "direct"
            ],
            "types": [
                "GOVERNMENT_FIGURE",
                "PERSON"
            ],
            "relevance": 34
        },
        {
            "scheme": "http://cv.ap.org/id/",
            "code": "5297adb33c8046bb8d020d54a587ff15",
            "name": "Michelle Lujan Grisham",
            "creator": "Machine",
            "rels": [
                "direct"
            ],
            "types": [
                "POLITICIAN",
                "PERSON"
            ],
            "associatedstates": [
                {
                    "code": "aacce28082c6100487e4df092526b43e",
                    "name": "New Mexico"
                }
            ],
            "relevance": 44
        }
    ],
    "subject": [
        {
            "rels": [
                "category"
            ],
            "creator": "Editorial",
            "code": "n",
            "name": "n"
        },
        {
            "rels": [
                "category"
            ],
            "creator": "Editorial",
            "code": "p",
            "name": "p"
        },
        {
            "scheme": "http://cv.ap.org/id/",
            "code": "86aad5207dac100488ecba7fa5283c3e",
            "name": "Politics",
            "creator": "Machine",
            "rels": [
                "direct"
            ],
            "relevance": 54
        },
        {
            "scheme": "http://cv.ap.org/id/",
            "code": "55a739b0872910048ae8d7c656897a02",
            "name": "Foster care",
            "creator": "Machine",
            "rels": [
                "direct"
            ],
            "relevance": 67
        },
        {
            "scheme": "http://cv.ap.org/id/",
            "code": "86aad5207dac100488ecba7fa5283c3e",
            "name": "Politics",
            "creator": "Editorial",
            "editorial_subject": "Politics",
            "rels": [
                "direct"
            ],
            "relevance": 75
        },
        {
            "scheme": "http://cv.ap.org/id/",
            "code": "cc7a76087e4e10048482df092526b43e",
            "name": "Health",
            "creator": "Editorial",
            "editorial_subject": "Health",
            "rels": [
                "direct"
            ],
            "relevance": 75
        },
        {
            "scheme": "http://cv.ap.org/id/",
            "code": "a4677d70863b4012b846a1b00f5079f5",
            "name": "U.S. news",
            "creator": "Editorial",
            "editorial_subject": "U.S. news",
            "rels": [
                "direct"
            ],
            "relevance": 99
        },
        {
            "scheme": "http://cv.ap.org/id/",
            "code": "f25af2d07e4e100484f5df092526b43e",
            "name": "General news",
            "creator": "Editorial",
            "editorial_subject": "General news",
            "rels": [
                "direct"
            ],
            "relevance": 50
        }
    ],
    "place": [
        {
            "scheme": "http://cv.ap.org/id/",
            "code": "b18de38082c6100487f5df092526b43e",
            "name": "Albuquerque",
            "creator": "Machine",
            "rels": [
                "direct"
            ],
            "parentids": [
                "aacce28082c6100487e4df092526b43e"
            ],
            "locationtype": {
                "code": "9d26a20b35f0484a891740f8189d4c7b",
                "name": "City"
            },
            "geometry_geojson": {
                "type": "Point",
                "coordinates": [
                    -106.65114,
                    35.08449
                ]
            },
            "relevance": 39,
            "parentnames": [
                "New Mexico"
            ]
        },
        {
            "scheme": "http://cv.ap.org/id/",
            "code": "aacce28082c6100487e4df092526b43e",
            "name": "New Mexico",
            "creator": "Machine",
            "rels": [
                "direct"
            ],
            "parentids": [
                "661e48387d5b10048291c076b8e3055c"
            ],
            "locationtype": {
                "code": "0ae5eb8e00e04295a4fc209c94bfe6ef",
                "name": "State"
            },
            "geometry_geojson": {
                "type": "Point",
                "coordinates": [
                    -106.00085,
                    34.50034
                ]
            },
            "relevance": 88,
            "parentnames": [
                "United States"
            ]
        }
    ],
    "audiences": [
        {
            "code": "82c6a4c46fa0446090a7acaf93159e4c",
            "name": "Print",
            "type": "AUDPLATFORM"
        },
        {
            "code": "9add4649b53b4702ba7d9de5d4fa607a",
            "name": "Online",
            "type": "AUDPLATFORM"
        },
        {
            "code": "f5b16ea8760d10048047e6e7a0f4673e",
            "name": "State",
            "type": "AUDSCOPE"
        },
        {
            "code": "aacce28082c6100487e4df092526b43e",
            "name": "New Mexico",
            "type": "AUDGEOGRAPHY"
        }
    ],
    "associations": {
        "1": {
            "altids": {
                "itemid": "742c8b0be5554139b2b966e6f937de36"
            },
            "type": "picture"
        }
    },
    "body_nitf": "<p>SANTA FE, N.M. (AP) \u2014 New Mexico is expanding the reach of a program that includes providing support for housing, health care and transportation to youths raised in foster care as they turn 18 and age out of the child welfare system, under an executive order signed Thursday by Gov. Michelle Lujan Grisham.</p><p>The order signed by the Democratic governor is expected to add 20 young adults each year to the \u201cfostering connections\u201d program who may not otherwise qualify after they move to New Mexico, or because of legal delays as courts confirm child abuse or neglect and parents surrender children voluntarily.</p><p>Nearly 90 young adults are currently enrolled the program, after exiting a foster care system that cares for about 1,700 children statewide. Benefits also include instruction in financial literacy, caseworker guidance and optional access to psychological counseling.</p><p>Democratic state Sen. Michael Padilla of Albuquerque, who grew up in foster care during the 1970s and 80s, said aid and counseling for young adults as they emerge from foster care is gaining recognition in several states as an investment that eventually provides stable households to the children of former foster children.</p><p>\u201cIt provides a softer landing to adulthood,\u201d said Padilla, a sponsor of 2019 legislation that established the New Mexico program. \u201cCan you imagine not having anything? It's like the floor dropped out from under you. ... We're going to see a decline in repeat fostering.\"</p><p>Padilla said he wants to enshrine the eligibility changes into state statute.</p><p>The program's expansion drew praise at a news conference from Neera Tanden, a domestic policy adviser to President Joe Biden.</p><p>Tanden said the Biden administration is proposing a related multibillion-dollar expansion of annual spending on housing vouchers for youth exiting foster care.</p><p>Thursday's announcement is among the latest efforts to improve results from the New Mexico\u2019s troubled child protection and well-being system.</p><p>New Mexico\u2019s repeat rate of reported child abuse cases is among the worst in the country, amid chronic workforce shortages in the child welfare system and high turnover among employees in protective services.</p>",
    "textformat": "bx",
    "links": [
        {
            "href": "https://apnews.com/article/new-mexico-expands-benefits-former-foster-children-d40c4ad91ad3c504c28e7de6173e6a4f",
            "rel": "canonical"
        }
    ],
    "topics": {
        "Health": {
            "relevance_score": 3,
            "reason": "The document primarily discusses the expansion of a support program for youths aging out of foster care in New Mexico, focusing on housing, transportation, financial literacy, and psychological counseling. While health care is mentioned as one of the support services provided, it is not the main focus of the document. The primary emphasis is on the overall well-being and transition to adulthood for these youths, rather than health-specific issues."
        }
    }
}