﻿{
    "altids": {
        "itemid": "ac8251d03c5248d3716988fe144d2333",
        "etag": "ac8251d03c5248d3716988fe144d2333_3a39aza0c0",
        "friendlykey": "38202426250",
        "referenceid": "US--Gum-Refreshing Sales"
    },
    "version": 3,
    "type": "text",
    "urgency": 4,
    "profile": "Spot Development",
    "language": "en",
    "versioncreated": "2024-03-07T14:11:28Z",
    "firstcreated": "2024-03-07T10:06:28Z",
    "editorialrole": "FullStory",
    "pubstatus": "usable",
    "ednote": "Eds: UPDATES: to revise headline and add contributor.",
    "editorialtypes": [
        "Lead"
    ],
    "signals": [
        "newscontent"
    ],
    "title": "US--Gum-Refreshing Sales",
    "headline": "Candy companies pitch gum as a stress reliever and concentration aid to revive stale US sales",
    "headline_extended": "Gum makers are trying to figure out what will make Americans start chewing again",
    "slugline": "BC-US-Gum-Refreshing-Sales, 3rd Ld-Writethru",
    "description_summary": "Gum makers are trying to figure out what will make Americans start chewing again. Generational habits, health concerns and the coronavirus pandemic have gnawed away at gum sales. Some manufacturers are leaving the U.S. market altogether. But Mars, which owns the 133-year-old Wrigley brand, is trying to reposition gum as a stress reliever and a concentration aid as well as a breath freshener. A company executive says the \u201caha moment\u201d came from a nurse in a hospital COVID-19 ward who chewed gum behind a mask to calm herself. Market research firm Circana says U.S. chewing gum sales rose less than 1% last year to 1.2 billion packages, which was still 32% fewer than in 2018.",
    "bylines": [
        {
            "by": "By DEE-ANN DURBIN",
            "title": "AP Business Writer"
        }
    ],
    "copyrightnotice": "Copyright 2024 The Associated Press. All rights reserved. This material may not be published, broadcast, rewritten or redistributed without permission.",
    "usageterms": [
        "This content is intended for editorial use only. For other uses, additional clearances may be required."
    ],
    "keywords": [
        "gum chewing popularity Mars Wrigley"
    ],
    "provider": "AP",
    "infosource": [
        {
            "name": "AP",
            "type": "AP"
        }
    ],
    "subject": [
        {
            "rels": [
                "category"
            ],
            "creator": "Editorial",
            "code": "f",
            "name": "f"
        },
        {
            "rels": [
                "category"
            ],
            "creator": "Editorial",
            "code": "l",
            "name": "l"
        },
        {
            "rels": [
                "category"
            ],
            "creator": "Editorial",
            "code": "a",
            "name": "a"
        },
        {
            "scheme": "http://cv.ap.org/id/",
            "code": "2fca9eb889b710048302d56c852d093e",
            "name": "Corporate management",
            "creator": "Machine",
            "rels": [
                "direct"
            ],
            "relevance": 46
        },
        {
            "scheme": "http://cv.ap.org/id/",
            "code": "5238821888e910048f68f8851349f9bd",
            "name": "Production facilities",
            "creator": "Machine",
            "rels": [
                "direct"
            ],
            "relevance": 53
        },
        {
            "scheme": "http://cv.ap.org/id/",
            "code": "c8e409f8858510048872ff2260dd383e",
            "name": "Business",
            "creator": "Machine",
            "rels": [
                "direct"
            ],
            "relevance": 94
        },
        {
            "scheme": "http://cv.ap.org/id/",
            "code": "9be3fbc88c9910048acdf7ae5e3ffd3e",
            "name": "Food and beverage manufacturing",
            "creator": "Machine",
            "rels": [
                "direct"
            ],
            "relevance": 53
        },
        {
            "scheme": "http://cv.ap.org/id/",
            "code": "35c3e4b4097447a2bb0d91833d539e06",
            "name": "Pandemics",
            "creator": "Machine",
            "rels": [
                "direct"
            ],
            "relevance": 31
        },
        {
            "scheme": "http://cv.ap.org/id/",
            "code": "b17e2751b26d4523a2c99d79e04747ee",
            "name": "COVID-19 pandemic",
            "creator": "Machine",
            "rels": [
                "direct"
            ],
            "relevance": 74
        },
        {
            "scheme": "http://cv.ap.org/id/",
            "code": "b7b3239527ba4f4883a7b036d1b5df1c",
            "name": "Healthy eating",
            "creator": "Machine",
            "rels": [
                "direct"
            ],
            "relevance": 31
        },
        {
            "scheme": "http://cv.ap.org/id/",
            "code": "a4677d70863b4012b846a1b00f5079f5",
            "name": "U.S. news",
            "creator": "Editorial",
            "editorial_subject": "U.S. news",
            "rels": [
                "direct"
            ],
            "relevance": 75
        },
        {
            "scheme": "http://cv.ap.org/id/",
            "code": "f25af2d07e4e100484f5df092526b43e",
            "name": "General news",
            "creator": "Editorial",
            "editorial_subject": "General news",
            "rels": [
                "direct"
            ],
            "relevance": 50
        },
        {
            "scheme": "http://cv.ap.org/id/",
            "code": "3e37e4b87df7100483d5df092526b43e",
            "name": "Lifestyle",
            "creator": "Editorial",
            "editorial_subject": "Lifestyle",
            "rels": [
                "direct"
            ],
            "relevance": 75
        },
        {
            "scheme": "http://cv.ap.org/id/",
            "code": "c8e409f8858510048872ff2260dd383e",
            "name": "Business",
            "creator": "Editorial",
            "editorial_subject": "Business",
            "rels": [
                "direct"
            ],
            "relevance": 99
        }
    ],
    "organisation": [
        {
            "scheme": "http://cv.ap.org/id/",
            "code": "4d6f433e09ab41e69d506848a1d9c5c2",
            "name": "Cadbury PLC",
            "creator": "Machine",
            "rels": [
                "direct"
            ],
            "symbols": [
                {
                    "ticker": "CDSCY",
                    "exchange": "OTCP",
                    "instrument": "OTCP:CDSCY"
                }
            ],
            "relevance": 53
        },
        {
            "scheme": "http://cv.ap.org/id/",
            "code": "9af091ce517a497b8a6a6825aecefd3a",
            "name": "Mondelez International Inc",
            "creator": "Machine",
            "rels": [
                "direct"
            ],
            "symbols": [
                {
                    "ticker": "MDLZ",
                    "exchange": "NASDAQ",
                    "instrument": "NASDAQ:MDLZ"
                },
                {
                    "ticker": "KFTB11B",
                    "exchange": "SAO",
                    "instrument": "SAO:KFTB11B"
                }
            ],
            "relevance": 65
        }
    ],
    "place": [
        {
            "scheme": "http://cv.ap.org/id/",
            "code": "66219fb07d5b100482e2c076b8e3055c",
            "name": "United Kingdom",
            "creator": "Machine",
            "rels": [
                "direct"
            ],
            "parentids": [
                "661850e07d5b100481f4c076b8e3055c"
            ],
            "locationtype": {
                "code": "01f56e0e654841eca2e69bf2cbcc0526",
                "name": "Nation"
            },
            "geometry_geojson": {
                "type": "Point",
                "coordinates": [
                    -4,
                    54
                ]
            },
            "relevance": 69,
            "parentnames": [
                "Europe"
            ]
        }
    ],
    "audiences": [
        {
            "code": "82c6a4c46fa0446090a7acaf93159e4c",
            "name": "Print",
            "type": "AUDPLATFORM"
        },
        {
            "code": "9add4649b53b4702ba7d9de5d4fa607a",
            "name": "Online",
            "type": "AUDPLATFORM"
        },
        {
            "code": "f43adc08760d10048040e6e7a0f4673e",
            "name": "National",
            "type": "AUDSCOPE"
        },
        {
            "code": "f4ecf9b0760d10048044e6e7a0f4673e",
            "name": "International",
            "type": "AUDSCOPE"
        },
        {
            "code": "661850e07d5b100481f5c076b8e3055c",
            "name": "Latin America and Caribbean",
            "type": "AUDGEOGRAPHY"
        },
        {
            "code": "661850e07d5b100481f4c076b8e3055c",
            "name": "Europe",
            "type": "AUDGEOGRAPHY"
        },
        {
            "code": "661e48387d5b10048291c076b8e3055c",
            "name": "United States",
            "type": "AUDGEOGRAPHY"
        }
    ],
    "associations": {
        "1": {
            "altids": {
                "itemid": "74486deb60a24bb5901b37a50e911f4b"
            },
            "type": "video"
        },
        "2": {
            "altids": {
                "itemid": "dfd9fe9ec19547caa39a67c266fe2640"
            },
            "type": "audio"
        },
        "3": {
            "altids": {
                "itemid": "ea384935b4aa43b081bfc1b582c38771"
            },
            "type": "picture"
        },
        "4": {
            "altids": {
                "itemid": "da2ee679dd204c0581ff5954d12c7705"
            },
            "type": "picture"
        },
        "5": {
            "altids": {
                "itemid": "0a49dd8a07954938a0664fe59aba3703"
            },
            "type": "picture"
        },
        "6": {
            "altids": {
                "itemid": "778462e253f742b9b0e52a88d44c4b0f"
            },
            "type": "picture"
        }
    },
    "body_nitf": "<p>Candy companies want to know: What will make Americans <a href=\"https://apnews.com/article/britney-spears-lifestyle-business-food-and-drink-55add692f3b94f589a1a1f17b4ac0dc5\">start chewing gum again</a>?</p><p>Gum\u2019s bubble burst during the COVID-19 pandemic, when <a href=\"https://apnews.com/article/coronavirus-pandemic-ppe-stockpiles-masks-50bf7739fc9d69f4b991a14daadecaba\">masks and social distancing</a> made bad breath less of a worry and fewer people spent on <a href=\"https://apnews.com/general-news-3006afd5b260489fa43e46d4cb2e437f\">impulse buys</a>. The number of packages of gum sold dropped by nearly a third in the United States in 2020, according to Circana, a market research firm.</p><p>Consumer demand has picked up only slightly since then. Last year, U.S. chewing gum sales rose less than 1% to 1.2 billion units, which was still 32% fewer than in 2018. Although sales in dollars are back to pre-pandemic levels, that\u2019s mostly <a href=\"https://apnews.com/hub/inflation\">due to inflation</a>; the average pack of gum cost $2.71 last year, $1.01 more than it did in 2018, Circana said.</p><p>It's a similar story globally. Worldwide gum sales rose 5% last year to more than $16 billion, according to market researcher Euromonitor. That still was 10% below the 2018 sales figure.</p><p>Some manufacturers are responding to the bland demand by leaving the market altogether. In 2022, Mondelez International sold its U.S., Canadian and European gum business, including brands like Trident, Bubblicious, Dentyne and Chiclets, to Amsterdam-based Perfetti Van Melle.</p><p>Chicago-based Mondelez, which makes Oreos and Cadbury chocolates, said it wanted to shift resources to brands with higher growth opportunities.</p><p>Other American confectioners are cutting slow-selling brands. Ferrera Candy Co., which is headquartered in Forest Park, Illinois, quietly ended production of <a href=\"https://apnews.com/article/fruit-stripe-gum-discontinued-624b16ee0066c638154464bf47c4ac9d\">Fruit Stripe</a> and Super Bubble gums in 2022 after more than 50 years.</p><p>Chewing gum is fighting more than <a href=\"https://apnews.com/hub/coronavirus-pandemic\">a virus</a>, however, when its comes to regaining its flavor. Lynn Dornblaser, the director of innovation and insight at market research firm Mintel, said a growing number of consumers are trying <a href=\"https://apnews.com/article/28e626562c88439b96056e843215aa8d\">to limit sugar</a> in their diets and to eat foods with more natural ingredients. That limits the appeal of gum, since even sugar-free varieties often contain artificial sweeteners.</p><p>U.S. consumers, like those in Europe and Asia, also may be increasingly concerned about the stubborn litter from used gum, Dornblaser said. Singapore famously banned the sale, import and manufacturing of chewing gum in 1992, blaming the careless disposal of the substance on subways for gumming up service. More recently, the U.K. government persuaded gum manufacturers to pay for a street-cleaning program to help remove gum and gum stains.</p><p>Dan Sadler, a principal for client insights at Circana, has noticed generational differences in gum chewing.</p><p>Generation X, the cohort born between 1965 and 1980, tends to chew gum more than other age groups, he said. Millennials generally show less interest in gum and candy, while Generation Z consumers are more interested in novelty candies like sour gummies. Nielsen says U.S. unit sales of gummies rose 2.5% over the last year and 4% the year before.</p><p>Mars Inc., which owns the 133-year-old Wrigley brand, thinks it may have an answer: repositioning gum as an instant stress reliever rather than an occasional breath freshener. In January, the company launched a global ad campaign promoting its top-selling Orbit, Extra, Freedent and Yida brands as tools for mental well-being.</p><p>Alyona Fedorchenko, vice president for global gum and mints in Mars' snacking division, said the idea stuck in the summer of 2020, when the company was frantically researching ways to revive sales.</p><p>Fedorchenko remembered talking to a nurse in a hospital COVID-19 ward who chewed gum to calm herself even though she always wore a mask. The nurse's habit meshed with studies by Mars that showed half of chewers reached for gum to relieve stress or boost concentration.</p><p>\u201cThat, for us, was the big \u2018Aha!\u2019\u201d Fedorchenko said. \u201cWe\u2019ve had a century of legacy of fresh breath, and that is still very important. Don\u2019t get me wrong. But there is so much more this category can be.\u201d</p><p>Emphasizing wellness is part of a multi-year effort to attract 10 million new U.S. chewers by 2030, she said. Mars also is introducing new products like Respawn by 5 gum, which is aimed at gamers. The gum contains green tea and vitamin B, and the company promotes those ingredients as a way to help improve focus. Sold in three flavors, Respawn by 5 could lure customers from smaller brands like Rev Energy Gum, which contains caffeine.</p><p>Megan Schwichtenberg, a public relations account director from Minneapolis, buys into the idea of gum as a quick respite. She often chews a piece of fruit-flavored Mentos gum when she\u2019s driving or at the gym, and finds that chewing gum stops her from clenching her jaw during the workday.</p><p>\u201cIf I\u2019m sitting at a desk all day managing a team, I can\u2019t get up and go punch a punching bag,\u201d Schwichtenberg said. \u201cIt\u2019s a way to contain some of that in the space you\u2019re in.\u201d</p><p>But not everyone finds gum enhances well-being. Kylie Faildo, a pelvic floor physical therapist in Denver, thinks artificial sweeteners and swallowing air while chewing made her bloating symptoms worse. She gave up gum two years ago and doesn't plan to go back, even though she misses the ease of popping a piece into her mouth before meeting a client.</p><p>\u201cI use mouthwash a lot more now,\u201d Faildo said.</p><p>Caron Proschan, the founder and CEO of the natural gum brand Simply, said she thinks U.S. gum sales slowed due to a shortage of innovation. Young customers have little disposable income and many distractions, she said, so gum needs to be compelling.</p><p>Simply \u2013 which makes gum from a type of tree sap called chicle instead of synthetic ingredients \u2013 has seen its sales double every year since 2021 without raising prices, Proschan said.</p><p>\u201cConsumers today care about ingredients. They care about quality. The chewing gum category was not evolving to meet the needs of this consumer,\u201d she said.</p><p>Sadler and Dornblaser say they still see growth ahead for gum, but it needs to adapt to customers\u2019 changing tastes and buying habits, including a shift from impulse sales to online shopping.</p><p>Some brands, like the U.K.\u2019s Nuud Gum, are offering subscription plans, for example. Other gum makers are experimenting with pop-up ads that remind customers to add gum to their food delivery orders.</p><p>___</p><p>Teresa Crawford in Chicago contributed to this story.</p>",
    "textformat": "bx",
    "links": [
        {
            "href": "https://apnews.com/article/gum-chewing-popularity-mars-wrigley-ac8251d03c5248d3716988fe144d2333",
            "rel": "canonical"
        }
    ],
    "topics": {
        "Health": {
            "relevance_score": 3,
            "reason": "The document primarily discusses the strategies candy companies are using to revive gum sales in the U.S., including repositioning gum as a stress reliever and concentration aid. While there are mentions of health-related aspects such as stress relief, mental well-being, and the use of natural ingredients, the main focus is on market trends, consumer behavior, and business strategies rather than health itself. Therefore, the document is somewhat relevant to the topic of health but not highly focused on it."
        }
    }
}