﻿{
    "altids": {
        "itemid": "a2959b61297549864946b9df9cb1f222",
        "etag": "a2959b61297549864946b9df9cb1f222_2a10aza0c0",
        "friendlykey": "907761129012",
        "referenceid": "US--Transgender Minors-Alabama"
    },
    "version": 2,
    "type": "text",
    "urgency": 4,
    "profile": "Spot Development",
    "language": "en",
    "versioncreated": "2024-01-12T01:36:31Z",
    "firstcreated": "2024-01-11T22:11:01Z",
    "editorialrole": "FullStory",
    "pubstatus": "usable",
    "ednote": "Eds: UPDATES: Adds reaction from parent, pediatrician and substitutes quote from plaintiff attorney With AP Photo.",
    "editorialtypes": [
        "Lead"
    ],
    "signals": [
        "newscontent"
    ],
    "title": "US--Transgender Minors-Alabama",
    "headline": "Alabama can enforce a ban on gender-affirming care for transgender minors, appeals court rules",
    "headline_extended": "A federal appeals court has ruled that Alabama can begin enforcing a ban outlawing the use of puberty blockers and hormones to treat transgender people under 19",
    "slugline": "AP-US--Transgender Minors-Alabama, 2nd Ld-Writethru",
    "description_summary": "A federal appeals court has ruled that Alabama can begin enforcing a ban outlawing the use of puberty blockers and hormones to treat transgender people under 19. The 11th U.S. Circuit Court of Appeals granted the state\u2019s request to stay a preliminary injunction that had blocked Alabama from enforcing the 2022 law. The Thursday order will allow the ban to take effect immediately. State Attorney General Steve Marshall called the order a \u201csignificant victory for our country, for children, and for common sense.\u201d Lawyers representing parents of transgender adolescents who challenged the Alabama ban say the decision will \u201churt parents and children in the state.\u201d",
    "bylines": [
        {
            "by": "By KIM CHANDLER",
            "title": "Associated Press"
        }
    ],
    "located": "MONTGOMERY, Ala.",
    "datelinelocation": {
        "city": "Montgomery",
        "countryareacode": "AL",
        "countryareaname": "Alabama",
        "countrycode": "USA",
        "countryname": "United States",
        "geometry_geojson": {
            "type": "Point",
            "coordinates": [
                -86.29997,
                32.36681
            ]
        }
    },
    "copyrightnotice": "Copyright 2024 The Associated Press. All rights reserved. This material may not be published, broadcast, rewritten or redistributed without permission.",
    "usageterms": [
        "This content is intended for editorial use only. For other uses, additional clearances may be required."
    ],
    "keywords": [
        "alabama transgender minors health care ban"
    ],
    "provider": "AP",
    "infosource": [
        {
            "name": "AP",
            "type": "AP"
        }
    ],
    "person": [
        {
            "scheme": "http://cv.ap.org/id/",
            "code": "d88f9f711b0f411f867b5835f9e6294e",
            "name": "Kay Ivey",
            "creator": "Machine",
            "rels": [
                "direct"
            ],
            "types": [
                "POLITICIAN",
                "PERSON"
            ],
            "relevance": 39
        }
    ],
    "subject": [
        {
            "rels": [
                "category"
            ],
            "creator": "Editorial",
            "code": "a",
            "name": "a"
        },
        {
            "rels": [
                "category"
            ],
            "creator": "Editorial",
            "code": "n",
            "name": "n"
        },
        {
            "scheme": "http://cv.ap.org/id/",
            "code": "95ee676c42e7428982122fb3360e1f87",
            "name": "Teens",
            "creator": "Machine",
            "rels": [
                "direct"
            ],
            "relevance": 43
        },
        {
            "scheme": "http://cv.ap.org/id/",
            "code": "86aad5207dac100488ecba7fa5283c3e",
            "name": "Politics",
            "creator": "Machine",
            "rels": [
                "direct"
            ],
            "relevance": 84
        },
        {
            "scheme": "http://cv.ap.org/id/",
            "code": "4f95136e072e41c6a81e8fa820e26e9c",
            "name": "Children",
            "creator": "Machine",
            "rels": [
                "direct"
            ],
            "relevance": 54
        },
        {
            "scheme": "http://cv.ap.org/id/",
            "code": "86ba17607dac1004894eba7fa5283c3e",
            "name": "Courts",
            "creator": "Machine",
            "rels": [
                "direct"
            ],
            "relevance": 74
        },
        {
            "scheme": "http://cv.ap.org/id/",
            "code": "570831e088701004882deb2e0e616f0b",
            "name": "Gender",
            "creator": "Machine",
            "rels": [
                "direct"
            ],
            "relevance": 65
        },
        {
            "scheme": "http://cv.ap.org/id/",
            "code": "cc7a76087e4e10048482df092526b43e",
            "name": "Health",
            "creator": "Editorial",
            "editorial_subject": "Health",
            "rels": [
                "direct"
            ],
            "relevance": 75
        },
        {
            "scheme": "http://cv.ap.org/id/",
            "code": "a4677d70863b4012b846a1b00f5079f5",
            "name": "U.S. news",
            "creator": "Editorial",
            "editorial_subject": "U.S. news",
            "rels": [
                "direct"
            ],
            "relevance": 99
        },
        {
            "scheme": "http://cv.ap.org/id/",
            "code": "f25af2d07e4e100484f5df092526b43e",
            "name": "General news",
            "creator": "Editorial",
            "editorial_subject": "General news",
            "rels": [
                "direct"
            ],
            "relevance": 50
        }
    ],
    "place": [
        {
            "scheme": "http://cv.ap.org/id/",
            "code": "b8099e4881d610048a11df092526b43e",
            "name": "Alabama",
            "creator": "Machine",
            "rels": [
                "direct"
            ],
            "parentids": [
                "661e48387d5b10048291c076b8e3055c"
            ],
            "locationtype": {
                "code": "0ae5eb8e00e04295a4fc209c94bfe6ef",
                "name": "State"
            },
            "geometry_geojson": {
                "type": "Point",
                "coordinates": [
                    -86.75026,
                    32.75041
                ]
            },
            "relevance": 97,
            "parentnames": [
                "United States"
            ]
        }
    ],
    "audiences": [
        {
            "code": "82c6a4c46fa0446090a7acaf93159e4c",
            "name": "Print",
            "type": "AUDPLATFORM"
        },
        {
            "code": "9add4649b53b4702ba7d9de5d4fa607a",
            "name": "Online",
            "type": "AUDPLATFORM"
        },
        {
            "code": "f5b16ea8760d10048047e6e7a0f4673e",
            "name": "State",
            "type": "AUDSCOPE"
        },
        {
            "code": "f43adc08760d10048040e6e7a0f4673e",
            "name": "National",
            "type": "AUDSCOPE"
        },
        {
            "code": "f4ecf9b0760d10048044e6e7a0f4673e",
            "name": "International",
            "type": "AUDSCOPE"
        },
        {
            "code": "b8099e4881d610048a11df092526b43e",
            "name": "Alabama",
            "type": "AUDGEOGRAPHY"
        },
        {
            "code": "687e74a082af1004823adf092526b43e",
            "name": "Arkansas",
            "type": "AUDGEOGRAPHY"
        },
        {
            "code": "661850e07d5b100481f5c076b8e3055c",
            "name": "Latin America and Caribbean",
            "type": "AUDGEOGRAPHY"
        },
        {
            "code": "62532b5882c7100488cedf092526b43e",
            "name": "Tennessee",
            "type": "AUDGEOGRAPHY"
        },
        {
            "code": "661e48387d5b10048291c076b8e3055c",
            "name": "United States",
            "type": "AUDGEOGRAPHY"
        }
    ],
    "associations": {
        "1": {
            "altids": {
                "itemid": "4aeb46a10fc5477e808ad0e48378ff92"
            },
            "type": "picture"
        }
    },
    "body_nitf": "<p>MONTGOMERY, Ala. (AP) \u2014 Alabama can begin immediately enforcing a ban outlawing the use of puberty blockers and hormones to treat transgender people under 19, a federal appeals court ruled Thursday, granting the state\u2019s request to stay a preliminary injunction that had <a href=\"https://apnews.com/article/health-alabama-gender-identity-d01d4e362647b28800da7a378041371c\">blocked enforcement of the 2022 law.</a></p><p>The 11th U.S. Circuit Court of Appeals had previously ruled that the injunction <a href=\"https://apnews.com/article/transgender-care-ban-alabama-minors-cccb5ec40b65c3c179600d291e707afd\">should be vacated</a>, but the decision had been effectively on hold for more than 18 months while families with transgender children asked the full appellate court to reconsider the decision. The Thursday order will allow the ban to take effect while the full court decides whether it will revisit the issue.</p><p>The state Attorney General Steve Marshall called the order a \"significant victory for our country, for children and for common sense.\u201d</p><p>\u201cThe physical and psychological safety of our children can now be better protected from these untested and life-altering chemical and surgical procedures through the implementation of the Alabama Vulnerable Child Compassion and Protection Act,\u201d Marshall said.</p><p><a href=\"https://apnews.com/article/health-kay-ivey-alabama-lifestyle-medication-4b3a2b6b35bd80b8c362e749fee8ee12\">Alabama Gov. Kay Ivey</a> signed the Vulnerable Child Compassion and Protection Act into law in April 2022, making it a felony punishable by up to 10 years in prison for doctors to treat people under 19 with puberty blockers or hormones to help affirm their gender identity.</p><p>The ban was blocked less than a month later by a preliminary injunction ordered by U.S. District Judge Liles Burke, who ruled that Alabama had produced no credible evidence to show that transitioning medications are \u201cexperimental.\u201d Alabama appealed the decision to the 11th Circuit.</p><p>At least 22 states have now enacted laws restricting or banning gender-affirming medical care for transgender minors, and many of them face lawsuits or blocked enforcement. Courts have issued mixed rulings, with the nation\u2019s first law, in Arkansas, struck down by a federal judge who said the ban violated the due process rights of young transgender people and their families.</p><p>Lawyers representing parents of transgender adolescents who challenged the Alabama ban said the decision will \u201churt parents and children in the state.\u201d</p><p>\u201cToday\u2019s decision puts parents in the excruciating position of not being able to secure the medical treatment that their transgender adolescents need,\" Jennifer L. Levi, an attorney with GLBTQ Advocates & Defenders, said. \u201cIt\u2019s not the end of this effort to challenge that law, but it\u2019s a really significant and disappointing setback.\u201d</p><p>Parent Jeff Walker said he is reaching out to his 16-year-old transgender daughter's medical provider to \u201cfigure out what can we do\" to continue medications for her. State politicians, he said, are trying to override decisions made by parents and doctors.</p><p>\u201cThese same people that are wanting to restrict my daughter\u2019s access to healthcare would be screaming that this is between a parent and their healthcare provider ... if this was kids wearing masks because of a pandemic, if this was vaccinations,\" Walker said.</p><p>He said the climate in the state and their community has gotten increasingly hostile to families with trans kids. After his daughter, Harleigh, was honored for her activism and appeared on a national talk show, he said another parent called to complain about the school not enforcing the state's bathroom law. The school told Harleigh she could no longer use the girls' bathrooms, he said. He said the \u201clegislators are bullies\u201d and the school system is \u201ckowtowing to the bullying\u201d</p><p>Dr. Morissa Ladinsky, a pediatrician who founded a Birmingham medical team that treats children with gender dysphoria, called the 11th Circuit decision \u201cheartbreaking.\u201d</p><p>\u201cThis is devastating for our patients and families,\" Ladinsky said. \u201cWe will continue to provide all care we are legally able to. But the law taking effect does prevent us from providing medically necessary care.\u201d</p><p>The lawsuit challenging the Alabama ban is scheduled to go to trial in August. The issue could ultimately be headed to the U.S. Supreme Court.</p>",
    "textformat": "bx",
    "links": [
        {
            "href": "https://apnews.com/article/alabama-transgender-minors-health-care-ban-a2959b61297549864946b9df9cb1f222",
            "rel": "canonical"
        }
    ],
    "topics": {
        "Health": {
            "relevance_score": 5,
            "reason": "The document discusses a legal ruling allowing Alabama to enforce a ban on gender-affirming care for transgender minors, which directly impacts the health and medical treatment of these individuals. It includes details about the law, its implications for medical care, and reactions from various stakeholders, all of which are relevant to the topic of health."
        }
    }
}