﻿{
    "altids": {
        "itemid": "ca1d0fac1f662de24eca5289ff8885c1",
        "etag": "ca1d0fac1f662de24eca5289ff8885c1_1a11aza0c0",
        "friendlykey": "231051960253",
        "referenceid": "US--California-Medicaid Rates"
    },
    "version": 1,
    "type": "text",
    "urgency": 4,
    "profile": "Spot Development",
    "language": "en",
    "versioncreated": "2024-03-21T17:05:23Z",
    "firstcreated": "2024-03-21T05:05:46Z",
    "editorialrole": "FullStory",
    "pubstatus": "usable",
    "ednote": "Eds: UPDATES: This story has been updated with legislative approval of the MCO tax increase. EDITS: Minor edits.",
    "editorialtypes": [
        "Lead"
    ],
    "signals": [
        "newscontent"
    ],
    "title": "US--California-Medicaid Rates",
    "headline": "California wants to pay doctors more money to see Medicaid patients",
    "headline_extended": "California wants to pay doctors more money to persuade them to see more Medicaid patients",
    "slugline": "BC-US--California-Medicaid Rates, 1st Ld-Writethru",
    "description_summary": "California wants to pay doctors more money to persuade them to see more Medicaid patients. Medicaid is the government-funded health insurance program for people with low incomes or disabilities. Democrats have greatly increased the number of people eligible for Medicaid in California. But the rates Medicaid pays doctors have not kept up. Last year, California increased a tax on managed care providers. California took the money from this tax and used it to get more money from the federal government. California plans to use this money to increase rates for doctors. But the tax is not a permanent fix.",
    "bylines": [
        {
            "by": "By ADAM BEAM",
            "title": "Associated Press"
        }
    ],
    "located": "SACRAMENTO, Calif.",
    "datelinelocation": {
        "city": "Sacramento",
        "countryareacode": "CA",
        "countryareaname": "California",
        "countrycode": "USA",
        "countryname": "United States",
        "geometry_geojson": {
            "type": "Point",
            "coordinates": [
                -121.4944,
                38.58157
            ]
        }
    },
    "copyrightnotice": "Copyright 2024 The Associated Press. All rights reserved. This material may not be published, broadcast, rewritten or redistributed without permission.",
    "usageterms": [
        "This content is intended for editorial use only. For other uses, additional clearances may be required."
    ],
    "keywords": [
        "California Medicaid rates Gavin Newsom optometrists"
    ],
    "provider": "AP",
    "infosource": [
        {
            "name": "AP",
            "type": "AP"
        }
    ],
    "person": [
        {
            "scheme": "http://cv.ap.org/id/",
            "code": "2fe690579a4042f5bbee491a75dfdc62",
            "name": "Gavin Newsom",
            "creator": "Machine",
            "rels": [
                "direct"
            ],
            "types": [
                "POLITICIAN",
                "PERSON"
            ],
            "associatedstates": [
                {
                    "code": "789fdd8882af10048263df092526b43e",
                    "name": "California"
                }
            ],
            "relevance": 74
        }
    ],
    "subject": [
        {
            "rels": [
                "category"
            ],
            "creator": "Editorial",
            "code": "f",
            "name": "f"
        },
        {
            "rels": [
                "category"
            ],
            "creator": "Editorial",
            "code": "a",
            "name": "a"
        },
        {
            "rels": [
                "category"
            ],
            "creator": "Editorial",
            "code": "n",
            "name": "n"
        },
        {
            "scheme": "http://cv.ap.org/id/",
            "code": "cc7a76087e4e10048482df092526b43e",
            "name": "Health",
            "creator": "Machine",
            "rels": [
                "direct"
            ],
            "relevance": 94
        },
        {
            "scheme": "http://cv.ap.org/id/",
            "code": "86aad5207dac100488ecba7fa5283c3e",
            "name": "Politics",
            "creator": "Machine",
            "rels": [
                "direct"
            ],
            "relevance": 74
        },
        {
            "scheme": "http://cv.ap.org/id/",
            "code": "1b29d45f8e8e4c008e8a58fe6f92a753",
            "name": "Government programs",
            "creator": "Machine",
            "rels": [
                "direct"
            ],
            "relevance": 86
        },
        {
            "scheme": "http://cv.ap.org/id/",
            "code": "cc7a76087e4e10048482df092526b43e",
            "name": "Health",
            "creator": "Editorial",
            "editorial_subject": "Health",
            "rels": [
                "direct"
            ],
            "relevance": 75
        },
        {
            "scheme": "http://cv.ap.org/id/",
            "code": "c8e409f8858510048872ff2260dd383e",
            "name": "Business",
            "creator": "Editorial",
            "editorial_subject": "Business",
            "rels": [
                "direct"
            ],
            "relevance": 75
        },
        {
            "scheme": "http://cv.ap.org/id/",
            "code": "a4677d70863b4012b846a1b00f5079f5",
            "name": "U.S. news",
            "creator": "Editorial",
            "editorial_subject": "U.S. news",
            "rels": [
                "direct"
            ],
            "relevance": 99
        },
        {
            "scheme": "http://cv.ap.org/id/",
            "code": "f25af2d07e4e100484f5df092526b43e",
            "name": "General news",
            "creator": "Editorial",
            "editorial_subject": "General news",
            "rels": [
                "direct"
            ],
            "relevance": 50
        }
    ],
    "organisation": [
        {
            "scheme": "http://cv.ap.org/id/",
            "code": "496ed67ad179489a888a5b0900cf1c59",
            "name": "California state government",
            "creator": "Machine",
            "rels": [
                "direct"
            ],
            "relevance": 41
        },
        {
            "scheme": "http://cv.ap.org/id/",
            "code": "c05dca58760d10048f93e6e7a0f4673e",
            "name": "U.S. Democratic Party",
            "creator": "Machine",
            "rels": [
                "direct"
            ],
            "relevance": 54
        }
    ],
    "place": [
        {
            "scheme": "http://cv.ap.org/id/",
            "code": "789fdd8882af10048263df092526b43e",
            "name": "California",
            "creator": "Machine",
            "rels": [
                "direct"
            ],
            "parentids": [
                "661e48387d5b10048291c076b8e3055c"
            ],
            "locationtype": {
                "code": "0ae5eb8e00e04295a4fc209c94bfe6ef",
                "name": "State"
            },
            "geometry_geojson": {
                "type": "Point",
                "coordinates": [
                    -119.75126,
                    37.25022
                ]
            },
            "relevance": 95,
            "parentnames": [
                "United States"
            ]
        }
    ],
    "audiences": [
        {
            "code": "82c6a4c46fa0446090a7acaf93159e4c",
            "name": "Print",
            "type": "AUDPLATFORM"
        },
        {
            "code": "9add4649b53b4702ba7d9de5d4fa607a",
            "name": "Online",
            "type": "AUDPLATFORM"
        },
        {
            "code": "f43adc08760d10048040e6e7a0f4673e",
            "name": "National",
            "type": "AUDSCOPE"
        },
        {
            "code": "f4ecf9b0760d10048044e6e7a0f4673e",
            "name": "International",
            "type": "AUDSCOPE"
        },
        {
            "code": "f5b16ea8760d10048047e6e7a0f4673e",
            "name": "State",
            "type": "AUDSCOPE"
        },
        {
            "code": "661850e07d5b100481f5c076b8e3055c",
            "name": "Latin America and Caribbean",
            "type": "AUDGEOGRAPHY"
        },
        {
            "code": "789fdd8882af10048263df092526b43e",
            "name": "California",
            "type": "AUDGEOGRAPHY"
        },
        {
            "code": "661e48387d5b10048291c076b8e3055c",
            "name": "United States",
            "type": "AUDGEOGRAPHY"
        }
    ],
    "associations": {
        "1": {
            "altids": {
                "itemid": "5a7a70697e164df4871f3d2072fb176b"
            },
            "type": "picture"
        }
    },
    "body_nitf": "<p>SACRAMENTO, Calif. (AP) \u2014 When Hunter Morgan bought an optometry practice in Southern California three years ago, one of the first things he did was start seeing patients who use Medicaid, the government-funded health insurance program for low-income people.</p><p>The previous owners had not accepted patients on Medicaid, which covers roughly a third of California's 39 million residents. But Morgan felt he had a responsibility to serve people in need.</p><p>Just five months later, Morgan said, he had to stop treating Medicaid patients because of the paltry pay. He charges $175 for eye exams, but the most he could get from Medicaid was about $40. That made it difficult to pay his staff and pricey rent in the upscale beach community of Encinitas, 25 miles (40 kilometers) north of San Diego.</p><p>\u201cWe couldn't function that way,\u201d he said.</p><p>California Gov. Gavin Newsom and his Democratic allies in the state Legislature have greatly increased the number of people on Medicaid, including all eligible adults in the state who are <a href=\"https://apnews.com/article/california-medicaid-expansion-undocumented-immigrants-34d8deb2186e9195b253f499e81a3d77\">in the country without legal permission</a>. But while California's Medicaid now covers about 15 million people, the rates it pays to doctors have not kept up.</p><p>It has contributed to a crisis at some rural hospitals, some of which needed an <a href=\"https://apnews.com/article/hospitals-failing-california-emergency-loan-799865ef7cf99732a8b1c10b77194f4c\">emergency loan</a> from the state Legislature last year to keep from closing. And it has made it harder for people enrolled in Medicaid to find doctors willing to treat them, forcing some to drive long distances to seek care.</p><p>Health care providers have been clamoring for California\u2019s Medicaid program, known as Medi-Cal, to pay them more. But California doesn\u2019t have extra money thanks to back-to-back multibillion-dollar <a href=\"https://apnews.com/article/california-budget-gavin-newsom-public-schools-deficit-f98ad09c8bdf6df07f1998cd057e77c8\">budget deficits</a>. To pay doctors more, Newsom and the state Legislature chose to raise taxes \u2014 but not in the way you might think.</p><p>Just about every state taxes entities such as hospitals, nursing homes and ambulances to help pay for their share of Medicaid. Since 2005, California has taxed managed care organizations \u2014 the private companies that contract with the state to provide Medicaid benefits.</p><p>But unlike with most taxes, the companies don\u2019t have to pay all of it. The state pays most of it for them, then uses the money to trigger more federal payments for Medicaid. That means more money for everybody.</p><p>Last year Newsom signed a law that greatly increased this tax. It means the state will get $19.4 billion through 2026. On Thursday, the Legislature voted to increase it again, which will generate an estimated $1.5 billion more.</p><p>\u201cCalifornia is pulling every lever of government to increase access to affordable, high-quality health care across the state,\u201d Newsom said in a statement to The Associated Press.</p><p>In the past, California has used that kind of surplus to balance its budget. But this time the state has vowed to use part of it to pay doctors more for treating Medicaid patients.</p><p>How much, and who will get it, will be fully decided this year. The first increases last year went to primary care doctors, maternity care and some mental health services. This year\u2019s increases, which have not yet been approved by the Legislature, would include things like obstetric, vaccine and abortion services \u2014 and optometry.</p><p>For optometrists, Newsom is proposing to raise rates to match those paid by Medicare, the federal government\u2019s health insurance program for people 65 and older. That could mean California\u2019s roughly 8,000 licensed optometrists would get a lot more money for Medicaid patients: roughly $130 per exam instead of $47.</p><p>Health care providers have cheered these increases, but they're still nervous. California's budget deficits have only been growing.</p><p>\u201cIf things really did get bad, I think, they could use the money for other purposes,\" said Kristine Schultz, executive director of the California Optometric Association.</p><p>Newsom already wants to change the tax increase he signed last year, which included $11 billion more to hike provider payments over five years. This year, because of the deficit, Newsom wants to use $8 billion for provider payments over four years. Providers would still get the same increase, but it would expire sooner.</p><p>Plus, the federal government must approve California\u2019s tax on managed care organizations every three years. President Joe Biden's administration has signaled recently that it wants to reduce how much money states can collect, and that could force California to lower the tax in the future, cutting into its ability to continue paying doctors' higher rates.</p><p>\u201cIt\u2019s a real concern,\u201d said Stuart Thompson, senior vice president for governmental affairs for the California Medical Association, during a recent public hearing before lawmakers. \u201cWe don\u2019t want to create a scenario in which we have a program that goes for four years and then we reach the cliff.\u201d</p><p>Republicans in the Legislature have criticized Newsom's plan to raise the tax again. There is \"no guarantee it stays in the health care space,\u201d said Assemblymember Vince Fong, a Republican and vice chair of the Assembly Budget Committee.</p><p>But Assembly Democrats appear to view the plan more favorably. Democrat Akilah Weber, chair of the budget subcommittee that oversees health care spending, said the deficit is requiring \u201csome changes\u201d but she remains committed to the rate increases.</p><p>An increase for optometrist payments would be good news for people in Fresno, a Central Valley city with a large population of low-income farm workers who are on Medicaid.</p><p>At one eye care practice in the city, Fogg Remington, Medicaid patients historically made up about 15% of clients. But it stopped accepting new Medicaid patients in January, citing low reimbursement rates and a new law requiring health care workers to be <a href=\"https://apnews.com/article/california-health-care-workers-minimum-wage-274c712eec29573731a479bc7ef9b452#:~:text=October%2013%2C%202023-,SACRAMENTO%2C%20Calif.,wage%20increase%20Newsom%20has%20signed.\">paid at least $25 per hour</a>.</p><p>Fogg Remington optometrist Dr. Anthony Chavez said that if California were to increase its rates, it would be a \u201cno brainer\u201d to reverse that decision.</p><p>\u201cWe want to help these people,\u201d Chavez said.</p>",
    "textformat": "bx",
    "links": [
        {
            "href": "https://apnews.com/article/california-medicaid-rates-gavin-newsom-optometrists-ca1d0fac1f662de24eca5289ff8885c1",
            "rel": "canonical"
        }
    ],
    "topics": {
        "Health": {
            "relevance_score": 5,
            "reason": "The document discusses California's efforts to increase payments to doctors for treating Medicaid patients, which directly impacts the accessibility and quality of healthcare for low-income individuals. It covers various aspects of the healthcare system, including Medicaid, budget deficits, and the implications for healthcare providers and patients. These topics are highly relevant to the broader topic of health."
        }
    }
}