﻿{
    "altids": {
        "itemid": "d4b2485bb3d9034d0866f4dfbdaa9963",
        "etag": "d4b2485bb3d9034d0866f4dfbdaa9963_1a8aza0c0",
        "friendlykey": "998304597428",
        "referenceid": "AS--South-Korea-Doctors-Protest-Explainer"
    },
    "version": 1,
    "type": "text",
    "urgency": 4,
    "profile": "Spot Development",
    "language": "en",
    "versioncreated": "2024-03-22T02:40:22Z",
    "firstcreated": "2024-03-21T10:42:28Z",
    "editorialrole": "FullStory",
    "pubstatus": "usable",
    "ednote": "Eds: UPDATES: Expands audience.",
    "editorialtypes": [
        "Lead"
    ],
    "signals": [
        "newscontent"
    ],
    "title": "AS--South-Korea-Doctors-Protest-Explainer",
    "headline": "Why are striking doctors in South Korea facing license suspensions and what\u2019s next?",
    "headline_extended": "South Korea is poised to start suspending the licenses of thousands of striking junior doctors as punishment for their weekslong walkouts that have shaken hospital operations",
    "slugline": "BC-AS--South-Korea-Doctors-Protest-Explainer, 1st Ld-Writethru",
    "description_summary": "South Korea is poised to start suspending the licenses of thousands of striking junior doctors as punishment for their weekslong walkouts that have shaken hospital operations. The government says it will start informing the striking medical interns and residents next week of its final decision to suspend their licenses. Those doctors missed a Feb. 29 deadline to return to work. It is still unclear whether the move could prompt the doctors to end their strikes anytime soon. The standoff could deepen as some senior doctors plan to submit resignations on Monday in a show of solidarity with the junior strikers.",
    "bylines": [
        {
            "by": "By HYUNG-JIN KIM",
            "title": "Associated Press"
        }
    ],
    "located": "SEOUL, South Korea",
    "datelinelocation": {
        "city": "Seoul",
        "countrycode": "KOR",
        "countryname": "South Korea",
        "geometry_geojson": {
            "type": "Point",
            "coordinates": [
                126.9784,
                37.566
            ]
        }
    },
    "copyrightnotice": "Copyright 2024 The Associated Press. All rights reserved. This material may not be published, broadcast, rewritten or redistributed without permission.",
    "usageterms": [
        "This content is intended for editorial use only. For other uses, additional clearances may be required."
    ],
    "keywords": [
        "south korea doctors strikes license suspensions"
    ],
    "provider": "AP",
    "infosource": [
        {
            "name": "AP",
            "type": "AP"
        }
    ],
    "subject": [
        {
            "rels": [
                "category"
            ],
            "creator": "Editorial",
            "code": "f",
            "name": "f"
        },
        {
            "rels": [
                "category"
            ],
            "creator": "Editorial",
            "code": "i",
            "name": "i"
        },
        {
            "scheme": "http://cv.ap.org/id/",
            "code": "5f7806eec29a4884b038a26d799e9326",
            "name": "Strikes",
            "creator": "Machine",
            "rels": [
                "direct"
            ],
            "relevance": 61
        },
        {
            "scheme": "http://cv.ap.org/id/",
            "code": "cc7a76087e4e10048482df092526b43e",
            "name": "Health",
            "creator": "Machine",
            "rels": [
                "direct"
            ],
            "relevance": 94
        },
        {
            "scheme": "http://cv.ap.org/id/",
            "code": "0e8cf338896510048024d56c852d093e",
            "name": "Protests and demonstrations",
            "creator": "Machine",
            "rels": [
                "direct"
            ],
            "relevance": 48
        },
        {
            "scheme": "http://cv.ap.org/id/",
            "code": "cc7a76087e4e10048482df092526b43e",
            "name": "Health",
            "creator": "Editorial",
            "editorial_subject": "Health",
            "rels": [
                "direct"
            ],
            "relevance": 75
        },
        {
            "scheme": "http://cv.ap.org/id/",
            "code": "c8e409f8858510048872ff2260dd383e",
            "name": "Business",
            "creator": "Editorial",
            "editorial_subject": "Business",
            "rels": [
                "direct"
            ],
            "relevance": 75
        },
        {
            "scheme": "http://cv.ap.org/id/",
            "code": "bb2d2c5f441a452cb24bb511a2ab5eea",
            "name": "World news",
            "creator": "Editorial",
            "editorial_subject": "World news",
            "rels": [
                "direct"
            ],
            "relevance": 99
        },
        {
            "scheme": "http://cv.ap.org/id/",
            "code": "f25af2d07e4e100484f5df092526b43e",
            "name": "General news",
            "creator": "Editorial",
            "editorial_subject": "General news",
            "rels": [
                "direct"
            ],
            "relevance": 50
        }
    ],
    "place": [
        {
            "scheme": "http://cv.ap.org/id/",
            "code": "661be2f07d5b10048252c076b8e3055c",
            "name": "South Korea",
            "creator": "Machine",
            "rels": [
                "direct"
            ],
            "parentids": [
                "661812607d5b100481f3c076b8e3055c"
            ],
            "locationtype": {
                "code": "01f56e0e654841eca2e69bf2cbcc0526",
                "name": "Nation"
            },
            "geometry_geojson": {
                "type": "Point",
                "coordinates": [
                    127.5,
                    37
                ]
            },
            "relevance": 72,
            "parentnames": [
                "Asia"
            ]
        }
    ],
    "audiences": [
        {
            "code": "82c6a4c46fa0446090a7acaf93159e4c",
            "name": "Print",
            "type": "AUDPLATFORM"
        },
        {
            "code": "9add4649b53b4702ba7d9de5d4fa607a",
            "name": "Online",
            "type": "AUDPLATFORM"
        },
        {
            "code": "f43adc08760d10048040e6e7a0f4673e",
            "name": "National",
            "type": "AUDSCOPE"
        },
        {
            "code": "f4ecf9b0760d10048044e6e7a0f4673e",
            "name": "International",
            "type": "AUDSCOPE"
        },
        {
            "code": "661812607d5b100481f3c076b8e3055c",
            "name": "Asia",
            "type": "AUDGEOGRAPHY"
        },
        {
            "code": "661e48387d5b10048291c076b8e3055c",
            "name": "United States",
            "type": "AUDGEOGRAPHY"
        }
    ],
    "associations": {
        "1": {
            "altids": {
                "itemid": "42004204d2f7466d9586c36b4344be26"
            },
            "type": "picture"
        },
        "2": {
            "altids": {
                "itemid": "b61bc55157f749f6868ea0dc9b0c7755"
            },
            "type": "picture"
        },
        "3": {
            "altids": {
                "itemid": "47901bfd7e8b4a7a9de323ef7276e80d"
            },
            "type": "picture"
        }
    },
    "body_nitf": "<p>SEOUL, South Korea (AP) \u2014 South Korea is poised to <a href=\"https://apnews.com/article/south-korea-doctors-strike-suspensions-efbdddae9c6a4ddee19f4ba294202db3\">start suspending</a> the licenses of thousands of striking junior doctors as a punitive measure against their weekslong walkouts that have shaken hospital operations.</p><p>Starting next week, the government said it will inform the striking medical interns and residents of its final decision to <a href=\"https://apnews.com/article/south-korea-doctors-strike-24373cfcff51b743b394d60d29411c49\">suspend their licenses</a> for missing a government-imposed Feb. 29 deadline to return to work.</p><p>It's still unclear whether the move will prompt the doctors to end their strikes, and the standoff could still deepen as some senior doctors plan to submit resignations on Monday in a show of solidarity with the junior strikers.</p><p>Here are the latest developments on the strikes touched off by <a href=\"https://apnews.com/article/south-korea-doctors-walkouts-patients-explained-326632dd061fc3b004b663cc761f9016\">the government's announcement</a> in early February that it would recruit 2,000 more medical students yearly.</p><hl2>WHY ARE THEIR LICENSES BEING SUSPENDED?</hl2><p>Since early March, the South Korean government has been taking a series of <a href=\"https://apnews.com/article/south-korea-doctors-strike-license-suspensions-ca9f3e96de730b4f29d6e55f940b305f#:~:text=SEOUL%2C%20South%20Korea%20(AP),have%20severely%20impacted%20hospital%20operations.\">administrative steps</a> to suspend the licenses of about 12,000 junior doctors. The steps include informing the strikers about possible suspensions and giving them opportunities to respond.</p><p>Vice Health Minister Park Min-soo said Tuesday the government is expected to finish those administrative steps for some of the strikers next week and that it will send them final government notices about their impending license suspensions.</p><p>Each notice would contain details including when a license suspension will take effect and how long it will last. By law, they must be delivered in person or by mail. But for those whose addresses are unknown, the suspensions would take effect after related information is posted on the government website, according to the Health Ministry.</p><p>Health officials have said each striking doctor could face a minimum three-month license suspension and possible indictment by prosecutors. The country's medical law allows <a href=\"https://apnews.com/article/south-korea-trainee-doctors-strike-walkout-hospitals-8a62a4d23b87019e75beac59c32698a2\">punishments</a> of medical personnel if they refuse government orders to resume work.</p><p>Park repeated his appeal for doctors to report back to work, suggesting those who return would face unspecified softer punishments. He previously warned that junior doctors with suspension records could face delays in getting licenses for specialists or trouble in finding jobs.</p><hl2>WHAT ARE THE PROSPECTS FOR WALKOUTS?</hl2><p>Despite the suspensions, striking doctors won't likely back down anytime soon as they have already ignored repeated warnings they must return to work or face prosecution.</p><p>Some observers have questioned whether the government could suspend all the <a href=\"https://apnews.com/article/south-korea-trainee-doctors-walk-off-d991fc8a07c535ea737b4f31b01c5658\">striking doctors</a>, who represent more than 90% of the country's 13,000 interns and resident doctors. They said the government would likely target strike leaders and that they would likely respond with legal action.</p><p>Further complicating the situation, senior doctors at major university hospitals \u2014 where most of the striking doctors trained \u2014 are threatening to submit resignations en masse early next week. They plan to continue their work for the time being, but if they walk off the job like the junior doctors, that would cause a much bigger strain on South Korea's medical services, observers say.</p><p>The government urged <a href=\"https://apnews.com/article/south-korea-doctors-walkouts-health-123d5ad09acc6a3eeeb8546fa3758cfb\">senior doctors</a> to cancel those plans. It recently sent notices to <a href=\"https://apnews.com/article/south-korea-doctors-strikes-license-suspensions-f7fd03bdf52577d7fa084bda26282e48\">two senior doctors</a> who lead an emergency committee for the walkouts, telling them their licenses would be suspended for three months for allegedly inciting the junior doctors' strikes. One of the two doctors, Park Myung-Ha, accused the government of attempting to break up the emergency committee and sending a warning message to the striking junior doctors.</p><p>The government on Wednesday announced detailed plans for how to allocate the additional 2,000 admission seats to medical schools, indicating that the government has no intention of revising its plans. The doctors' emergency committee said in a statement Thursday that the striking doctors \u201ccan't repress our astonishment and anger.\u201d</p><hl2>WHAT IS AT THE CENTER OF THE DISPUTE?</hl2><p>At the heart of the confrontation is a government plan to increase the country\u2019s medical school enrollment quota by 2,000 starting next year, from the current cap of 3,058, which has been unchanged since 2006.</p><p>The government says it needs to add up to 10,000 doctors by 2035 because the country has one of the world's fastest-aging populations and its doctors-to-population ratio is among the lowest among advanced economies. Officials say more doctors are needed to address a long-running shortage of physicians in low-paying but key essential professions like pediatrics and emergency departments.</p><p>But doctors say universities can't offer quality education to such an abruptly increased number of students and that it would ultimately hurt the quality of South Korea's medical services. They say doctors in greater competition would likely engage in overtreatment and that newly recruited students would also likely want to work in high-paying, popular professions like plastic surgery and dermatology.</p><p>The doctors' protests haven't generated public support, with a recent survey showing that about 90% of respondents support an increase in the medical school admission cap. Some critics say the striking doctors worry that adding more doctors would result in lower incomes in the future.</p><p>The striking doctors account for less than 10% of the country's 140,000 doctors. But in some major hospitals, they represent 30-40% of the total doctors and assist senior doctors and deal with inpatients. Their walkouts have subsequently led to hundreds of cancelled or postponed surgeries and other treatments.</p>",
    "textformat": "bx",
    "links": [
        {
            "href": "https://apnews.com/article/south-korea-doctors-strikes-license-suspensions-d4b2485bb3d9034d0866f4dfbdaa9963",
            "rel": "canonical"
        }
    ],
    "topics": {
        "Health": {
            "relevance_score": 5,
            "reason": "The document is highly relevant to the topic of Health. It discusses the ongoing strike by junior doctors in South Korea, the government's response to suspend their licenses, and the broader implications for the healthcare system. The article covers various aspects of the healthcare sector, including medical education, workforce shortages, and the impact on hospital operations and patient care. These elements are directly related to the topic of Health."
        }
    }
}