﻿{
    "altids": {
        "itemid": "d91d2cd100f57d6e60622e1f51cde042",
        "etag": "d91d2cd100f57d6e60622e1f51cde042_2a4aza0c0",
        "friendlykey": "97542079942",
        "referenceid": "EU--Russia-Navalny"
    },
    "version": 2,
    "type": "text",
    "urgency": 4,
    "profile": "Spot Development",
    "language": "en",
    "versioncreated": "2024-03-21T22:54:51Z",
    "firstcreated": "2024-03-21T17:15:47Z",
    "editorialrole": "FullStory",
    "pubstatus": "usable",
    "ednote": "Eds: UPDATES: To link a video.",
    "editorialtypes": [
        "Lead"
    ],
    "signals": [
        "newscontent"
    ],
    "title": "EU--Russia-Navalny",
    "headline": "Russian court rejects suit by Navalny's mother claiming poor medical treatment by prison",
    "headline_extended": "A Russian court has rejected a lawsuit filed by the mother of Alexei Navalny, the Russian opposition stalwart who died in prison in February, that claimed he received inadequate medical care, a close Navalny colleague said",
    "slugline": "AP-EU--Russia-Navalny, 2nd Ld-Writethru",
    "description_summary": "A Russian court has rejected a lawsuit filed by the mother of Alexei Navalny, the Russian opposition stalwart who died in prison in February, that claimed he received inadequate medical care, a close Navalny colleague said. Ivan Zhdanov, head of the Anti-Corruption Foundation that was started by Navalny, said the court in the town of Labytnangi, near the Arctic prison where he died, turned down the suit because it said only Navalny himself could be the plaintiff. \u201cAlexei filed claims against the colonies many times for failure to provide medical care. The claims were denied. Now that he was killed, his family\u2019s claim is being denied with mocking wording,\u201d Zhdanov said on the Telegram messaging app.",
    "bylines": [
        {
            "by": "By The Associated Press"
        }
    ],
    "copyrightnotice": "Copyright 2024 The Associated Press. All rights reserved. This material may not be published, broadcast, rewritten or redistributed without permission.",
    "usageterms": [
        "This content is intended for editorial use only. For other uses, additional clearances may be required."
    ],
    "keywords": [
        "russia navalny mother lawsuit prison treatment"
    ],
    "provider": "AP",
    "infosource": [
        {
            "name": "AP",
            "type": "AP"
        }
    ],
    "person": [
        {
            "scheme": "http://cv.ap.org/id/",
            "code": "e0eafbf047e348d89c01c12eb02717a9",
            "name": "Alexei Navalny",
            "creator": "Machine",
            "rels": [
                "direct"
            ],
            "types": [
                "NEWSMAKER",
                "PERSON"
            ],
            "relevance": 92
        }
    ],
    "subject": [
        {
            "rels": [
                "category"
            ],
            "creator": "Editorial",
            "code": "a",
            "name": "a"
        },
        {
            "scheme": "http://cv.ap.org/id/",
            "code": "4626a38a1b52454ca5d01755d14f1dc9",
            "name": "Legal proceedings",
            "creator": "Machine",
            "rels": [
                "direct"
            ],
            "relevance": 55
        },
        {
            "scheme": "http://cv.ap.org/id/",
            "code": "5898d3303b1e4dfc9e4ae39ed34f3378",
            "name": "Lawsuits",
            "creator": "Machine",
            "rels": [
                "direct"
            ],
            "relevance": 55
        },
        {
            "scheme": "http://cv.ap.org/id/",
            "code": "cc7a76087e4e10048482df092526b43e",
            "name": "Health",
            "creator": "Machine",
            "rels": [
                "direct"
            ],
            "relevance": 84
        },
        {
            "scheme": "http://cv.ap.org/id/",
            "code": "86ba17607dac1004894eba7fa5283c3e",
            "name": "Courts",
            "creator": "Machine",
            "rels": [
                "direct"
            ],
            "relevance": 74
        },
        {
            "scheme": "http://cv.ap.org/id/",
            "code": "4c96e8e92e0441579dbce2f9e8d06493",
            "name": "Prisons",
            "creator": "Machine",
            "rels": [
                "direct"
            ],
            "relevance": 39
        },
        {
            "scheme": "http://cv.ap.org/id/",
            "code": "bb2d2c5f441a452cb24bb511a2ab5eea",
            "name": "World news",
            "creator": "Editorial",
            "editorial_subject": "World news",
            "rels": [
                "direct"
            ],
            "relevance": 99
        },
        {
            "scheme": "http://cv.ap.org/id/",
            "code": "f25af2d07e4e100484f5df092526b43e",
            "name": "General news",
            "creator": "Editorial",
            "editorial_subject": "General news",
            "rels": [
                "direct"
            ],
            "relevance": 50
        }
    ],
    "organisation": [
        {
            "scheme": "http://cv.ap.org/id/",
            "code": "bce92d072ce8417a9ce0dd7aa8a75b08",
            "name": "Russia government",
            "creator": "Machine",
            "rels": [
                "direct"
            ],
            "relevance": 48
        }
    ],
    "audiences": [
        {
            "code": "82c6a4c46fa0446090a7acaf93159e4c",
            "name": "Print",
            "type": "AUDPLATFORM"
        },
        {
            "code": "9add4649b53b4702ba7d9de5d4fa607a",
            "name": "Online",
            "type": "AUDPLATFORM"
        },
        {
            "code": "f4ecf9b0760d10048044e6e7a0f4673e",
            "name": "International",
            "type": "AUDSCOPE"
        },
        {
            "code": "f43adc08760d10048040e6e7a0f4673e",
            "name": "National",
            "type": "AUDSCOPE"
        },
        {
            "code": "661850e07d5b100481f4c076b8e3055c",
            "name": "Europe",
            "type": "AUDGEOGRAPHY"
        },
        {
            "code": "661e48387d5b10048291c076b8e3055c",
            "name": "United States",
            "type": "AUDGEOGRAPHY"
        }
    ],
    "associations": {
        "1": {
            "altids": {
                "itemid": "c729aa1bfc824da585aa95aa7c9a1176"
            },
            "type": "picture"
        },
        "2": {
            "altids": {
                "itemid": "a8d1a011ffdc441d8bfc9ceed4a6335b"
            },
            "type": "video"
        }
    },
    "body_nitf": "<p>A Russian court has rejected a lawsuit filed by the mother of <a href=\"https://apnews.com/hub/alexei-navalny\">Alexei Navalny</a>, the Russian opposition stalwart who died in prison in February, that claimed he received inadequate medical care, a close Navalny colleague said Thursday.</p><p>Ivan Zhdanov, head of the Anti-Corruption Foundation that was started by Navalny, said the court in the town of Labytnangi, near the Arctic prison where he died, turned down the suit because it said only Navalny himself could be the plaintiff.</p><p>\u201cAlexei filed claims against the colonies many times for failure to provide medical care. The claims were denied. Now that he was killed, his family\u2019s claim is being denied with mocking wording,\u201d Zhdanov said on the Telegram messaging app.</p><p>Navalny, the most persistent foe of <a href=\"https://apnews.com/hub/vladimir-putin\">President Vladimir Putin</a>, was serving a 19-year sentence. He had been behind bars since January 2021 after returning to Russia from Germany where he had been recovering from nerve-agent poisoning that he blamed on the Kremlin.</p><p>The cause of his <a href=\"https://apnews.com/article/russia-navalny-dead-opposition-leader-2d11644f7ae5332587b39150f1fd1738\">Feb. 16 death</a> has been described by officials only as due to natural causes.</p>",
    "textformat": "bx",
    "links": [
        {
            "href": "https://apnews.com/article/russia-navalny-mother-lawsuit-prison-treatment-d91d2cd100f57d6e60622e1f51cde042",
            "rel": "canonical"
        }
    ],
    "topics": {
        "Health": {
            "relevance_score": 3,
            "reason": "The document discusses a lawsuit related to the alleged inadequate medical treatment of Alexei Navalny while he was in prison. Although the primary focus is on the legal proceedings and the political context, the issue of medical care is a significant part of the content. However, it does not delve deeply into health topics or medical details, which limits its overall relevance to the topic of health."
        }
    }
}