﻿{
    "altids": {
        "itemid": "515bbed07f77f5df95fd8ae1ecce9a5d",
        "etag": "515bbed07f77f5df95fd8ae1ecce9a5d_1a2aza0c0",
        "friendlykey": "36730207804",
        "referenceid": "WI-XGR--Legalizing Marijuana-Wisconsin"
    },
    "version": 1,
    "type": "text",
    "urgency": 4,
    "profile": "Spot Development",
    "language": "en",
    "versioncreated": "2024-01-16T22:01:39Z",
    "firstcreated": "2024-01-16T21:56:12Z",
    "editorialrole": "FullStory",
    "pubstatus": "usable",
    "ednote": "Eds: UPDATES: Links photo.",
    "editorialtypes": [
        "Lead"
    ],
    "signals": [
        "newscontent"
    ],
    "title": "WI-XGR--Legalizing Marijuana-Wisconsin",
    "headline": "Wisconsin Republicans appear to be at an impasse over medical marijuana legalization plan",
    "headline_extended": "Wisconsin Republicans appear to be at an impasse over a proposal to legalize medical marijuana",
    "slugline": "BC-WI-XGR--Legalizing Marijuana-Wisconsin, 1st Ld-Writethru",
    "description_summary": "Wisconsin Republicans appear to be at an impasse over a proposal to legalize medical marijuana. Assembly Speaker Robin Vos said Tuesday that he would not compromise with state Senate Republicans to address their concerns with his proposal. Senate Majority Leader Devin LeMahieu last week said the bill\u2019s creation of state-run dispensaries was a \u201cnonstarter.\u201d Vos said at a news conference that \u201cmonths and months of negotiations\u201d resulted in a \u201cvery detailed bill\u201d he proposed that has the minimum 50 votes needed to pass among Republicans. LeMahieu last week said it was open to making changes to the bill in an effort to find a compromise that could pass the Senate.",
    "bylines": [
        {
            "by": "By SCOTT BAUER",
            "title": "Associated Press"
        }
    ],
    "located": "MADISON, Wis .",
    "copyrightnotice": "Copyright 2024 The Associated Press. All rights reserved. This material may not be published, broadcast, rewritten or redistributed without permission.",
    "usageterms": [
        "This content is intended for editorial use only. For other uses, additional clearances may be required."
    ],
    "keywords": [
        "Wisconsin medical recreational marijuana Republican"
    ],
    "provider": "AP",
    "infosource": [
        {
            "name": "AP",
            "type": "AP"
        }
    ],
    "person": [
        {
            "scheme": "http://cv.ap.org/id/",
            "code": "1dc502af06274725a9b6a9f2c5856e90",
            "name": "Tony Evers",
            "creator": "Machine",
            "rels": [
                "direct"
            ],
            "types": [
                "POLITICIAN",
                "PERSON"
            ],
            "relevance": 32
        }
    ],
    "subject": [
        {
            "rels": [
                "category"
            ],
            "creator": "Editorial",
            "code": "n",
            "name": "n"
        },
        {
            "scheme": "http://cv.ap.org/id/",
            "code": "a328daf6767245f18a263276f2e111f3",
            "name": "Marijuana",
            "creator": "Machine",
            "rels": [
                "direct"
            ],
            "relevance": 67
        },
        {
            "scheme": "http://cv.ap.org/id/",
            "code": "d8e79a587f00100483bff571351eed07",
            "name": "Pain management",
            "creator": "Machine",
            "rels": [
                "direct"
            ],
            "relevance": 45
        },
        {
            "scheme": "http://cv.ap.org/id/",
            "code": "86b08df87dac1004890cba7fa5283c3e",
            "name": "Voting",
            "creator": "Machine",
            "rels": [
                "direct"
            ],
            "relevance": 35
        },
        {
            "scheme": "http://cv.ap.org/id/",
            "code": "86aad5207dac100488ecba7fa5283c3e",
            "name": "Politics",
            "creator": "Machine",
            "rels": [
                "direct"
            ],
            "relevance": 87
        },
        {
            "scheme": "http://cv.ap.org/id/",
            "code": "cc7a76087e4e10048482df092526b43e",
            "name": "Health",
            "creator": "Editorial",
            "editorial_subject": "Health",
            "rels": [
                "direct"
            ],
            "relevance": 75
        },
        {
            "scheme": "http://cv.ap.org/id/",
            "code": "a4677d70863b4012b846a1b00f5079f5",
            "name": "U.S. news",
            "creator": "Editorial",
            "editorial_subject": "U.S. news",
            "rels": [
                "direct"
            ],
            "relevance": 99
        },
        {
            "scheme": "http://cv.ap.org/id/",
            "code": "f25af2d07e4e100484f5df092526b43e",
            "name": "General news",
            "creator": "Editorial",
            "editorial_subject": "General news",
            "rels": [
                "direct"
            ],
            "relevance": 50
        }
    ],
    "organisation": [
        {
            "scheme": "http://cv.ap.org/id/",
            "code": "d4b82a78857310048a38ff2260dd383e",
            "name": "United States Senate",
            "creator": "Machine",
            "rels": [
                "direct"
            ],
            "relevance": 57
        }
    ],
    "place": [
        {
            "scheme": "http://cv.ap.org/id/",
            "code": "1bc1bc3082c81004896cdf092526b43e",
            "name": "Wisconsin",
            "creator": "Machine",
            "rels": [
                "direct"
            ],
            "parentids": [
                "661e48387d5b10048291c076b8e3055c"
            ],
            "locationtype": {
                "code": "0ae5eb8e00e04295a4fc209c94bfe6ef",
                "name": "State"
            },
            "geometry_geojson": {
                "type": "Point",
                "coordinates": [
                    -90.00041,
                    44.50024
                ]
            },
            "relevance": 76,
            "parentnames": [
                "United States"
            ]
        }
    ],
    "audiences": [
        {
            "code": "82c6a4c46fa0446090a7acaf93159e4c",
            "name": "Print",
            "type": "AUDPLATFORM"
        },
        {
            "code": "9add4649b53b4702ba7d9de5d4fa607a",
            "name": "Online",
            "type": "AUDPLATFORM"
        },
        {
            "code": "f5b16ea8760d10048047e6e7a0f4673e",
            "name": "State",
            "type": "AUDSCOPE"
        },
        {
            "code": "1bc1bc3082c81004896cdf092526b43e",
            "name": "Wisconsin",
            "type": "AUDGEOGRAPHY"
        }
    ],
    "associations": {
        "1": {
            "altids": {
                "itemid": "2d322f0157ba49f08409225174e8649b"
            },
            "type": "picture"
        }
    },
    "body_nitf": "<p>MADISON, Wis . (AP) \u2014 Wisconsin Republicans appear to be at an impasse over a <a href=\"https://apnews.com/article/legalized-marijuana-medical-wisconsin-recreational-0813535b1f3bdc3b2498ec1e8f5f384f\">proposal to legalize medical marijuana</a>.</p><p>Assembly Speaker Robin Vos said Tuesday that he would not compromise with state Senate Republicans to address their concerns with his proposal. Senate Majority Leader Devin LeMahieu <a href=\"https://apnews.com/article/wisconsin-medical-marijuana-dispensaries-recreational-0535a438adaf9f02acc3c75a263a48b6\">last week said</a> the bill's proposed creation of state-run dispensaries was a \u201cnonstarter.\u201d</p><p>Vos said at a news conference that \u201cmonths and months of negotiations\u201d resulted in a \u201cvery detailed bill\u201d he proposed that has the minimum 50 votes needed to pass among Republicans.</p><p>\u201cTaking and renegotiating the bill means we probably lose votes in our caucus,\u201d Vos said. \u201cSo I\u2019d rather get us through to keep the promise we made, which is to have a comprehensive bill that can actually become law as opposed to an ethereal idea that maybe somebody could support someday but it never actually makes it anywhere.\u201d</p><p>LeMahieu last week said he was open to making changes to the bill in an effort to find a compromise that could pass in the Senate.</p><p>The highly restrictive bill would limit medical marijuana to severely ill people with chronic diseases such as cancer and allow for it to be dispensed at just five state-run locations. Smokable marijuana would not be allowed.</p><p>The proposal would limit the availability of marijuana to people diagnosed with certain diseases, including cancer, HIV or AIDS, glaucoma, multiple sclerosis, inflammatory bowel disease, severe muscle spasms, chronic pain or nausea, and those with a terminal illness and less than a year to live.</p><p>Wisconsin remains an outlier nationally. Thirty-eight states have legalized medical marijuana and 24 have legalized recreational marijuana. The push for legalization in Wisconsin has <a href=\"https://apnews.com/article/business-health-wisconsin-marijuana-legalization-3d1920c4696b5f88a1aaa2ad2e30d924\">gained momentum</a> as its neighbors have loosened their laws.</p><p>The measure would need to pass the Senate and Assembly and be signed by Democratic Gov. Tony Evers to become law. Evers, who like many Democrats is a proponent of full legalization, <a href=\"https://apnews.com/article/medical-marijuana-wisconsin-791ec7b59d2d32e195b9b7d8f52f44c7\">said this month</a> that he would support medical marijuana only but was noncommittal on the Assembly\u2019s plan.</p>",
    "textformat": "bx",
    "links": [
        {
            "href": "https://apnews.com/article/wisconsin-medical-recreational-marijuana-republican-515bbed07f77f5df95fd8ae1ecce9a5d",
            "rel": "canonical"
        }
    ],
    "topics": {
        "Health": {
            "relevance_score": 3,
            "reason": "The document discusses the political impasse over the legalization of medical marijuana in Wisconsin. While the topic of medical marijuana does have health implications, the document primarily focuses on the political and legislative aspects rather than the health benefits or medical research related to marijuana. Therefore, it is somewhat relevant to the topic of health but not highly focused on it."
        }
    }
}