﻿{
    "altids": {
        "itemid": "40e44cf65507970c30c952f039c0373a",
        "etag": "40e44cf65507970c30c952f039c0373a_0a16aza0c0",
        "friendlykey": "761732721143",
        "referenceid": "EU--Britain-Sarah Ferguson"
    },
    "version": 0,
    "type": "text",
    "urgency": 4,
    "profile": "Spot Development",
    "language": "en",
    "versioncreated": "2024-01-21T19:45:41Z",
    "firstcreated": "2024-01-21T19:45:40Z",
    "editorialrole": "FullStory",
    "pubstatus": "usable",
    "ednote": "Eds: UPDATES: Updates Media.",
    "signals": [
        "newscontent"
    ],
    "title": "EU--Britain-Sarah Ferguson",
    "headline": "Sarah, the Duchess of York, diagnosed with malignant melanoma found during breast cancer treatment",
    "headline_extended": "Sarah, the Duchess of York, has been diagnosed with a malignant skin cancer that was discovered during her treatment for breast cancer",
    "slugline": "BC-EU-Britain-Sarah-Ferguson",
    "description_summary": "Sarah, the Duchess of York, has been diagnosed with a malignant skin cancer that was discovered during her treatment for breast cancer. A spokesperson said Sunday that the melanoma was found after several moles were removed while she was undergoing reconstructive surgery after a mastectomy. Doctors are analyzing it to see if it was caught early. The 64-year-old ex-wife of Prince Andrew and the mother of Princess Beatrice and Princess Eugenie was once a favorite target of Britain\u2019s tabloids. The former Sarah Ferguson, known as \u201cFergie,\u201d has published her memoirs and authored a number of children\u2019s books and historical romance for adults.",
    "located": "LONDON",
    "datelinelocation": {
        "city": "London",
        "countrycode": "GBR",
        "countryname": "United Kingdom",
        "geometry_geojson": {
            "type": "Point",
            "coordinates": [
                -0.12574,
                51.50853
            ]
        }
    },
    "copyrightnotice": "Copyright 2024 The Associated Press. All rights reserved. This material may not be published, broadcast, rewritten or redistributed without permission.",
    "usageterms": [
        "This content is intended for editorial use only. For other uses, additional clearances may be required."
    ],
    "keywords": [
        "Sarah Ferguson Duchess skin cancer melanoma Andrew"
    ],
    "provider": "AP",
    "infosource": [
        {
            "name": "AP",
            "type": "AP"
        }
    ],
    "subject": [
        {
            "rels": [
                "category"
            ],
            "creator": "Editorial",
            "code": "i",
            "name": "i"
        },
        {
            "rels": [
                "category"
            ],
            "creator": "Editorial",
            "code": "e",
            "name": "e"
        },
        {
            "scheme": "http://cv.ap.org/id/",
            "code": "e2274b807de410048f9cdf092526b43e",
            "name": "Skin cancer",
            "creator": "Machine",
            "rels": [
                "direct"
            ],
            "relevance": 58
        },
        {
            "scheme": "http://cv.ap.org/id/",
            "code": "cc7a76087e4e10048482df092526b43e",
            "name": "Health",
            "creator": "Machine",
            "rels": [
                "direct"
            ],
            "relevance": 91
        },
        {
            "scheme": "http://cv.ap.org/id/",
            "code": "e22563387de410048f92df092526b43e",
            "name": "Breast cancer",
            "creator": "Machine",
            "rels": [
                "direct"
            ],
            "relevance": 91
        },
        {
            "scheme": "http://cv.ap.org/id/",
            "code": "90aeac5089ef10048f63d56c852d093e",
            "name": "Royalty",
            "creator": "Machine",
            "rels": [
                "direct"
            ],
            "relevance": 74
        },
        {
            "scheme": "http://cv.ap.org/id/",
            "code": "16cb0ba3e6d24d97ace39f5a1924669a",
            "name": "Entertainment",
            "creator": "Editorial",
            "editorial_subject": "Entertainment",
            "rels": [
                "direct"
            ],
            "relevance": 75
        },
        {
            "scheme": "http://cv.ap.org/id/",
            "code": "bb2d2c5f441a452cb24bb511a2ab5eea",
            "name": "World news",
            "creator": "Editorial",
            "editorial_subject": "World news",
            "rels": [
                "direct"
            ],
            "relevance": 99
        },
        {
            "scheme": "http://cv.ap.org/id/",
            "code": "f25af2d07e4e100484f5df092526b43e",
            "name": "General news",
            "creator": "Editorial",
            "editorial_subject": "General news",
            "rels": [
                "direct"
            ],
            "relevance": 50
        }
    ],
    "audiences": [
        {
            "code": "82c6a4c46fa0446090a7acaf93159e4c",
            "name": "Print",
            "type": "AUDPLATFORM"
        },
        {
            "code": "9add4649b53b4702ba7d9de5d4fa607a",
            "name": "Online",
            "type": "AUDPLATFORM"
        },
        {
            "code": "f43adc08760d10048040e6e7a0f4673e",
            "name": "National",
            "type": "AUDSCOPE"
        },
        {
            "code": "f4ecf9b0760d10048044e6e7a0f4673e",
            "name": "International",
            "type": "AUDSCOPE"
        },
        {
            "code": "661850e07d5b100481f4c076b8e3055c",
            "name": "Europe",
            "type": "AUDGEOGRAPHY"
        },
        {
            "code": "661e48387d5b10048291c076b8e3055c",
            "name": "United States",
            "type": "AUDGEOGRAPHY"
        }
    ],
    "associations": {
        "1": {
            "altids": {
                "itemid": "0ceea973ffca454d8f1e01e4ca0a5b3b"
            },
            "type": "picture"
        }
    },
    "body_nitf": "<p>LONDON (AP) \u2014 <a href=\"https://apnews.com/hub/sarah-ferguson\">Sarah, the Duchess of York</a>, has been diagnosed with a malignant skin cancer that was discovered during her <a href=\"https://apnews.com/article/sarah-duchess-york-breast-cancer-surgery-f0d6dfde9863ac05b980bb37da18e5a3\">treatment for breast cancer</a>, a spokesperson said.</p><p>The melanoma was found after several moles were removed while she was undergoing reconstructive surgery after a mastectomy. Doctors are analyzing it to see if it was caught early.</p><p>\u201cClearly, another diagnosis so soon after treatment for breast cancer has been distressing but the Duchess remains in good spirits,\" the spokesperson said.</p><p>Sarah, 64, the ex-wife of <a href=\"https://apnews.com/hub/prince-andrew\">Prince Andrew</a> and the mother of Princess Beatrice and Princess Eugenie was once a favorite target of Britain\u2019s tabloids. The former Sarah Ferguson, known as \u201cFergie,\u201d has published her memoirs and authored a number of children\u2019s books as well as a historical romance for adults.</p><p>The announcement came five days after <a href=\"https://apnews.com/article/kate-princess-of-wales-operation-uk-royals-eea1a111a295152b8820b94fd257c12d\">dual health announcements</a> in Britain's royal family. Kate, the Princess of Wales, had abdominal surgery and <a href=\"https://apnews.com/hub/king-charles-iii\">King Charles III</a> is due this week to have prostate treatment.</p>",
    "textformat": "bx",
    "links": [
        {
            "href": "https://apnews.com/article/sarah-ferguson-duchess-skin-cancer-melanoma-andrew-40e44cf65507970c30c952f039c0373a",
            "rel": "canonical"
        }
    ],
    "topics": {
        "Health": {
            "relevance_score": 5,
            "reason": "The document discusses the health condition of Sarah, the Duchess of York, specifically focusing on her diagnosis of malignant melanoma discovered during her breast cancer treatment. It provides details about her medical situation, the procedures she underwent, and the impact on her well-being. Additionally, it briefly mentions other health-related news within the British royal family. Given that the topic is 'Health,' the document is highly relevant as it centers around health issues and medical treatments."
        }
    }
}