﻿{
    "altids": {
        "itemid": "f0ca6d6b22a92d04108e951e139d8077",
        "etag": "f0ca6d6b22a92d04108e951e139d8077_5a10aza0c0",
        "friendlykey": "623589409144",
        "referenceid": "US--Election-2024-California-Mental-Health"
    },
    "version": 5,
    "type": "text",
    "urgency": 4,
    "profile": "Spot Development",
    "language": "en",
    "versioncreated": "2024-03-21T02:08:44Z",
    "firstcreated": "2024-03-21T00:11:53Z",
    "editorialrole": "FullStory",
    "pubstatus": "usable",
    "ednote": "Eds: UPDATES: Adds context, contributor line. Edits. Updates headline.",
    "editorialtypes": [
        "Lead"
    ],
    "signals": [
        "newscontent"
    ],
    "title": "US--Election-2024-California-Mental-Health",
    "headline": "California voters pass measure pushed by governor to tackle homelessness crisis in razor-thin win",
    "headline_extended": "California voters have approved a measure that Gov. Gavin Newson says he needs to tackle the state\u2019s homelessness crisis",
    "slugline": "AP-US--Election-2024-California-Mental-Health, 5th Ld-Writethru",
    "description_summary": "California voters have approved a measure that Gov. Gavin Newson says he needs to tackle the state\u2019s homelessness crisis. Proposition 1 authorizes the state to borrow $6.4 billion to build housing and treatment beds. It also restricts how counties use money from a 2004 tax on millionaires meant to fund mental health services. Critics say the change threatens programs that are keeping people from becoming homeless in the first place. Proposition 1 is the first update to the state\u2019s mental health system in 20 years and a win for the Democratic governor.",
    "bylines": [
        {
            "by": "By TR\u00c2N NGUY\u1ec4N",
            "title": "Associated Press"
        }
    ],
    "located": "SACRAMENTO, Calif.",
    "datelinelocation": {
        "city": "Sacramento",
        "countryareacode": "CA",
        "countryareaname": "California",
        "countrycode": "USA",
        "countryname": "United States",
        "geometry_geojson": {
            "type": "Point",
            "coordinates": [
                -121.4944,
                38.58157
            ]
        }
    },
    "copyrightnotice": "Copyright 2024 The Associated Press. All rights reserved. This material may not be published, broadcast, rewritten or redistributed without permission.",
    "usageterms": [
        "This content is intended for editorial use only. For other uses, additional clearances may be required."
    ],
    "keywords": [
        "california homelessness mental health ballot measure"
    ],
    "provider": "AP",
    "infosource": [
        {
            "name": "AP",
            "type": "AP"
        }
    ],
    "person": [
        {
            "scheme": "http://cv.ap.org/id/",
            "code": "2fe690579a4042f5bbee491a75dfdc62",
            "name": "Gavin Newsom",
            "creator": "Machine",
            "rels": [
                "direct"
            ],
            "types": [
                "POLITICIAN",
                "PERSON"
            ],
            "associatedstates": [
                {
                    "code": "789fdd8882af10048263df092526b43e",
                    "name": "California"
                }
            ],
            "relevance": 79
        }
    ],
    "subject": [
        {
            "rels": [
                "category"
            ],
            "creator": "Editorial",
            "code": "a",
            "name": "a"
        },
        {
            "rels": [
                "category"
            ],
            "creator": "Editorial",
            "code": "p",
            "name": "p"
        },
        {
            "rels": [
                "category"
            ],
            "creator": "Editorial",
            "code": "n",
            "name": "n"
        },
        {
            "scheme": "http://cv.ap.org/id/",
            "code": "86aad5207dac100488ecba7fa5283c3e",
            "name": "Politics",
            "creator": "Machine",
            "rels": [
                "direct"
            ],
            "relevance": 45
        },
        {
            "scheme": "http://cv.ap.org/id/",
            "code": "4c80db8511db42599332448c019f949d",
            "name": "Disabilities",
            "creator": "Machine",
            "rels": [
                "direct"
            ],
            "relevance": 37
        },
        {
            "scheme": "http://cv.ap.org/id/",
            "code": "e231c7187de410048fd7df092526b43e",
            "name": "Mental health",
            "creator": "Machine",
            "rels": [
                "direct"
            ],
            "relevance": 78
        },
        {
            "scheme": "http://cv.ap.org/id/",
            "code": "86b08df87dac1004890cba7fa5283c3e",
            "name": "Voting",
            "creator": "Machine",
            "rels": [
                "direct"
            ],
            "relevance": 37
        },
        {
            "scheme": "http://cv.ap.org/id/",
            "code": "397dbba0872a10048d20d7c656897a02",
            "name": "Homelessness",
            "creator": "Machine",
            "rels": [
                "direct"
            ],
            "relevance": 67
        },
        {
            "scheme": "http://cv.ap.org/id/",
            "code": "24e61d6d4e654ae6bda1f1558c8cc1f3",
            "name": "2024 United States presidential election",
            "creator": "Machine",
            "rels": [
                "direct"
            ],
            "relevance": 55
        },
        {
            "scheme": "http://cv.ap.org/id/",
            "code": "86aad5207dac100488ecba7fa5283c3e",
            "name": "Politics",
            "creator": "Editorial",
            "editorial_subject": "Politics",
            "rels": [
                "direct"
            ],
            "relevance": 75
        },
        {
            "scheme": "http://cv.ap.org/id/",
            "code": "cc7a76087e4e10048482df092526b43e",
            "name": "Health",
            "creator": "Editorial",
            "editorial_subject": "Health",
            "rels": [
                "direct"
            ],
            "relevance": 75
        },
        {
            "scheme": "http://cv.ap.org/id/",
            "code": "a4677d70863b4012b846a1b00f5079f5",
            "name": "U.S. news",
            "creator": "Editorial",
            "editorial_subject": "U.S. news",
            "rels": [
                "direct"
            ],
            "relevance": 99
        },
        {
            "scheme": "http://cv.ap.org/id/",
            "code": "f25af2d07e4e100484f5df092526b43e",
            "name": "General news",
            "creator": "Editorial",
            "editorial_subject": "General news",
            "rels": [
                "direct"
            ],
            "relevance": 50
        }
    ],
    "place": [
        {
            "scheme": "http://cv.ap.org/id/",
            "code": "8531ce8082af10048285df092526b43e",
            "name": "San Francisco",
            "creator": "Machine",
            "rels": [
                "direct"
            ],
            "parentids": [
                "789fdd8882af10048263df092526b43e"
            ],
            "locationtype": {
                "code": "9d26a20b35f0484a891740f8189d4c7b",
                "name": "City"
            },
            "geometry_geojson": {
                "type": "Point",
                "coordinates": [
                    -122.41942,
                    37.77493
                ]
            },
            "relevance": 63,
            "parentnames": [
                "California"
            ]
        },
        {
            "scheme": "http://cv.ap.org/id/",
            "code": "7d4f1d5882af1004827bdf092526b43e",
            "name": "Sacramento",
            "creator": "Machine",
            "rels": [
                "direct"
            ],
            "parentids": [
                "789fdd8882af10048263df092526b43e"
            ],
            "locationtype": {
                "code": "9d26a20b35f0484a891740f8189d4c7b",
                "name": "City"
            },
            "geometry_geojson": {
                "type": "Point",
                "coordinates": [
                    -121.4944,
                    38.58157
                ]
            },
            "relevance": 74,
            "parentnames": [
                "California"
            ]
        },
        {
            "scheme": "http://cv.ap.org/id/",
            "code": "789fdd8882af10048263df092526b43e",
            "name": "California",
            "creator": "Machine",
            "rels": [
                "direct"
            ],
            "parentids": [
                "661e48387d5b10048291c076b8e3055c"
            ],
            "locationtype": {
                "code": "0ae5eb8e00e04295a4fc209c94bfe6ef",
                "name": "State"
            },
            "geometry_geojson": {
                "type": "Point",
                "coordinates": [
                    -119.75126,
                    37.25022
                ]
            },
            "relevance": 96,
            "parentnames": [
                "United States"
            ]
        }
    ],
    "audiences": [
        {
            "code": "82c6a4c46fa0446090a7acaf93159e4c",
            "name": "Print",
            "type": "AUDPLATFORM"
        },
        {
            "code": "9add4649b53b4702ba7d9de5d4fa607a",
            "name": "Online",
            "type": "AUDPLATFORM"
        },
        {
            "code": "f5b16ea8760d10048047e6e7a0f4673e",
            "name": "State",
            "type": "AUDSCOPE"
        },
        {
            "code": "f43adc08760d10048040e6e7a0f4673e",
            "name": "National",
            "type": "AUDSCOPE"
        },
        {
            "code": "f4ecf9b0760d10048044e6e7a0f4673e",
            "name": "International",
            "type": "AUDSCOPE"
        },
        {
            "code": "789fdd8882af10048263df092526b43e",
            "name": "California",
            "type": "AUDGEOGRAPHY"
        },
        {
            "code": "661850e07d5b100481f5c076b8e3055c",
            "name": "Latin America and Caribbean",
            "type": "AUDGEOGRAPHY"
        },
        {
            "code": "661e48387d5b10048291c076b8e3055c",
            "name": "United States",
            "type": "AUDGEOGRAPHY"
        }
    ],
    "associations": {
        "1": {
            "altids": {
                "itemid": "32786d203b734241bd6430459fd5ccc1"
            },
            "type": "picture"
        }
    },
    "body_nitf": "<p>SACRAMENTO, Calif. (AP) \u2014 California voters have approved a measure that will impose strict requirements on counties to spend on housing and drug treatment programs to tackle the <a href=\"https://apnews.com/article/homeless-california-study-poverty-high-rent-a2a4bfc9b386cb70fdd14d593f31b68c\">state\u2019s homelessness crisis</a>, in a tissue-thin win for Gov. Gavin Newsom, who personally campaigned for the measure's passage.</p><p>Democrats outnumber Republicans by a staggering 2-to-1 in California, and the borderline vote \u2014 coming more than two weeks after election day \u2014 signaled unease with the state\u2019s homeless policies after Newsom\u2019s administration invested billions of dollars to get people off the street but no dramatic change has been seen in Los Angeles and other large cities.</p><p>The state accounts for nearly a third of the homeless population in the United States; roughly 181,000 Californians are in need of housing.</p><p>Newsom, who made the measure a signature proposal, spent significant time and money campaigning on its behalf. He raised more than $13 million to promote it with the support of law enforcement, first responders, hospitals and mayors of major cities. Opponents raised just $1,000.</p><p>Proposition 1 marks the first update to the state\u2019s mental health system in 20 years.</p><p>\u201cThis is the biggest change in decades in how California tackles homelessness, and a victory for doing things radically different,\u201d Newsom said in a statement after the borderline vote. \u201cNow, counties and local officials must match the ambition of California voters. This historic reform will only succeed if we all kick into action immediately \u2013 state government and local leaders, together.\u201d</p><p>Counties will now be required to spend about two-thirds of the money from a voter-approved tax enacted in 2004 on millionaires for mental health services on housing and programs for homeless people with serious mental illnesses or substance abuse problems.</p><p>The state, with a current inventory of 5,500 beds, needs some 8,000 more units to treat mental health and addiction issues.</p><p>The initiative also allows the state to borrow $6.38 billion to build 4,350 housing units, half of which will be reserved for veterans, and add 6,800 mental health and addiction treatment beds.</p><p>Opponents, including social service providers and county officials, said the change will <a href=\"https://apnews.com/article/california-homelessness-initiative-mental-health-3e6765a30343f7cc0147efd40f5a2f2f\">threaten programs</a> that are not solely focused on housing or drug treatment but keep people from becoming homeless in the first place.</p><p>Critics said the single formula could mean rural counties such as Butte, with a homeless population of fewer than 1,300 people, would be required to divert the same percentage of funds to housing as urban counties such as San Francisco, which has a homeless population six times bigger.</p><p>With makeshift tents lining streets and disrupting businesses in communities across the state, homelessness has become one of the most frustrating issues in California and one sure to dog Newsom should he ever mount a national campaign.</p><p>Newsom touted the proposition as the final piece in his plan to reform California\u2019s mental health system. He has already pushed for laws that <a href=\"https://apnews.com/article/california-newsom-mental-health-conservatorship-baef68d08e1f8fd57869f40db2f2adce\">make it easier to force people</a> with behavioral health issues into treatment.</p><p>William Elias, a television producer in Sacramento, said he \u201cwas on the fence\u201d about Proposition 1 but decided to vote in favor of it because of the pervasive homelessness problem.</p><p>\u201cThat\u2019s something that\u2019s all around us right now,\u201d he said. \u201cWe got all these tents out here in front of City Hall.\u201d</p><p>Estrellita Vivirito, a Palm Springs resident, also voted \u2018yes\u2019 on the measure.</p><p>\u201cIt\u2019s only logical, you know, we have to do something,\u201d she said.</p><p>Katherine Wolf, a doctoral student at the University of California, Berkeley, said she voted \u2018no\u2019 on the measure out of concerns it would result in more people being locked up against their will.</p><p>\u201cI was appalled of the system of laws that he has been building to kind of erode the rights of people with mental disabilities,\u201d Wolf said of Newsom.</p><p>Griffin Bovee, a Republican state worker in Sacramento, also voted against the proposition and said the state has been wasting taxpayer money.</p><p>\u201cSacramento really shouldn\u2019t get another dime until they actually figure out why what they\u2019re doing is not working,\u201d he said of the state\u2019s handling of the homelessness crisis. \u201cThey spent $20 billion over the past few years trying to fix that problem and it got worse.\u201d</p><p>Revenue from the tax on millionaires, now between $2 billion and $3 billion a year, provides about one-third of the state\u2019s total mental health budget.</p><p>Opponents, including some county officials, mental health service providers and some Republicans, said the ballot measure would cut funding from cultural centers, peer-support programs and vocational services and would pit those programs against services for homeless people.</p><p>Newsom\u2019s administration has already spent at least $22 billion on various programs to address the crisis, including $3.5 billion to <a href=\"https://apnews.com/article/lifestyle-business-health-california-coronavirus-pandemic-835c2091c63c199d397346a497e7ae49\">convert rundown motels into homeless housing</a>. California is also giving out $2 billion in grants to build more treatment facilities.</p><p>___</p><p>Associated Press writer Michael R. Blood in Los Angeles contributed to this report.</p>",
    "textformat": "bx",
    "links": [
        {
            "href": "https://apnews.com/article/california-homelessness-mental-health-ballot-measure-f0ca6d6b22a92d04108e951e139d8077",
            "rel": "canonical"
        }
    ],
    "topics": {
        "Health": {
            "relevance_score": 3,
            "reason": "The document primarily focuses on a measure passed by California voters to address the homelessness crisis, which includes provisions for housing and drug treatment programs. While these programs are related to health, particularly mental health and substance abuse treatment, the main emphasis of the document is on the political and social aspects of the measure, the voting process, and the implications for homelessness. The document does touch on health-related issues, but they are not the central focus."
        }
    }
}