﻿{
    "altids": {
        "itemid": "0c767935037f058c1bf16c4a7c405144",
        "etag": "0c767935037f058c1bf16c4a7c405144_2a16aza0c0",
        "friendlykey": "95737610222",
        "referenceid": "US--Drug Recriminalization-Oregon"
    },
    "version": 2,
    "type": "text",
    "urgency": 4,
    "profile": "Spot Development",
    "language": "en",
    "versioncreated": "2024-03-02T22:16:25Z",
    "firstcreated": "2024-03-02T03:06:15Z",
    "editorialrole": "FullStory",
    "pubstatus": "usable",
    "ednote": "Eds: UPDATES: This story originally moved March 1, 2024, and is being resent to link to an explainer.",
    "editorialtypes": [
        "Lead"
    ],
    "signals": [
        "newscontent"
    ],
    "title": "US--Drug Recriminalization-Oregon",
    "headline": "Oregon lawmakers pass bill to recriminalize drug possession",
    "headline_extended": "The Oregon Legislature has passed a bill that recriminalizes the possession of small amounts of drugs",
    "slugline": "BC-US--Drug Recriminalization-Oregon, 2nd Ld-Writethru",
    "description_summary": "The Oregon Legislature has passed a bill that recriminalizes the possession of small amounts of drugs. The Senate approved the measure Friday. It undoes a key part of the state\u2019s first-in-the-nation drug decriminalization law. Governments are struggling to respond to the deadliest overdose crisis in U.S. history. The drug decriminalization law was originally championed as treating addiction as a public health issue. But Oregon has seen one of the nation\u2019s largest spikes in overdose deaths. The bill now heads to the desk of Gov. Tina Kotek. Oregon Public Broadcasting reports she has said she is open to signing a bill that would roll back decriminalization.",
    "located": "SALEM, Ore.",
    "datelinelocation": {
        "city": "Salem",
        "countryareacode": "OR",
        "countryareaname": "Oregon",
        "countrycode": "USA",
        "countryname": "United States",
        "geometry_geojson": {
            "type": "Point",
            "coordinates": [
                -123.0351,
                44.9429
            ]
        }
    },
    "copyrightnotice": "Copyright 2024 The Associated Press. All rights reserved. This material may not be published, broadcast, rewritten or redistributed without permission.",
    "usageterms": [
        "This content is intended for editorial use only. For other uses, additional clearances may be required."
    ],
    "keywords": [
        "oregon drug recriminalization"
    ],
    "provider": "AP",
    "infosource": [
        {
            "name": "AP",
            "type": "AP"
        }
    ],
    "person": [
        {
            "scheme": "http://cv.ap.org/id/",
            "code": "97cc127c7a40446baf78abb85bee1f07",
            "name": "Tina Kotek",
            "creator": "Machine",
            "rels": [
                "direct"
            ],
            "types": [
                "POLITICIAN",
                "PERSON"
            ],
            "relevance": 57
        }
    ],
    "subject": [
        {
            "rels": [
                "category"
            ],
            "creator": "Editorial",
            "code": "a",
            "name": "a"
        },
        {
            "rels": [
                "category"
            ],
            "creator": "Editorial",
            "code": "p",
            "name": "p"
        },
        {
            "rels": [
                "category"
            ],
            "creator": "Editorial",
            "code": "n",
            "name": "n"
        },
        {
            "scheme": "http://cv.ap.org/id/",
            "code": "86aad5207dac100488ecba7fa5283c3e",
            "name": "Politics",
            "creator": "Machine",
            "rels": [
                "direct"
            ],
            "relevance": 61
        },
        {
            "scheme": "http://cv.ap.org/id/",
            "code": "6e2e052049fd457f841be9023fe385c5",
            "name": "Drug crimes",
            "creator": "Machine",
            "rels": [
                "direct"
            ],
            "relevance": 81
        },
        {
            "scheme": "http://cv.ap.org/id/",
            "code": "936045008844100486a2a28878d48e09",
            "name": "Addiction and treatment",
            "creator": "Machine",
            "rels": [
                "direct"
            ],
            "relevance": 70
        },
        {
            "scheme": "http://cv.ap.org/id/",
            "code": "cc7a76087e4e10048482df092526b43e",
            "name": "Health",
            "creator": "Editorial",
            "editorial_subject": "Health",
            "rels": [
                "direct"
            ],
            "relevance": 75
        },
        {
            "scheme": "http://cv.ap.org/id/",
            "code": "86aad5207dac100488ecba7fa5283c3e",
            "name": "Politics",
            "creator": "Editorial",
            "editorial_subject": "Politics",
            "rels": [
                "direct"
            ],
            "relevance": 75
        },
        {
            "scheme": "http://cv.ap.org/id/",
            "code": "a4677d70863b4012b846a1b00f5079f5",
            "name": "U.S. news",
            "creator": "Editorial",
            "editorial_subject": "U.S. news",
            "rels": [
                "direct"
            ],
            "relevance": 99
        },
        {
            "scheme": "http://cv.ap.org/id/",
            "code": "f25af2d07e4e100484f5df092526b43e",
            "name": "General news",
            "creator": "Editorial",
            "editorial_subject": "General news",
            "rels": [
                "direct"
            ],
            "relevance": 50
        }
    ],
    "organisation": [
        {
            "scheme": "http://cv.ap.org/id/",
            "code": "898f52e08921100480efba0a2b2ca13e",
            "name": "United States government",
            "creator": "Machine",
            "rels": [
                "direct"
            ],
            "relevance": 35
        }
    ],
    "place": [
        {
            "scheme": "http://cv.ap.org/id/",
            "code": "05c59c9082c71004887adf092526b43e",
            "name": "Portland",
            "creator": "Machine",
            "rels": [
                "direct"
            ],
            "parentids": [
                "fe016fe882c61004886adf092526b43e"
            ],
            "locationtype": {
                "code": "9d26a20b35f0484a891740f8189d4c7b",
                "name": "City"
            },
            "geometry_geojson": {
                "type": "Point",
                "coordinates": [
                    -122.67621,
                    45.52345
                ]
            },
            "relevance": 53,
            "parentnames": [
                "Oregon"
            ]
        },
        {
            "scheme": "http://cv.ap.org/id/",
            "code": "fe016fe882c61004886adf092526b43e",
            "name": "Oregon",
            "creator": "Machine",
            "rels": [
                "direct"
            ],
            "parentids": [
                "661e48387d5b10048291c076b8e3055c"
            ],
            "locationtype": {
                "code": "0ae5eb8e00e04295a4fc209c94bfe6ef",
                "name": "State"
            },
            "geometry_geojson": {
                "type": "Point",
                "coordinates": [
                    -120.50139,
                    44.00013
                ]
            },
            "relevance": 98,
            "parentnames": [
                "United States"
            ]
        }
    ],
    "audiences": [
        {
            "code": "82c6a4c46fa0446090a7acaf93159e4c",
            "name": "Print",
            "type": "AUDPLATFORM"
        },
        {
            "code": "9add4649b53b4702ba7d9de5d4fa607a",
            "name": "Online",
            "type": "AUDPLATFORM"
        },
        {
            "code": "f5b16ea8760d10048047e6e7a0f4673e",
            "name": "State",
            "type": "AUDSCOPE"
        },
        {
            "code": "f43adc08760d10048040e6e7a0f4673e",
            "name": "National",
            "type": "AUDSCOPE"
        },
        {
            "code": "f4ecf9b0760d10048044e6e7a0f4673e",
            "name": "International",
            "type": "AUDSCOPE"
        },
        {
            "code": "fe016fe882c61004886adf092526b43e",
            "name": "Oregon",
            "type": "AUDGEOGRAPHY"
        },
        {
            "code": "08a0a00882c810048942df092526b43e",
            "name": "Washington",
            "type": "AUDGEOGRAPHY"
        },
        {
            "code": "1885b7f082b01004835edf092526b43e",
            "name": "Idaho",
            "type": "AUDGEOGRAPHY"
        },
        {
            "code": "661850e07d5b100481f5c076b8e3055c",
            "name": "Latin America and Caribbean",
            "type": "AUDGEOGRAPHY"
        },
        {
            "code": "661e48387d5b10048291c076b8e3055c",
            "name": "United States",
            "type": "AUDGEOGRAPHY"
        }
    ],
    "associations": {
        "1": {
            "altids": {
                "itemid": "11ec88a291dc448b9bdeccebbce86ad2"
            },
            "type": "picture"
        },
        "2": {
            "altids": {
                "itemid": "617f48f7ac09497886cc8ee849d11cb1"
            },
            "type": "picture"
        }
    },
    "body_nitf": "<p>SALEM, Ore. (AP) \u2014 A bill <a href=\"https://apnews.com/article/drug-decriminalization-oregon-kotek-3810a6c6bcc7a4fc1cb029cad1f58dee\">recriminalizing the possession</a> of small amounts of drugs was passed by the Oregon Legislature on Friday, undoing a key part of the state\u2019s first-in-the-nation <a href=\"https://apnews.com/article/oregon-decriminalize-drug-possession-6843f93c3d55212e0ffbdd8b93be9196\">drug decriminalization law</a> as governments struggle to respond to the deadliest overdose crisis in U.S. history.</p><p>The state Senate approved House Bill 4002 in a 21-8 vote after the House passed it 51-7 on Thursday. The bill now heads to the desk of Gov. Tina Kotek, who said in January that she is open to signing a bill that would roll back decriminalization, <a href=\"https://www.opb.org/article/2024/03/01/oregon-legislature-passes-bill-recriminalizing-drug-possession-sends-to-governor-measure-110/\">Oregon Public Broadcasting reported</a>.</p><p>\u201cWith this bill, we are doubling down on our commitment to make sure Oregonians have access to the treatment and care that they need,\u201d said Democratic Senate Majority Leader Kate Lieber, of Portland, one of the bill's authors, adding that its passage will \u201cbe the start of real and transformative change for our justice system.\u201d</p><p>The measure makes the possession of small amounts of drugs such as heroin or methamphetamine a misdemeanor, punishable by up to six months in jail. It enables police to confiscate the drugs and crack down on their use on sidewalks and in parks. Drug treatment is to be offered as an alternative to criminal penalties.</p><p>The bill also aims to make it easier to prosecute people who sell drugs. It increases access to addiction medication, and to obtain and keep housing without facing discrimination for using that medication.</p><p>Decriminalization of personal-use amounts of drugs, OK'd by voters in 2020 under Ballot Measure 110, was supposed to move hundreds of millions of dollars of marijuana tax revenues into drug treatment and harm reduction programs. That didn't translate into an improved care network for a state with the second-highest rate of substance use disorder in the nation and ranked 50th for access to treatment, according to an <a href=\"https://apnews.com/article/health-oregon-8629d6e62bff151afbbdb3a37c2206ae\">audit report released in 2023</a>.</p><p>And with Oregon experiencing one of the nation\u2019s largest spikes in overdose deaths, Republican pressure intensified, and a well-funded campaign group called for a ballot measure that would further weaken Measure 110.</p><p>Researchers have said it was too soon to determine whether the law contributed to the overdose surge, and supporters of the decriminalization measure say the decadeslong approach of arresting people for possessing and using drugs didn\u2019t work.</p><p>Lawmakers who opposed the bill voiced those concerns. Some called it a return to the <a href=\"https://apnews.com/article/war-on-drugs-75e61c224de3a394235df80de7d70b70\">war on drugs</a> that disproportionally impacted and imprisoned millions of Black men.</p><p>Democratic Sen. Lew Frederick, of Portland, one of four Black senators, said the bill had too many flaws and that testimony on the bill heard again and again was that substance use disorder requires primarily a medical response.</p><p>\u201cI\u2019m concerned that it (the bill) will attempt to use the same tactics of the past, and fail, only to reinforce the punishment narrative that has failed for 50 years,\u201d he said, adding that the measure could move more people into the court system without making them healthier.</p>",
    "textformat": "bx",
    "links": [
        {
            "href": "https://apnews.com/article/oregon-drug-recriminalization-0c767935037f058c1bf16c4a7c405144",
            "rel": "canonical"
        }
    ],
    "topics": {
        "Health": {
            "relevance_score": 5,
            "reason": "The document discusses the passage of a bill in Oregon that recriminalizes the possession of small amounts of drugs, which is directly related to public health issues such as substance use disorder, addiction treatment, and overdose deaths. It also touches on the impact of previous decriminalization efforts on the state's health care system and the availability of addiction treatment. These aspects are highly relevant to the topic of health."
        }
    }
}