﻿{
    "altids": {
        "itemid": "3810a6c6bcc7a4fc1cb029cad1f58dee",
        "etag": "3810a6c6bcc7a4fc1cb029cad1f58dee_1a11aza0c0",
        "friendlykey": "264105278314",
        "referenceid": "US--Drug Recriminalization-Oregon-Explainer"
    },
    "version": 1,
    "type": "text",
    "urgency": 4,
    "profile": "Spot Development",
    "language": "en",
    "versioncreated": "2024-03-02T22:23:37Z",
    "firstcreated": "2024-03-02T21:55:48Z",
    "editorialrole": "FullStory",
    "pubstatus": "usable",
    "ednote": "Eds: UPDATES: Updates Media.",
    "editorialtypes": [
        "Lead"
    ],
    "signals": [
        "newscontent"
    ],
    "title": "US--Drug Recriminalization-Oregon-Explainer",
    "headline": "Oregon may revive penalties for drug possession. What will the change do?",
    "headline_extended": "Oregon is poised to step back from its first-in-the-nation drug decriminalization law",
    "slugline": "BC-US--Drug Recriminalization-Oregon-Explainer, 1st Ld-Writethru",
    "description_summary": "Oregon is poised to step back from its first-in-the-nation drug decriminalization law. A measure lawmakers sent to the governor on Friday would reinstate criminal penalties for possessing small amounts of some drugs. Supporters of the recriminalization say it's needed to address an overdose crisis. But critics say the plan will revert to a failed, decades-old approach of arresting and prosecuting drug users. Democratic Gov. Tina Kotek has indicated that she's open to signing the measure, which was approved by the state Senate on Friday.",
    "bylines": [
        {
            "by": "By ANDREW DeMILLO",
            "title": "Associated Press"
        }
    ],
    "copyrightnotice": "Copyright 2024 The Associated Press. All rights reserved. This material may not be published, broadcast, rewritten or redistributed without permission.",
    "usageterms": [
        "This content is intended for editorial use only. For other uses, additional clearances may be required."
    ],
    "keywords": [
        "drug decriminalization Oregon Kotek"
    ],
    "provider": "AP",
    "infosource": [
        {
            "name": "AP",
            "type": "AP"
        }
    ],
    "person": [
        {
            "scheme": "http://cv.ap.org/id/",
            "code": "97cc127c7a40446baf78abb85bee1f07",
            "name": "Tina Kotek",
            "creator": "Machine",
            "rels": [
                "direct"
            ],
            "types": [
                "POLITICIAN",
                "PERSON"
            ],
            "relevance": 74
        }
    ],
    "subject": [
        {
            "rels": [
                "category"
            ],
            "creator": "Editorial",
            "code": "a",
            "name": "a"
        },
        {
            "rels": [
                "category"
            ],
            "creator": "Editorial",
            "code": "n",
            "name": "n"
        },
        {
            "scheme": "http://cv.ap.org/id/",
            "code": "936045008844100486a2a28878d48e09",
            "name": "Addiction and treatment",
            "creator": "Machine",
            "rels": [
                "direct"
            ],
            "relevance": 58
        },
        {
            "scheme": "http://cv.ap.org/id/",
            "code": "6e2e052049fd457f841be9023fe385c5",
            "name": "Drug crimes",
            "creator": "Machine",
            "rels": [
                "direct"
            ],
            "relevance": 70
        },
        {
            "scheme": "http://cv.ap.org/id/",
            "code": "48612b807c2b4b93bbbacbf54f547ad5",
            "name": "Crime",
            "creator": "Machine",
            "rels": [
                "direct"
            ],
            "relevance": 58
        },
        {
            "scheme": "http://cv.ap.org/id/",
            "code": "a37eab90831510048fcfdf092526b43e",
            "name": "Law enforcement",
            "creator": "Machine",
            "rels": [
                "direct"
            ],
            "relevance": 41
        },
        {
            "scheme": "http://cv.ap.org/id/",
            "code": "d4eb525085ae10048bef9a5aeba5fb06",
            "name": "Criminal punishment",
            "creator": "Machine",
            "rels": [
                "direct"
            ],
            "relevance": 47
        },
        {
            "scheme": "http://cv.ap.org/id/",
            "code": "86aad5207dac100488ecba7fa5283c3e",
            "name": "Politics",
            "creator": "Machine",
            "rels": [
                "direct"
            ],
            "relevance": 78
        },
        {
            "scheme": "http://cv.ap.org/id/",
            "code": "4626a38a1b52454ca5d01755d14f1dc9",
            "name": "Legal proceedings",
            "creator": "Machine",
            "rels": [
                "direct"
            ],
            "relevance": 47
        },
        {
            "scheme": "http://cv.ap.org/id/",
            "code": "cc7a76087e4e10048482df092526b43e",
            "name": "Health",
            "creator": "Editorial",
            "editorial_subject": "Health",
            "rels": [
                "direct"
            ],
            "relevance": 75
        },
        {
            "scheme": "http://cv.ap.org/id/",
            "code": "a4677d70863b4012b846a1b00f5079f5",
            "name": "U.S. news",
            "creator": "Editorial",
            "editorial_subject": "U.S. news",
            "rels": [
                "direct"
            ],
            "relevance": 99
        },
        {
            "scheme": "http://cv.ap.org/id/",
            "code": "f25af2d07e4e100484f5df092526b43e",
            "name": "General news",
            "creator": "Editorial",
            "editorial_subject": "General news",
            "rels": [
                "direct"
            ],
            "relevance": 50
        }
    ],
    "place": [
        {
            "scheme": "http://cv.ap.org/id/",
            "code": "fe016fe882c61004886adf092526b43e",
            "name": "Oregon",
            "creator": "Machine",
            "rels": [
                "direct"
            ],
            "parentids": [
                "661e48387d5b10048291c076b8e3055c"
            ],
            "locationtype": {
                "code": "0ae5eb8e00e04295a4fc209c94bfe6ef",
                "name": "State"
            },
            "geometry_geojson": {
                "type": "Point",
                "coordinates": [
                    -120.50139,
                    44.00013
                ]
            },
            "relevance": 89,
            "parentnames": [
                "United States"
            ]
        }
    ],
    "audiences": [
        {
            "code": "82c6a4c46fa0446090a7acaf93159e4c",
            "name": "Print",
            "type": "AUDPLATFORM"
        },
        {
            "code": "9add4649b53b4702ba7d9de5d4fa607a",
            "name": "Online",
            "type": "AUDPLATFORM"
        },
        {
            "code": "f43adc08760d10048040e6e7a0f4673e",
            "name": "National",
            "type": "AUDSCOPE"
        },
        {
            "code": "f4ecf9b0760d10048044e6e7a0f4673e",
            "name": "International",
            "type": "AUDSCOPE"
        },
        {
            "code": "f5b16ea8760d10048047e6e7a0f4673e",
            "name": "State",
            "type": "AUDSCOPE"
        },
        {
            "code": "661850e07d5b100481f5c076b8e3055c",
            "name": "Latin America and Caribbean",
            "type": "AUDGEOGRAPHY"
        },
        {
            "code": "fe016fe882c61004886adf092526b43e",
            "name": "Oregon",
            "type": "AUDGEOGRAPHY"
        },
        {
            "code": "08a0a00882c810048942df092526b43e",
            "name": "Washington",
            "type": "AUDGEOGRAPHY"
        },
        {
            "code": "1885b7f082b01004835edf092526b43e",
            "name": "Idaho",
            "type": "AUDGEOGRAPHY"
        },
        {
            "code": "661e48387d5b10048291c076b8e3055c",
            "name": "United States",
            "type": "AUDGEOGRAPHY"
        }
    ],
    "associations": {
        "1": {
            "altids": {
                "itemid": "870f1ca36d3d4f059020f2eddc358561"
            },
            "type": "picture"
        },
        "2": {
            "altids": {
                "itemid": "617f48f7ac09497886cc8ee849d11cb1"
            },
            "type": "picture"
        },
        "3": {
            "altids": {
                "itemid": "11ec88a291dc448b9bdeccebbce86ad2"
            },
            "type": "picture"
        }
    },
    "body_nitf": "<p>Oregon is poised to step back from its <a href=\"https://apnews.com/article/oregon-decriminalize-drug-possession-6843f93c3d55212e0ffbdd8b93be9196\">first-in-the-nation</a> drug decriminalization law with a new measure approved <a href=\"https://apnews.com/article/oregon-drug-recriminalization-0c767935037f058c1bf16c4a7c405144\">by the state Senate</a> that would reinstate criminal penalties for possessing small amounts of some drugs.</p><p>The law, which took effect in 2021, decriminalized <a href=\"https://apnews.com/article/oregon-decriminalize-drug-possession-6843f93c3d55212e0ffbdd8b93be9196\">possession and personal use</a> of all drugs, including small amounts of heroin, methamphetamine, LSD, oxycodone and others.</p><p>Supporters of revising the statute say it's needed to address the state's overdose crisis, while opponents say it reverts to an approach that hasn't been beneficial and could violate civil rights.</p><p>Here's a look at how it could change the way drug possession is handled by law enforcement and prosecutors in the state:</p><hl2>WHICH DRUGS WILL BE ILLEGAL TO POSSESS, AND WHICH WILL NOT?</hl2><hl2></hl2><p>If signed by Gov. Tina Kotek, who has indicated she is open to doing so, the measure approved Friday would restore penalties for possessing illicit drugs including cocaine, fentanyl, heroin and methamphetamine.</p><p>Possession of marijuana, which has been legalized for medical and recreational use in the state, would not be affected.</p><p>The measure also would not criminalize the <a href=\"https://apnews.com/article/psilocybin-oregon-magic-mushrooms-psychedelics-therapy-legal-6e5389b090b0c50d5c90d9574b63eca5\">controlled use</a> of psylocibin mushrooms, which voters approved in 2020 for therapeutic use.</p><hl2>HOW WILL POSSESSION BE PENALIZED?</hl2><p>The legislation would implement jail sentences of up to six months for possessing small amounts, and police could also confiscate drugs and stop their use in parks and on sidewalks.</p><p>The measure encourages law enforcement agencies and prosecutors to refer someone arrested or cited for possession to treatment programs instead of jail. The measure also allows for people convicted of possession to have their record expunged later.</p><hl2>WHY DID LEGISLATORS MOVE TO CHANGE THE LAW NOW?</hl2><hl2></hl2><p>Oregon is experiencing one of the largest spikes in drug overdose deaths, and a <a href=\"https://apnews.com/article/health-oregon-8629d6e62bff151afbbdb3a37c2206ae\">2023 audit report</a> said the state has the second-highest rate of substance use disorder in the nation while also ranking 50th for treatment access.</p><p>That has prompted criticism and pressure by Republicans to change the decriminalization law. A well-funded ballot campaign to further weaken the statute is underway.</p><p>Researchers say it\u2019s too soon to determine whether the decriminalization measure contributed to the increase in overdoses.</p><hl2>WHAT ARE CRITICS OF THE CHANGE SAYING?</hl2><p>Opponents of recriminalization say it reverts to a failed, decades-old approach of arresting people for possessing and using even small amounts of drugs.</p><p>They worry that it will disproportionally impact people affected by drug addiction and focuses too much on punitive measures rather than treatment. Critics have also said it will further burden public defenders' caseloads.</p><p>\u201cThis legislation exacerbates the challenges faced by those grappling with addiction, particularly impacting Black and brown Oregonians and those experiencing homelessness,\u201d Gloria Ochoa-Sandoval, policy director of Unite Oregon, said in a statement released by a coalition of groups opposed to the measure.</p>",
    "textformat": "bx",
    "links": [
        {
            "href": "https://apnews.com/article/drug-decriminalization-oregon-kotek-3810a6c6bcc7a4fc1cb029cad1f58dee",
            "rel": "canonical"
        }
    ],
    "topics": {
        "Health": {
            "relevance_score": 3,
            "reason": "The document discusses the potential reinstatement of criminal penalties for drug possession in Oregon, which is primarily a legal and policy issue. However, it does touch on health-related aspects such as the state's overdose crisis, substance use disorder rates, and the impact on treatment access. These points are relevant to the topic of health, but the main focus of the document is on the legal changes and their implications. Therefore, while there is some relevance to health, it is not the primary focus of the document."
        }
    }
}