﻿{
    "altids": {
        "itemid": "3e5fb153b6a5ece0f0ab540d9746f97d",
        "etag": "3e5fb153b6a5ece0f0ab540d9746f97d_2a10aza0c0",
        "friendlykey": "585190234288",
        "referenceid": "US-XGR--Gender-Affirming Care-Kansas"
    },
    "version": 2,
    "type": "text",
    "urgency": 4,
    "profile": "Spot Development",
    "language": "en",
    "versioncreated": "2024-03-14T23:37:15Z",
    "firstcreated": "2024-03-14T19:15:29Z",
    "editorialrole": "FullStory",
    "pubstatus": "usable",
    "ednote": "Eds: UPDATES: Updates Media. EDITS: The story has edited to clarify the 6th paragraph, to show that the net gain in votes in the House was 12. One of the 12 was a lawmaker who took his seat this year and replaced a retiring lawmaker who voted no last year. With AP Photos.",
    "editorialtypes": [
        "Lead"
    ],
    "signals": [
        "newscontent"
    ],
    "title": "US-XGR--Gender-Affirming Care-Kansas",
    "headline": "Kansas is close to banning gender-affirming care for minors as GOP leaders seek the last vote",
    "headline_extended": "Republican legislators are close to banning gender-affirming care for transgender minors in Kansas over the Democratic governor\u2019s expected veto",
    "slugline": "BC-US-XGR--Gender-Affirming Care-Kansas, 2nd Ld-Writethru",
    "description_summary": "Republican legislators are close to banning gender-affirming care for transgender minors in Kansas over the Democratic governor\u2019s expected veto. Supporters were confident Thursday that the Republican-controlled Senate would approve a bill that would bar health care providers from treating a child\u2019s gender dysphoria with puberty blockers, hormone treatments and surgery. But GOP leaders wanted to send the bill to Gov. Laura Kelly with the two-thirds majority that would be necessary to override her veto later, so they cancelled a vote on the bill in hopes of rewriting some language to get the last vote. The GOP-controlled House approved the measure Wednesday and it appears to have a two-thirds majority there.",
    "bylines": [
        {
            "by": "By JOHN HANNA",
            "title": "Associated Press"
        }
    ],
    "located": "TOPEKA, Kan.",
    "datelinelocation": {
        "city": "Topeka",
        "countryareacode": "KS",
        "countryareaname": "Kansas",
        "countrycode": "USA",
        "countryname": "United States",
        "geometry_geojson": {
            "type": "Point",
            "coordinates": [
                -95.67804,
                39.04833
            ]
        }
    },
    "copyrightnotice": "Copyright 2024 The Associated Press. All rights reserved. This material may not be published, broadcast, rewritten or redistributed without permission.",
    "usageterms": [
        "This content is intended for editorial use only. For other uses, additional clearances may be required."
    ],
    "keywords": [
        "Gender affirming care ban minors Kansas"
    ],
    "provider": "AP",
    "infosource": [
        {
            "name": "AP",
            "type": "AP"
        }
    ],
    "person": [
        {
            "scheme": "http://cv.ap.org/id/",
            "code": "952a44d491f54c4bb17f18fca1c1df2a",
            "name": "Laura Kelly",
            "creator": "Machine",
            "rels": [
                "direct"
            ],
            "types": [
                "POLITICIAN",
                "PERSON"
            ],
            "relevance": 64
        }
    ],
    "subject": [
        {
            "rels": [
                "category"
            ],
            "creator": "Editorial",
            "code": "a",
            "name": "a"
        },
        {
            "rels": [
                "category"
            ],
            "creator": "Editorial",
            "code": "p",
            "name": "p"
        },
        {
            "rels": [
                "category"
            ],
            "creator": "Editorial",
            "code": "n",
            "name": "n"
        },
        {
            "scheme": "http://cv.ap.org/id/",
            "code": "4f95136e072e41c6a81e8fa820e26e9c",
            "name": "Children",
            "creator": "Machine",
            "rels": [
                "direct"
            ],
            "relevance": 35
        },
        {
            "scheme": "http://cv.ap.org/id/",
            "code": "86b08df87dac1004890cba7fa5283c3e",
            "name": "Voting",
            "creator": "Machine",
            "rels": [
                "direct"
            ],
            "relevance": 51
        },
        {
            "scheme": "http://cv.ap.org/id/",
            "code": "86aad5207dac100488ecba7fa5283c3e",
            "name": "Politics",
            "creator": "Machine",
            "rels": [
                "direct"
            ],
            "relevance": 77
        },
        {
            "scheme": "http://cv.ap.org/id/",
            "code": "570831e088701004882deb2e0e616f0b",
            "name": "Gender",
            "creator": "Machine",
            "rels": [
                "direct"
            ],
            "relevance": 95
        },
        {
            "scheme": "http://cv.ap.org/id/",
            "code": "cc7a76087e4e10048482df092526b43e",
            "name": "Health",
            "creator": "Editorial",
            "editorial_subject": "Health",
            "rels": [
                "direct"
            ],
            "relevance": 75
        },
        {
            "scheme": "http://cv.ap.org/id/",
            "code": "86aad5207dac100488ecba7fa5283c3e",
            "name": "Politics",
            "creator": "Editorial",
            "editorial_subject": "Politics",
            "rels": [
                "direct"
            ],
            "relevance": 75
        },
        {
            "scheme": "http://cv.ap.org/id/",
            "code": "a4677d70863b4012b846a1b00f5079f5",
            "name": "U.S. news",
            "creator": "Editorial",
            "editorial_subject": "U.S. news",
            "rels": [
                "direct"
            ],
            "relevance": 99
        },
        {
            "scheme": "http://cv.ap.org/id/",
            "code": "f25af2d07e4e100484f5df092526b43e",
            "name": "General news",
            "creator": "Editorial",
            "editorial_subject": "General news",
            "rels": [
                "direct"
            ],
            "relevance": 50
        }
    ],
    "organisation": [
        {
            "scheme": "http://cv.ap.org/id/",
            "code": "bf6e2e80760d10048f8ae6e7a0f4673e",
            "name": "U.S. Republican Party",
            "creator": "Machine",
            "rels": [
                "direct"
            ],
            "relevance": 69
        }
    ],
    "place": [
        {
            "scheme": "http://cv.ap.org/id/",
            "code": "1e8c5a7082b310048450df092526b43e",
            "name": "Kansas",
            "creator": "Machine",
            "rels": [
                "direct"
            ],
            "parentids": [
                "661e48387d5b10048291c076b8e3055c"
            ],
            "locationtype": {
                "code": "0ae5eb8e00e04295a4fc209c94bfe6ef",
                "name": "State"
            },
            "geometry_geojson": {
                "type": "Point",
                "coordinates": [
                    -98.50063,
                    38.50029
                ]
            },
            "relevance": 95,
            "parentnames": [
                "United States"
            ]
        }
    ],
    "audiences": [
        {
            "code": "82c6a4c46fa0446090a7acaf93159e4c",
            "name": "Print",
            "type": "AUDPLATFORM"
        },
        {
            "code": "9add4649b53b4702ba7d9de5d4fa607a",
            "name": "Online",
            "type": "AUDPLATFORM"
        },
        {
            "code": "f43adc08760d10048040e6e7a0f4673e",
            "name": "National",
            "type": "AUDSCOPE"
        },
        {
            "code": "f5b16ea8760d10048047e6e7a0f4673e",
            "name": "State",
            "type": "AUDSCOPE"
        },
        {
            "code": "f4ecf9b0760d10048044e6e7a0f4673e",
            "name": "International",
            "type": "AUDSCOPE"
        },
        {
            "code": "1e8c5a7082b310048450df092526b43e",
            "name": "Kansas",
            "type": "AUDGEOGRAPHY"
        },
        {
            "code": "661850e07d5b100481f5c076b8e3055c",
            "name": "Latin America and Caribbean",
            "type": "AUDGEOGRAPHY"
        },
        {
            "code": "661e48387d5b10048291c076b8e3055c",
            "name": "United States",
            "type": "AUDGEOGRAPHY"
        }
    ],
    "associations": {
        "1": {
            "altids": {
                "itemid": "6a6d677cb05d43c3a6636f1222ed66b5"
            },
            "type": "picture"
        },
        "2": {
            "altids": {
                "itemid": "b8f5db34f07d48c29c7fc69e91b93eb0"
            },
            "type": "picture"
        },
        "3": {
            "altids": {
                "itemid": "8e4ba7151c404f078987dd2fc3f41993"
            },
            "type": "picture"
        },
        "4": {
            "altids": {
                "itemid": "c869983c857e4815b1ead191a11f99af"
            },
            "type": "picture"
        }
    },
    "body_nitf": "<p>TOPEKA, Kan. (AP) \u2014 Republican legislators in Kansas are close to banning gender-affirming care for minors over the Democratic governor\u2019s expected veto after winning over previously skeptical GOP colleagues, fueling fears that success will encourage further attempts to roll back transgender rights.</p><p>Supporters were confident Thursday that the Republican-controlled Senate would approve a bill that would bar health care providers from treating a child\u2019s gender dysphoria with puberty blockers, hormone treatments and surgery and strip doctors who violate the ban of their licenses. But GOP leaders wanted to send the bill to Gov. Laura Kelly with the two-thirds majority necessary to override her veto later, and so after planning a final vote for Thursday, they canceled it in hopes of rewriting some of its language to lock in the last vote.</p><p>\u201cIt's close enough,\u201d said Senate President Ty Masterson, a Wichita-area Republican, predicting final passage next week.</p><p>The bill already passed the GOP-controlled House <a href=\"https://www.kslegislature.org/li/b2023_24/measures/vote_view/je_20240313114044_979326/\">on Wednesday</a>, so the Senate\u2019s approval would send it to Kelly.</p><p>At least 23 other states with Republican legislatures have restricted or banned gender-affirming care for minors. Kansas lawmakers attempted to pass a ban last year, but GOP supporters in the Senate failed to override Kelly\u2019s veto of a bill last year by a single vote \u2014 and three Republicans voted \u201cno\u201d then.</p><p>Republicans said the issue is making sure that minors receiving hormone treatment now can phase out those treatments, rather than stopping them immediately, in part to avoid legal problems. Senators would have to get the House to vote to agree on any change.</p><p>That decision to try to lock in a two-thirds majority in the Senate before a veto after supporters had a net gain of 12 votes in favor of a ban Wednesday compared with the vote on it last year. Including supporters who were absent Wednesday, backers appeared to have a two-thirds majority in the House.</p><p>\u201cWhen I was out and about last summer and last fall, and the number of emails and the number of calls that I had, I didn\u2019t have a single one tell me to vote the same as I did last year,\u201d state Rep. Susan Concannon, a Republican from western Kansas, said Thursday.</p><p>While supporters say they\u2019re concerned about protecting children, the Kansas bill has stoked fears among transgender adults and LGBTQ+ advocates that GOP lawmakers will follow other GOP-led states and seek more restrictions next year.</p><p>While Ohio\u2019s state government last month <a href=\"https://apnews.com/article/ohio-transgender-genderaffirming-regulations-adults-dewine-179092da5e1bf7c23f7141832e39d87d\">backed off</a> limiting care for adults, a <a href=\"https://apnews.com/article/florida-transgender-health-care-adults-e7ae55eec634923e6593a4c0685969b2\">2023 Florida law</a> aimed at care for children also restricted care for adults \u2014 as did a <a href=\"https://apnews.com/article/transgender-care-missouri-emergency-rule-withdrawn-c3ce483448f4013a6f46f666051db6b2\">short-lived Missouri rule</a>.</p><p>\u201cThe goalposts are not firm,\u201d said Iridescent Riffel, a 27-year-old transgender Lawrence resident and LGBTQ+ rights activist who\u2019s worked against the bill. \u201cThey will always continue to be moved further and further right.\u201d</p><p>Opponents of such restrictions in Kansas already have promised a legal challenge if they are enacted. Courts elsewhere have blocked enforcement of bans in <a href=\"https://apnews.com/us-news/arkansas-gender-general-news-2a0d032f4e4f3195c180d879239e6521\">Arkansas</a>, Idaho and Montana but allowed their enforcement in Alabama <a href=\"https://apnews.com/article/georgia-hormone-replacement-ban-allowed-439208098e3f4db1dc53d7f1950a48d3\">and Georgia</a>.</p><p>Laws restricting or banning gender-affirming care are out of step with the recommendations of major U.S. medical groups, including the American Medical Association and the American Academy of Pediatrics. And providers of the care say it saves lives by lessening depression and anxiety that can lead to suicide.</p><p>Young transgender adults and parents of transgender or non-binary children from Kansas further told lawmakers that gender-affirming is vital to their health, adding that providers didn\u2019t rush their decisions and were clear about potential side effects.</p><p>Anthony Alvarez, a 20-year-old transgender University of Kansas student, said he had to wait several months after a doctor was willing to prescribe his testosterone treatments to undergo an additional evaluation to confirm he was sure about wanting them.</p><p>He had looked forward to his voice deepening and growing facial hair and hopes to have the double mastectomy known as \u201ctop surgery\u201d in December. He said he\u2019s much happier since his transition because the depression and anxiety that marked his life before have waned.</p><p>\u201cThose aren\u2019t things that are causing the gender dysphoria. They\u2019re being caused by the gender dysphoria \u2014 the reaction to a world that is kind of hostile towards you,\u201d he said in an interview.</p><p>Yet Republican lawmakers portray puberty blockers and hormone treatments as too risky for children. Top Republican House leaders in Kansas said in a statement Wednesday that they were preventing irreversible harm from \u201cexperimental\u201d treatments.</p><p>The bill's backers cited a <a href=\"https://www.england.nhs.uk/publication/clinical-policy-puberty-suppressing-hormones/\">statement this week</a> from the National Health Service in England, saying \u201cthere is not enough evidence\u201d that puberty blockers are safe and effective to \u201cmake the treatment routinely available,\u201d something U.S. care providers dispute. The NHS statement followed <a href=\"https://apnews.com/article/uk-transgender-puberty-blockers-abd9145484006fea23de6b4656c937da\">a temporary policy</a> the NHS set last year.</p><p>In a meeting of GOP senators early Thursday, Senate Health Committee Chair Beverly Gossage, a Kansas City-area Republican, led a short briefing on the bill with, \u201cIt\u2019s talking about children.\u201d</p>",
    "textformat": "bx",
    "links": [
        {
            "href": "https://apnews.com/article/gender-affirming-care-ban-minors-kansas-3e5fb153b6a5ece0f0ab540d9746f97d",
            "rel": "canonical"
        }
    ],
    "topics": {
        "Health": {
            "relevance_score": 5,
            "reason": "The document discusses a legislative effort in Kansas to ban gender-affirming care for minors, which includes medical treatments such as puberty blockers, hormone treatments, and surgeries. This topic is directly related to health as it involves medical treatments, healthcare providers, and the potential health impacts on minors. The document also references the positions of major U.S. medical groups and the potential mental health benefits of gender-affirming care, further tying it to the health topic."
        }
    }
}