﻿{
    "altids": {
        "itemid": "85d1ace1125332f25d31a2895ad72a7a",
        "etag": "85d1ace1125332f25d31a2895ad72a7a_1a3aza0c0",
        "friendlykey": "597161997472",
        "referenceid": "SC--COVID Revisited-South Carolina"
    },
    "version": 1,
    "type": "text",
    "urgency": 4,
    "profile": "Spot Development",
    "language": "en",
    "versioncreated": "2024-03-14T19:04:08Z",
    "firstcreated": "2024-03-14T18:32:07Z",
    "editorialrole": "FullStory",
    "pubstatus": "usable",
    "ednote": "Eds: EDITS: A typo in the 3rd paragraph has been fixed.",
    "editorialtypes": [
        "Lead"
    ],
    "signals": [
        "newscontent"
    ],
    "title": "SC--COVID Revisited-South Carolina",
    "headline": "South Carolina's top public health doctor warns senators wrong lessons being learned from COVID",
    "headline_extended": "South Carolina\u2019s top doctor came before a small group of state senators to tell them he thinks a bill overhauling how public health emergencies are handled in the wake of the COVID-19 pandemic has some bad ideas",
    "slugline": "AP-SC--COVID Revisited-South Carolina, 1st Ld-Writethru",
    "description_summary": "South Carolina\u2019s top doctor came before a small group of state senators to tell them he thinks a bill overhauling how public health emergencies are handled in the wake of the COVID-19 pandemic has some bad ideas. Gov. Henry McMaster backed his concerns. Dr. Edward Simmer is the director of the state Department of Health and Environmental Control. He told a subcommittee on Thursday that the bill's proposed restrictions on vaccine mandates would prevent requiring flu vaccines or other shots that get yearly updates for ever-changing viruses. Simmer also says letting people out of quarantine after five days without symptoms would allow diseases like measles and Ebola to quickly spread. That's because those diseases can take weeks for symptoms to appear.",
    "bylines": [
        {
            "by": "By JEFFREY COLLINS",
            "title": "Associated Press"
        }
    ],
    "located": "COLUMBIA, S.C.",
    "datelinelocation": {
        "city": "Columbia",
        "countryareacode": "SC",
        "countryareaname": "South Carolina",
        "countrycode": "USA",
        "countryname": "United States",
        "geometry_geojson": {
            "type": "Point",
            "coordinates": [
                -81.03481,
                34.00071
            ]
        }
    },
    "copyrightnotice": "Copyright 2024 The Associated Press. All rights reserved. This material may not be published, broadcast, rewritten or redistributed without permission.",
    "usageterms": [
        "This content is intended for editorial use only. For other uses, additional clearances may be required."
    ],
    "keywords": [
        "covid vaccine requirements quarantine south carolina"
    ],
    "provider": "AP",
    "infosource": [
        {
            "name": "AP",
            "type": "AP"
        }
    ],
    "subject": [
        {
            "rels": [
                "category"
            ],
            "creator": "Editorial",
            "code": "n",
            "name": "n"
        },
        {
            "rels": [
                "category"
            ],
            "creator": "Editorial",
            "code": "p",
            "name": "p"
        },
        {
            "scheme": "http://cv.ap.org/id/",
            "code": "9d046fa8872910048ba5d7c656897a02",
            "name": "Nursing homes",
            "creator": "Machine",
            "rels": [
                "direct"
            ],
            "relevance": 32
        },
        {
            "scheme": "http://cv.ap.org/id/",
            "code": "3f0008439d3c4d4bbe0a7f949a804f7a",
            "name": "Ebola virus",
            "creator": "Machine",
            "rels": [
                "direct"
            ],
            "relevance": 32
        },
        {
            "scheme": "http://cv.ap.org/id/",
            "code": "cc7a76087e4e10048482df092526b43e",
            "name": "Health",
            "creator": "Machine",
            "rels": [
                "direct"
            ],
            "relevance": 86
        },
        {
            "scheme": "http://cv.ap.org/id/",
            "code": "35c3e4b4097447a2bb0d91833d539e06",
            "name": "Pandemics",
            "creator": "Machine",
            "rels": [
                "direct"
            ],
            "relevance": 50
        },
        {
            "scheme": "http://cv.ap.org/id/",
            "code": "e237be707de410048fffdf092526b43e",
            "name": "Medication",
            "creator": "Machine",
            "rels": [
                "direct"
            ],
            "relevance": 44
        },
        {
            "scheme": "http://cv.ap.org/id/",
            "code": "ace74e307f00100486cedf092526b43e",
            "name": "Immunizations",
            "creator": "Machine",
            "rels": [
                "direct"
            ],
            "relevance": 71
        },
        {
            "scheme": "http://cv.ap.org/id/",
            "code": "e57b6c907e3810048ae4df092526b43e",
            "name": "Public health",
            "creator": "Machine",
            "rels": [
                "direct"
            ],
            "relevance": 57
        },
        {
            "scheme": "http://cv.ap.org/id/",
            "code": "b17e2751b26d4523a2c99d79e04747ee",
            "name": "COVID-19 pandemic",
            "creator": "Machine",
            "rels": [
                "direct"
            ],
            "relevance": 81
        },
        {
            "scheme": "http://cv.ap.org/id/",
            "code": "cc7a76087e4e10048482df092526b43e",
            "name": "Health",
            "creator": "Editorial",
            "editorial_subject": "Health",
            "rels": [
                "direct"
            ],
            "relevance": 75
        },
        {
            "scheme": "http://cv.ap.org/id/",
            "code": "86aad5207dac100488ecba7fa5283c3e",
            "name": "Politics",
            "creator": "Editorial",
            "editorial_subject": "Politics",
            "rels": [
                "direct"
            ],
            "relevance": 75
        },
        {
            "scheme": "http://cv.ap.org/id/",
            "code": "a4677d70863b4012b846a1b00f5079f5",
            "name": "U.S. news",
            "creator": "Editorial",
            "editorial_subject": "U.S. news",
            "rels": [
                "direct"
            ],
            "relevance": 99
        },
        {
            "scheme": "http://cv.ap.org/id/",
            "code": "f25af2d07e4e100484f5df092526b43e",
            "name": "General news",
            "creator": "Editorial",
            "editorial_subject": "General news",
            "rels": [
                "direct"
            ],
            "relevance": 50
        }
    ],
    "organisation": [
        {
            "scheme": "http://cv.ap.org/id/",
            "code": "565160fec6fe4e58b2835ce813b126f0",
            "name": "South Carolina state government",
            "creator": "Machine",
            "rels": [
                "direct"
            ],
            "relevance": 64
        }
    ],
    "place": [
        {
            "scheme": "http://cv.ap.org/id/",
            "code": "29d11ec082c7100488aedf092526b43e",
            "name": "South Carolina",
            "creator": "Machine",
            "rels": [
                "direct"
            ],
            "parentids": [
                "661e48387d5b10048291c076b8e3055c"
            ],
            "locationtype": {
                "code": "0ae5eb8e00e04295a4fc209c94bfe6ef",
                "name": "State"
            },
            "geometry_geojson": {
                "type": "Point",
                "coordinates": [
                    -81.00009,
                    34.00043
                ]
            },
            "relevance": 59,
            "parentnames": [
                "United States"
            ]
        }
    ],
    "audiences": [
        {
            "code": "82c6a4c46fa0446090a7acaf93159e4c",
            "name": "Print",
            "type": "AUDPLATFORM"
        },
        {
            "code": "9add4649b53b4702ba7d9de5d4fa607a",
            "name": "Online",
            "type": "AUDPLATFORM"
        },
        {
            "code": "f5b16ea8760d10048047e6e7a0f4673e",
            "name": "State",
            "type": "AUDSCOPE"
        },
        {
            "code": "29d11ec082c7100488aedf092526b43e",
            "name": "South Carolina",
            "type": "AUDGEOGRAPHY"
        }
    ],
    "associations": {
        "1": {
            "altids": {
                "itemid": "c4761fcca4204ab8a3523f3b2e03e48c"
            },
            "type": "picture"
        },
        "2": {
            "altids": {
                "itemid": "212326266f214fd3bde074622d8a879c"
            },
            "type": "picture"
        },
        "3": {
            "altids": {
                "itemid": "718cf44d02174d919663d14e18772d9a"
            },
            "type": "picture"
        },
        "4": {
            "altids": {
                "itemid": "37ccfede6fa24ed4b54fa2cfd6d1d55f"
            },
            "type": "picture"
        },
        "5": {
            "altids": {
                "itemid": "c755b8045cc0463fb2f0748c2b47cb1e"
            },
            "type": "picture"
        },
        "6": {
            "altids": {
                "itemid": "fa30f53feab64460852c296b40bb9d0b"
            },
            "type": "picture"
        }
    },
    "body_nitf": "<p>COLUMBIA, S.C. (AP) \u2014 South Carolina\u2019s top doctor came before a small group of state senators on Thursday to tell them he thinks a bill overhauling how public health emergencies are handled in the wake of the <a href=\"https://apnews.com/article/health-coronavirus-pandemic-d5f35ddaa4942b01add6ef5c1d550b5e\">COVID-19 pandemic</a> has some bad ideas, concerns echoed by Gov. Henry McMaster.</p><p>As drafted, the bill would prevent <a href=\"https://apnews.com/article/joe-biden-health-coronavirus-pandemic-south-carolina-henry-mcmaster-d795c32685fde4fa1b1c0f7b896cec05\">mandating vaccines</a> unless they have been licensed by the Food and Drug Administration for 10 years. That means that health care providers would be blocked from requiring flu vaccines or other shots that get yearly updates for ever-changing viruses, said Dr. Edward Simmer, director of the state Department of Health and Environmental Control.</p><p>In addition to loosening restrictions on who can visit people in isolation, the measure would also require symptom-free patients to be released from quarantine well before some infectious diseases begin to show outward signs, Simmer said at a Thursday hearing.</p><p>\u201cThere are a number of issues that we believe where this bill would cause harm to the people of South Carolina and would in fact cause unnecessary death amongst people of South Carolina during a public health crisis because it would prevent us from taking actions that could save lives,\u201d Simmer said.</p><p>The bill passed the Senate subcommittee on a 4-3 vote, but with eight weeks to go in the General Assembly's session, it still has to get through the body's Medical Affairs Committee and a vote on the Senate floor before it can even be sent to the House.</p><p>In a further sign of the hurdles the bill faces, McMaster sent the subcommittee a letter saying \u201cplacing overbroad restrictions on the authority of public health officials, law enforcement officers, first responders, and emergency management professionals responding to emerging threats and disasters\u2014whether public health or otherwise \u2014 is a bad idea.\u201d</p><p>A similar subcommittee <a href=\"https://apnews.com/article/covid19-pandemic-vaccine-south-carolina-041ad84a6f8cd5f086ea61db4c3c81d3\">met in September</a>, where many speakers sewed doubt about vaccine safety and efficacy, as well as distrust in the scientific establishment.</p><p>Members on Thursday listened to Simmer and took up some amendments on his concern and promised to discuss his other worries with the bill.</p><p>\u201cYou are making some good points, Dr. Simmer. I'm writing them all down,\u201d Republican Sen. Richard Cash of Powdersville said.</p><p>The proposal would require health officials to release someone from quarantine if they didn't show symptoms for five days. Simmers said people with diseases like measles, meningitis, bird flu and Ebola are contagious, but may not show symptoms for a week or more.</p><p>\u201cI don\u2019t think we would want after 10 days to release a person known to be infected with Ebola into the public,\" Simmer said.</p><p>Supporters of the bill said they weren't happy that during the start of the <a href=\"https://apnews.com/article/business-health-education-coronavirus-pandemic-south-carolina-1c2fc1fec7a7a714ac36909ee1367448\">COVID-19 pandemic</a> hospitals and nursing homes put patients into isolation. Allowing quicker releases from isolation and letting more people to visit someone in quarantine was a response to that issue.</p><p>Cash told Simmer that when the pandemic shutdown started, his wife had just endured a 17-hour cancer surgery and he was ordered to leave her bedside.</p><p>\u201cWhatever she's got, I got. But I still had to go,\u201d Cash said.</p><p>Simmer said those decisions were made by the private nursing homes, hospitals and health care facilities. He said he had sympathy for decisions that had to be made quickly without much data, but he thought they were still wrong and pointed out the state didn't order anyone to take a vaccine or isolate entire facilities.</p><p>\u201cWe saw the pictures of people seeing nursing home patients through a window. They should have been allowed in,\" Simmer said. \"When that didn\u2019t happen that was a mistake. That was a lesson learned from COVID.\u201d</p><p>Simmer asked lawmakers to pay attention to what actually happened during the pandemic and not just what they think happened.</p><p>\u201cIf this bill is designed to address concerns about COVID, we should recognize what did and did not happen during the pandemic,\u201d Simmer said.</p>",
    "textformat": "bx",
    "links": [
        {
            "href": "https://apnews.com/article/covid-vaccine-requirements-quarantine-south-carolina-85d1ace1125332f25d31a2895ad72a7a",
            "rel": "canonical"
        }
    ],
    "topics": {
        "Health": {
            "relevance_score": 5,
            "reason": "The document discusses a bill in South Carolina that aims to overhaul how public health emergencies are handled, with specific references to the COVID-19 pandemic. It includes detailed information about the implications of the bill on public health measures such as vaccine mandates, quarantine protocols, and isolation practices. The document also features opinions from health officials and lawmakers on the potential impact of the bill on public health. Given that the topic is 'Health,' the document is highly relevant as it directly addresses public health policies and their consequences."
        }
    }
}