﻿{
    "altids": {
        "itemid": "dc2677d76a1788b29663610e01081065",
        "etag": "dc2677d76a1788b29663610e01081065_0a8aza0c0",
        "friendlykey": "785809110373",
        "referenceid": "AS--Thailand-Laos-Anthrax"
    },
    "version": 0,
    "type": "text",
    "urgency": 4,
    "profile": "Spot Development",
    "language": "en",
    "versioncreated": "2024-03-29T08:54:40Z",
    "firstcreated": "2024-03-29T08:54:39Z",
    "editorialrole": "FullStory",
    "pubstatus": "usable",
    "signals": [
        "newscontent"
    ],
    "title": "AS--Thailand-Laos-Anthrax",
    "headline": "Thailand steps up border control of livestock after anthrax outbreak is reported in neighboring Laos",
    "headline_extended": "Thailand\u2019s government has ordered officials to closely monitor livestock along the border with Laos after more than 50 people were reported to have contracted anthrax in the neighboring country",
    "slugline": "BC-AS--Thailand-Laos-Anthrax",
    "description_summary": "Thailand\u2019s government has ordered officials to closely monitor livestock along the border with Laos after more than 50 people were reported to have contracted anthrax in the neighboring country. Thai authorities say they have been working closely with those in Laos after receiving reports of the outbreak and have prepared vaccines in case of infections being detected in Thailand. The Thai government says it has received reports that 54 people in Laos have been infected with the disease. No deaths have been reported. Anthrax is a rare but serious disease caused by bacteria that primarily affects grazing animals. It can spread to humans through contact with or consumption of the infected animals.",
    "located": "BANGKOK",
    "datelinelocation": {
        "city": "Bangkok",
        "countrycode": "THA",
        "countryname": "Thailand",
        "geometry_geojson": {
            "type": "Point",
            "coordinates": [
                100.50144,
                13.75398
            ]
        }
    },
    "copyrightnotice": "Copyright 2024 The Associated Press. All rights reserved. This material may not be published, broadcast, rewritten or redistributed without permission.",
    "usageterms": [
        "This content is intended for editorial use only. For other uses, additional clearances may be required."
    ],
    "keywords": [
        "thailand laos anthrax outbreak"
    ],
    "provider": "AP",
    "infosource": [
        {
            "name": "AP",
            "type": "AP"
        }
    ],
    "subject": [
        {
            "rels": [
                "category"
            ],
            "creator": "Editorial",
            "code": "f",
            "name": "f"
        },
        {
            "rels": [
                "category"
            ],
            "creator": "Editorial",
            "code": "i",
            "name": "i"
        },
        {
            "scheme": "http://cv.ap.org/id/",
            "code": "c1317571062a466b9148a3656bdba0b2",
            "name": "Livestock diseases",
            "creator": "Machine",
            "rels": [
                "direct"
            ],
            "relevance": 33
        },
        {
            "scheme": "http://cv.ap.org/id/",
            "code": "cc7a76087e4e10048482df092526b43e",
            "name": "Health",
            "creator": "Machine",
            "rels": [
                "direct"
            ],
            "relevance": 53
        },
        {
            "scheme": "http://cv.ap.org/id/",
            "code": "9cce666bb29344b8ba61f3732d971d32",
            "name": "Disease outbreaks",
            "creator": "Machine",
            "rels": [
                "direct"
            ],
            "relevance": 71
        },
        {
            "scheme": "http://cv.ap.org/id/",
            "code": "86aad5207dac100488ecba7fa5283c3e",
            "name": "Politics",
            "creator": "Machine",
            "rels": [
                "direct"
            ],
            "relevance": 44
        },
        {
            "scheme": "http://cv.ap.org/id/",
            "code": "084c50287f00100481bcf571351eed07",
            "name": "Anthrax",
            "creator": "Machine",
            "rels": [
                "direct"
            ],
            "relevance": 53
        },
        {
            "scheme": "http://cv.ap.org/id/",
            "code": "cc7a76087e4e10048482df092526b43e",
            "name": "Health",
            "creator": "Editorial",
            "editorial_subject": "Health",
            "rels": [
                "direct"
            ],
            "relevance": 75
        },
        {
            "scheme": "http://cv.ap.org/id/",
            "code": "c8e409f8858510048872ff2260dd383e",
            "name": "Business",
            "creator": "Editorial",
            "editorial_subject": "Business",
            "rels": [
                "direct"
            ],
            "relevance": 75
        },
        {
            "scheme": "http://cv.ap.org/id/",
            "code": "bb2d2c5f441a452cb24bb511a2ab5eea",
            "name": "World news",
            "creator": "Editorial",
            "editorial_subject": "World news",
            "rels": [
                "direct"
            ],
            "relevance": 99
        },
        {
            "scheme": "http://cv.ap.org/id/",
            "code": "f25af2d07e4e100484f5df092526b43e",
            "name": "General news",
            "creator": "Editorial",
            "editorial_subject": "General news",
            "rels": [
                "direct"
            ],
            "relevance": 50
        }
    ],
    "place": [
        {
            "scheme": "http://cv.ap.org/id/",
            "code": "661fb7687d5b100482b3c076b8e3055c",
            "name": "Thailand",
            "creator": "Machine",
            "rels": [
                "direct"
            ],
            "parentids": [
                "661812607d5b100481f3c076b8e3055c"
            ],
            "locationtype": {
                "code": "01f56e0e654841eca2e69bf2cbcc0526",
                "name": "Nation"
            },
            "geometry_geojson": {
                "type": "Point",
                "coordinates": [
                    100,
                    15
                ]
            },
            "relevance": 89,
            "parentnames": [
                "Asia"
            ]
        },
        {
            "scheme": "http://cv.ap.org/id/",
            "code": "661f78e87d5b100482afc076b8e3055c",
            "name": "Laos",
            "creator": "Machine",
            "rels": [
                "direct"
            ],
            "parentids": [
                "661812607d5b100481f3c076b8e3055c"
            ],
            "locationtype": {
                "code": "01f56e0e654841eca2e69bf2cbcc0526",
                "name": "Nation"
            },
            "geometry_geojson": {
                "type": "Point",
                "coordinates": [
                    105,
                    18
                ]
            },
            "relevance": 81,
            "parentnames": [
                "Asia"
            ]
        }
    ],
    "audiences": [
        {
            "code": "82c6a4c46fa0446090a7acaf93159e4c",
            "name": "Print",
            "type": "AUDPLATFORM"
        },
        {
            "code": "9add4649b53b4702ba7d9de5d4fa607a",
            "name": "Online",
            "type": "AUDPLATFORM"
        },
        {
            "code": "f4ecf9b0760d10048044e6e7a0f4673e",
            "name": "International",
            "type": "AUDSCOPE"
        },
        {
            "code": "f43adc08760d10048040e6e7a0f4673e",
            "name": "National",
            "type": "AUDSCOPE"
        },
        {
            "code": "661812607d5b100481f3c076b8e3055c",
            "name": "Asia",
            "type": "AUDGEOGRAPHY"
        },
        {
            "code": "661e48387d5b10048291c076b8e3055c",
            "name": "United States",
            "type": "AUDGEOGRAPHY"
        }
    ],
    "body_nitf": "<p>BANGKOK (AP) \u2014 Thailand's government has ordered officials to closely monitor livestock along the border with Laos after more than 50 people were reported to have contracted anthrax in the neighboring country.</p><p>Thai authorities have been working closely with those in Laos after receiving reports of the outbreak and have prepared vaccines in case of infections being detected in Thailand, said Narong Leangcharuen, director of the Bureau of Disease Control and Veterinary Services of the Department of Livestock Development.</p><p>In an interview with Thai state broadcaster NBT on Friday, Narong said the transport of livestock across the border is being strictly controlled. He warned livestock farmers to quarantine animals from Laos and immediately report any suspicious illnesses or deaths.</p><p>Thailand has received reports that 54 people in Laos have been infected with the disease, Thai government spokesperson Chai Watcharong said in a statement Thursday. He said Thailand\u2019s Department of Disease Control is coordinating with local authorities, especially along the border, to keep a close watch on the situation.</p><p>Media in Laos earlier this month reported livestock deaths and cases of people contracting the disease in the southern province of Champasak, which borders Thailand. There are currently no reports of human fatalities.</p><p>Anthrax is a rare but serious disease caused by bacteria that primarily affects grazing animals. It can spread to humans through contact with or consumption of the infected animals, and can be deadly, though the risk of human-to-human transmission is low.</p><p>Reports were inconsistent in state-controlled media in Laos, which is a single-party communist state.</p><p>Nanthasan Vannavong, a deputy in the health office in Champasak, acknowledged the outbreak in a media briefing earlier this week, cautioning people against consuming sick livestock.</p><p>Thailand\u2019s most recent reported case of anthrax in humans was in 2000, according to the Department of Livestock Development.</p>",
    "textformat": "bx",
    "links": [
        {
            "href": "https://apnews.com/article/thailand-laos-anthrax-outbreak-dc2677d76a1788b29663610e01081065",
            "rel": "canonical"
        }
    ],
    "topics": {
        "Health": {
            "relevance_score": 5,
            "reason": "The document discusses an anthrax outbreak in Laos and the subsequent measures taken by Thailand to control the spread of the disease. It includes information on monitoring livestock, quarantine measures, and the preparation of vaccines, all of which are directly related to public health and disease control. The document also provides background on anthrax, its transmission, and its impact on both animals and humans. This makes the document highly relevant to the topic of Health."
        }
    }
}