﻿{
    "altids": {
        "itemid": "720e871a5181ba939f3f8219b39eccdb",
        "etag": "720e871a5181ba939f3f8219b39eccdb_0a15aza0c0",
        "friendlykey": "43291147448",
        "referenceid": "US--Winter Weather-Layered Clothing-Explainer"
    },
    "version": 0,
    "type": "text",
    "urgency": 4,
    "profile": "Spot Development",
    "language": "en",
    "versioncreated": "2024-01-19T18:25:02Z",
    "firstcreated": "2024-01-19T18:25:01Z",
    "editorialrole": "FullStory",
    "pubstatus": "usable",
    "ednote": "Eds: UPDATES: Updates Media.",
    "signals": [
        "newscontent"
    ],
    "title": "US--Winter Weather-Layered Clothing-Explainer",
    "headline": "How to stay warm in layered clothing and avoid frostbite this winter",
    "headline_extended": "As a bout of bitter and deadly cold sweeps the U.S., millions of Americans are being told to dress in layers if they must go outside",
    "slugline": "BC-US--Winter Weather-Layered Clothing-Explainer",
    "description_summary": "As a bout of bitter and deadly cold sweeps the U.S., millions of Americans are being told to dress in layers if they must go outside. In places that rarely experience bone-chilling temperatures, that advice can be confounding. What does it mean to layer up? Is it different from just putting on a coat? Is there a way to do it wrong? People in Minnesota \u2014 a state that is no stranger to the cold \u2014 have wisdom to share. Layering means wearing multiple pieces of clothing to keep your body comfortable in cold weather. In winter, staying warm means staying dry. Layering certain types of clothing helps move sweat and moisture away from your skin. Avoid wearing cotton, and avoid getting wet, to prevent frostbite.",
    "bylines": [
        {
            "by": "By TRISHA AHMED and MARK VANCLEAVE",
            "title": "Associated Press/Report for America"
        }
    ],
    "located": "MINNEAPOLIS",
    "datelinelocation": {
        "city": "Minneapolis",
        "countryareacode": "MN",
        "countryareaname": "Minnesota",
        "countrycode": "USA",
        "countryname": "United States",
        "geometry_geojson": {
            "type": "Point",
            "coordinates": [
                -93.26384,
                44.97997
            ]
        }
    },
    "copyrightnotice": "Copyright 2024 The Associated Press. All rights reserved. This material may not be published, broadcast, rewritten or redistributed without permission.",
    "usageterms": [
        "This content is intended for editorial use only. For other uses, additional clearances may be required."
    ],
    "keywords": [
        "Layer Up Clothing Weather Cold Warm"
    ],
    "provider": "AP",
    "infosource": [
        {
            "name": "AP",
            "type": "AP"
        }
    ],
    "subject": [
        {
            "rels": [
                "category"
            ],
            "creator": "Editorial",
            "code": "f",
            "name": "f"
        },
        {
            "rels": [
                "category"
            ],
            "creator": "Editorial",
            "code": "l",
            "name": "l"
        },
        {
            "rels": [
                "category"
            ],
            "creator": "Editorial",
            "code": "a",
            "name": "a"
        },
        {
            "rels": [
                "category"
            ],
            "creator": "Editorial",
            "code": "n",
            "name": "n"
        },
        {
            "scheme": "http://cv.ap.org/id/",
            "code": "084d88a87f00100481c3f571351eed07",
            "name": "Common cold",
            "creator": "Machine",
            "rels": [
                "direct"
            ],
            "relevance": 65
        },
        {
            "scheme": "http://cv.ap.org/id/",
            "code": "d8e6d7087f00100483b5f571351eed07",
            "name": "Emergency care",
            "creator": "Machine",
            "rels": [
                "direct"
            ],
            "relevance": 34
        },
        {
            "scheme": "http://cv.ap.org/id/",
            "code": "5934f1087e87100487e3df092526b43e",
            "name": "Injuries",
            "creator": "Machine",
            "rels": [
                "direct"
            ],
            "relevance": 47
        },
        {
            "scheme": "http://cv.ap.org/id/",
            "code": "cc7a76087e4e10048482df092526b43e",
            "name": "Health",
            "creator": "Editorial",
            "editorial_subject": "Health",
            "rels": [
                "direct"
            ],
            "relevance": 75
        },
        {
            "scheme": "http://cv.ap.org/id/",
            "code": "c8e409f8858510048872ff2260dd383e",
            "name": "Business",
            "creator": "Editorial",
            "editorial_subject": "Business",
            "rels": [
                "direct"
            ],
            "relevance": 75
        },
        {
            "scheme": "http://cv.ap.org/id/",
            "code": "3e37e4b87df7100483d5df092526b43e",
            "name": "Lifestyle",
            "creator": "Editorial",
            "editorial_subject": "Lifestyle",
            "rels": [
                "direct"
            ],
            "relevance": 99
        }
    ],
    "place": [
        {
            "scheme": "http://cv.ap.org/id/",
            "code": "aebb360082c4100486bedf092526b43e",
            "name": "Minneapolis",
            "creator": "Machine",
            "rels": [
                "direct"
            ],
            "parentids": [
                "9f12355082c4100486addf092526b43e"
            ],
            "locationtype": {
                "code": "9d26a20b35f0484a891740f8189d4c7b",
                "name": "City"
            },
            "geometry_geojson": {
                "type": "Point",
                "coordinates": [
                    -93.26384,
                    44.97997
                ]
            },
            "relevance": 49,
            "parentnames": [
                "Minnesota"
            ]
        },
        {
            "scheme": "http://cv.ap.org/id/",
            "code": "9f12355082c4100486addf092526b43e",
            "name": "Minnesota",
            "creator": "Machine",
            "rels": [
                "direct"
            ],
            "parentids": [
                "661e48387d5b10048291c076b8e3055c"
            ],
            "locationtype": {
                "code": "0ae5eb8e00e04295a4fc209c94bfe6ef",
                "name": "State"
            },
            "geometry_geojson": {
                "type": "Point",
                "coordinates": [
                    -94.25055,
                    46.25024
                ]
            },
            "relevance": 81,
            "parentnames": [
                "United States"
            ]
        }
    ],
    "audiences": [
        {
            "code": "82c6a4c46fa0446090a7acaf93159e4c",
            "name": "Print",
            "type": "AUDPLATFORM"
        },
        {
            "code": "9add4649b53b4702ba7d9de5d4fa607a",
            "name": "Online",
            "type": "AUDPLATFORM"
        },
        {
            "code": "f43adc08760d10048040e6e7a0f4673e",
            "name": "National",
            "type": "AUDSCOPE"
        },
        {
            "code": "f4ecf9b0760d10048044e6e7a0f4673e",
            "name": "International",
            "type": "AUDSCOPE"
        },
        {
            "code": "f5b16ea8760d10048047e6e7a0f4673e",
            "name": "State",
            "type": "AUDSCOPE"
        },
        {
            "code": "661850e07d5b100481f5c076b8e3055c",
            "name": "Latin America and Caribbean",
            "type": "AUDGEOGRAPHY"
        },
        {
            "code": "9f12355082c4100486addf092526b43e",
            "name": "Minnesota",
            "type": "AUDGEOGRAPHY"
        },
        {
            "code": "661e48387d5b10048291c076b8e3055c",
            "name": "United States",
            "type": "AUDGEOGRAPHY"
        }
    ],
    "associations": {
        "1": {
            "altids": {
                "itemid": "c21b03707f8b4c819811eaa194e55863"
            },
            "type": "video"
        },
        "2": {
            "altids": {
                "itemid": "cc5bc736ad314d7d840f9f7bb814e723"
            },
            "type": "picture"
        },
        "3": {
            "altids": {
                "itemid": "571f1641cfd94079b021031503bbfdbf"
            },
            "type": "picture"
        },
        "4": {
            "altids": {
                "itemid": "67b1421ceb214bd9ab90fb7d910e73e4"
            },
            "type": "picture"
        }
    },
    "body_nitf": "<p>MINNEAPOLIS (AP) \u2014 As a bout of <a href=\"https://apnews.com/article/us-winter-weather-snow-freezing-low-temperatures-42af2b394779d51b61a7330e9046419f\">bitter and deadly cold sweeps the U.S.</a>, millions of Americans are being told to dress in layers if they must go outside.</p><p>In places that rarely experience bone-chilling temperatures, that advice can be confounding. What does it mean to layer up? Is it different from just putting on a coat? Is there a way to do it wrong?</p><p>People in Minnesota, a state that is no stranger to the cold, have wisdom to share.</p><hl2>WHAT IS LAYERING?</hl2><p>Layering means wearing multiple pieces of clothing to keep your body comfortable in cold weather. Each layer creates an insulating pocket of air that protects you better than just wearing a big jacket, and layering helps move sweat and moisture away from your skin.</p><p>No matter how cold it is, you\u2019re probably going to sweat when you go outside and start moving, said Claire Wilson, executive director of The Loppet Foundation \u2014 a nonprofit that promotes winter recreation and activities in Minneapolis.</p><p>If you're wearing the correct layers, you can feel perspiration wick away from your body, she said. The idea is to add another layer if you get cold, or take off a layer when you get hot or wet.</p><hl2>AVOID COTTON AND WETNESS</hl2><p>Wilson said she loves to shop at thrift stores for layers that won't break the bank.</p><p>\u201cJust look for things that aren\u2019t cotton,\u201d she said.</p><p>Cotton absorbs moisture, so it stays wet longer, Wilson explained. Cotton socks can get wet in your boots or shoes if you walk in the snow, and a cotton shirt under your jacket can get wet with sweat. Cotton won't dry quickly, so you'll get colder, she said.</p><p>Instead, choose wool socks and fabrics made of fleece, polyester or polypropylene, she said. You can also repurpose old vests and shirts, which are great at keeping your core warm. Many of these items might also already be in your closet; layering up doesn't have to cost a fortune.</p><hl2>THINK OF THREE MAIN LAYERS</hl2><p>Wilson recommends starting with a base layer, then a mid layer, and then an outer layer.</p><p>The base layer is closest to your skin, so it's important for the fabric to wick away moisture, she said. Choose polyester over cotton for this. Then, wear a mid layer \u2014 a vest or a shirt \u2014 to keep your core warm. Some people choose to wear more than one mid layer. Finally, wear a traditional winter jacket that breaks the wind a little but also insulates you, Wilson said.</p><hl2>DRESS TO PREVENT FROSTBITE</hl2><p>Frostbite \u2014 a painful injury in which skin freezes, blood flow decreases and tissue gets damaged \u2014 can happen within minutes in cold weather when skin is not adequately covered.</p><p>\u201cWe see people with frostbite inside their shoes and gloves all the time,\u201d said Dr. James Miner, chief of emergency medicine at Hennepin County Medical Center in Minneapolis.</p><p>Symptoms include blistering of the skin because it's damaged, along with bruising and swelling. Frostbite can even result in the loss of a limb, if it's not properly treated.</p><p>The hospital sees about a dozen people a day with frostbite when temperatures hover near zero (minus 18 degrees Celsius), Miner said.</p><p>Layering up can prevent frostbite because it traps a bit of insulating air between each layer of fabric, Miner said. It's more effective than simply wearing a big coat because layers \u201ctend to keep the moisture from outside \u2014 or the moisture from your body \u2014 from traveling as far as it gets trapped\u201d by the air within each layer.</p><p>Miner recommends a waterproof outer layer, like a raincoat, to keep the lower layers dry.</p><p>Children typically require one more layer than adults, said Toni Hauser, supervisor of emergency preparedness and response for the Minneapolis Health Department. Hauser suggests keeping extra clothing or blankets in your car as well, in case you run out of gas or your car breaks down and you need to be outside.</p><hl2>PROTECT SPECIFIC BODY PARTS</hl2><p>\u201cThree words: Cover Your Bum (CYB)!\u201d the city of Minneapolis says <a href=\"https://www.minneapolis.org/blog/winter-fashion-and-function/\">in a blog post</a> about staying warm in cold weather. In other words, wear a winter jacket that falls closer to your knees than your hips.</p><p>The post also recommends keeping your legs warm with fleece-lined leggings or a pair of long underwear under your pants. Woolen socks and winter boots are a big help, too. Fur-lined gloves or mittens can also keep your hands warm and prevent dry skin. And keep your ears cozy with ear muffs or a hat.</p><p>___</p><p>Trisha Ahmed is a corps member for the Associated Press/Report for America Statehouse News Initiative. <a href=\"https://www.reportforamerica.org/\">Report for America</a> is a nonprofit national service program that places journalists in local newsrooms to report on under-covered issues. Follow her on X, formerly Twitter: <a href=\"https://twitter.com/trishaahmed15?lang=en\">@TrishaAhmed15</a></p>",
    "textformat": "bx",
    "links": [
        {
            "href": "https://apnews.com/article/layer-up-clothing-weather-cold-warm-720e871a5181ba939f3f8219b39eccdb",
            "rel": "canonical"
        }
    ],
    "topics": {
        "Health": {
            "relevance_score": 3,
            "reason": "The document provides detailed information on how to stay warm in cold weather by layering clothing, which includes advice on preventing frostbite. While the primary focus is on clothing and weather, it does touch on health-related aspects such as preventing frostbite and the importance of keeping specific body parts warm to avoid injury. Therefore, it has some relevance to the topic of health, but it is not the main focus."
        }
    }
}