﻿{
    "altids": {
        "itemid": "f7fd03bdf52577d7fa084bda26282e48",
        "etag": "f7fd03bdf52577d7fa084bda26282e48_1a8aza0c0",
        "friendlykey": "998089440240",
        "referenceid": "AS--South Korea-Doctors Protest"
    },
    "version": 1,
    "type": "text",
    "urgency": 4,
    "profile": "Spot Development",
    "language": "en",
    "versioncreated": "2024-03-19T03:23:04Z",
    "firstcreated": "2024-03-18T11:45:49Z",
    "editorialrole": "FullStory",
    "pubstatus": "usable",
    "ednote": "Eds: UPDATES: Revises headline, summary and top of story to show suspensions would take effect next month.",
    "editorialtypes": [
        "Lead"
    ],
    "signals": [
        "newscontent"
    ],
    "title": "AS--South Korea-Doctors Protest",
    "headline": "South Korea will suspend licenses of 2 senior doctors in first punishment for doctors' walkouts",
    "headline_extended": "South Korean authorities will suspend the licenses of two senior doctors for allegedly inciting the weekslong walkouts by medical interns and residents that have disrupted hospital operations",
    "slugline": "BC-AS--South Korea-Doctors Protest, 1st Ld-Writethru",
    "description_summary": "South Korean authorities will suspend the licenses of two senior doctors for allegedly inciting the weekslong walkouts by medical interns and residents that have disrupted hospital operations. That's according to one of the doctors who spoke to The Associated Press. The suspensions that will start in mid-April are the first punishments against physicians after thousands of doctors-in-training walked off the job to protest a plan to sharply increase medical school admissions. Police are investigating five senior members of the Korean Medical Association for allegedly inciting and abetting the strikes. The junior doctors say they are concerned schools can't handle the new students and the quality of medical services would suffer.",
    "bylines": [
        {
            "by": "By HYUNG-JIN KIM",
            "title": "Associated Press"
        }
    ],
    "located": "SEOUL, South Korea",
    "datelinelocation": {
        "city": "Seoul",
        "countrycode": "KOR",
        "countryname": "South Korea",
        "geometry_geojson": {
            "type": "Point",
            "coordinates": [
                126.9784,
                37.566
            ]
        }
    },
    "copyrightnotice": "Copyright 2024 The Associated Press. All rights reserved. This material may not be published, broadcast, rewritten or redistributed without permission.",
    "usageterms": [
        "This content is intended for editorial use only. For other uses, additional clearances may be required."
    ],
    "keywords": [
        "south korea doctors strikes license suspensions"
    ],
    "provider": "AP",
    "infosource": [
        {
            "name": "AP",
            "type": "AP"
        }
    ],
    "subject": [
        {
            "rels": [
                "category"
            ],
            "creator": "Editorial",
            "code": "f",
            "name": "f"
        },
        {
            "rels": [
                "category"
            ],
            "creator": "Editorial",
            "code": "i",
            "name": "i"
        },
        {
            "scheme": "http://cv.ap.org/id/",
            "code": "5f7806eec29a4884b038a26d799e9326",
            "name": "Strikes",
            "creator": "Machine",
            "rels": [
                "direct"
            ],
            "relevance": 52
        },
        {
            "scheme": "http://cv.ap.org/id/",
            "code": "cc7a76087e4e10048482df092526b43e",
            "name": "Health",
            "creator": "Machine",
            "rels": [
                "direct"
            ],
            "relevance": 96
        },
        {
            "scheme": "http://cv.ap.org/id/",
            "code": "c8e409f8858510048872ff2260dd383e",
            "name": "Business",
            "creator": "Machine",
            "rels": [
                "direct"
            ],
            "relevance": 84
        },
        {
            "scheme": "http://cv.ap.org/id/",
            "code": "86aad5207dac100488ecba7fa5283c3e",
            "name": "Politics",
            "creator": "Machine",
            "rels": [
                "direct"
            ],
            "relevance": 75
        },
        {
            "scheme": "http://cv.ap.org/id/",
            "code": "0e8cf338896510048024d56c852d093e",
            "name": "Protests and demonstrations",
            "creator": "Machine",
            "rels": [
                "direct"
            ],
            "relevance": 35
        },
        {
            "scheme": "http://cv.ap.org/id/",
            "code": "cc7a76087e4e10048482df092526b43e",
            "name": "Health",
            "creator": "Editorial",
            "editorial_subject": "Health",
            "rels": [
                "direct"
            ],
            "relevance": 75
        },
        {
            "scheme": "http://cv.ap.org/id/",
            "code": "c8e409f8858510048872ff2260dd383e",
            "name": "Business",
            "creator": "Editorial",
            "editorial_subject": "Business",
            "rels": [
                "direct"
            ],
            "relevance": 75
        },
        {
            "scheme": "http://cv.ap.org/id/",
            "code": "bb2d2c5f441a452cb24bb511a2ab5eea",
            "name": "World news",
            "creator": "Editorial",
            "editorial_subject": "World news",
            "rels": [
                "direct"
            ],
            "relevance": 99
        },
        {
            "scheme": "http://cv.ap.org/id/",
            "code": "f25af2d07e4e100484f5df092526b43e",
            "name": "General news",
            "creator": "Editorial",
            "editorial_subject": "General news",
            "rels": [
                "direct"
            ],
            "relevance": 50
        }
    ],
    "organisation": [
        {
            "scheme": "http://cv.ap.org/id/",
            "code": "993327ccec064b6087c1699c1b5f9410",
            "name": "South Korea government",
            "creator": "Machine",
            "rels": [
                "direct"
            ],
            "relevance": 75
        }
    ],
    "place": [
        {
            "scheme": "http://cv.ap.org/id/",
            "code": "8a2d4cf87ec110048d01df092526b43e",
            "name": "Seoul",
            "creator": "Machine",
            "rels": [
                "direct"
            ],
            "parentids": [
                "661be2f07d5b10048252c076b8e3055c"
            ],
            "locationtype": {
                "code": "9d26a20b35f0484a891740f8189d4c7b",
                "name": "City"
            },
            "geometry_geojson": {
                "type": "Point",
                "coordinates": [
                    126.97783,
                    37.56826
                ]
            },
            "relevance": 37,
            "parentnames": [
                "South Korea"
            ]
        },
        {
            "scheme": "http://cv.ap.org/id/",
            "code": "661be2f07d5b10048252c076b8e3055c",
            "name": "South Korea",
            "creator": "Machine",
            "rels": [
                "direct"
            ],
            "parentids": [
                "661812607d5b100481f3c076b8e3055c"
            ],
            "locationtype": {
                "code": "01f56e0e654841eca2e69bf2cbcc0526",
                "name": "Nation"
            },
            "geometry_geojson": {
                "type": "Point",
                "coordinates": [
                    127.5,
                    37
                ]
            },
            "relevance": 63,
            "parentnames": [
                "Asia"
            ]
        }
    ],
    "audiences": [
        {
            "code": "82c6a4c46fa0446090a7acaf93159e4c",
            "name": "Print",
            "type": "AUDPLATFORM"
        },
        {
            "code": "9add4649b53b4702ba7d9de5d4fa607a",
            "name": "Online",
            "type": "AUDPLATFORM"
        },
        {
            "code": "f43adc08760d10048040e6e7a0f4673e",
            "name": "National",
            "type": "AUDSCOPE"
        },
        {
            "code": "f4ecf9b0760d10048044e6e7a0f4673e",
            "name": "International",
            "type": "AUDSCOPE"
        },
        {
            "code": "661812607d5b100481f3c076b8e3055c",
            "name": "Asia",
            "type": "AUDGEOGRAPHY"
        },
        {
            "code": "661e48387d5b10048291c076b8e3055c",
            "name": "United States",
            "type": "AUDGEOGRAPHY"
        }
    ],
    "associations": {
        "1": {
            "altids": {
                "itemid": "058ee21bae974eec96dc26a8fbe3cff4"
            },
            "type": "picture"
        }
    },
    "body_nitf": "<p>SEOUL, South Korea (AP) \u2014 South Korean authorities will suspend the licenses of two senior doctors for allegedly inciting the <a href=\"https://apnews.com/article/south-korea-doctors-walkouts-patients-explained-326632dd061fc3b004b663cc761f9016\">weekslong walkouts</a> by thousands of medical interns and residents that have disrupted hospital operations, one of the doctors said Monday.</p><p>The impending suspensions are the punishments against physicians after more than 90% of the country's 13,000 doctors-in-training walked off the job last month to protest the government\u2019s plan to sharply increase medical school admissions.</p><p>Officials say the recruitment plan is aimed at adding more doctors to prepare for South Korea\u2019s rapidly aging population in a country whose doctor-to-population ratio is one of the lowest in the developed world. But doctors say schools can\u2019t handle an abrupt, steep increase in students, and that it would ultimately undermine the country\u2019s medical services.</p><p>In early March, the government began taking steps to suspend the licenses of striking junior doctors after they <a href=\"https://apnews.com/article/south-korea-junior-doctors-strike-deadline-fff231bd792d275395cfc6c7f7188226\">refused its orders</a> to return to work by the end of February. Police are separately investigating five senior members of <a href=\"https://apnews.com/article/south-korea-doctors-rally-medical-school-9cd476721b94afd762a186f45329d7bc\">the Korean Medical Association</a>, which represents doctors in South Korea, for allegedly inciting and abetting the strikes.</p><p>Park Myung-Ha, one of the five members, said he received a government-sent letter saying that his license will be suspended for three months from April 15. Park, who works for the KMA\u2019s emergency committee, said committee leader Kim Taek-woo was also given a three-month suspension.</p><p>The Health Ministry said it wouldn\u2019t confirm any reported administrative steps imposed on individual doctors.</p><p>\u201cMy fellow doctors and I are really angered and appalled by the government\u2019s measure,\u201d Park told The Associated Press.</p><p>Park accused the government of attempting to break up the KMA emergency committee and sending a warning message to striking junior doctors. He said he and others are discussing legal steps to respond to the license suspensions.</p><p>About 12,000 junior doctors have been <a href=\"https://apnews.com/article/south-korea-trainee-doctors-walk-off-d991fc8a07c535ea737b4f31b01c5658\">off the job</a> for a month, but none has received a license suspension. Observers have said it would take a few months to suspend all their licenses and that the government would likely end up suspending only strike leaders.</p><p>The striking junior doctors account for less than 10% of South Korea\u2019s 140,000 doctors. But in some major hospitals, they represent about 30%-40% of the doctors, assisting senior doctors during surgeries and dealing with inpatients while training.</p><p>Their strikes have caused hundreds of canceled or postponed surgeries and other treatments, but officials say the country\u2019s handling of emergency and critical patients largely remains stable.</p><p><a href=\"https://apnews.com/article/south-korea-doctors-walkouts-health-123d5ad09acc6a3eeeb8546fa3758cfb\">Senior doctors at major university hospitals</a> recently decided to submit resignations next week in support of the junior doctors. Still, most of them will likely continue to report to work. If they walk off the job, that would burden South Korea\u2019s medical services severely.</p><p>In a briefing earlier Monday, Vice Health Minister Park Min-soo urged senior doctors to cancel their plans and persuade the striking junior doctors to return to work.</p><p>\u201cUnder any circumstances, you must not use the lives of the people for negotiations,\u201d Park said.</p><p>In early February, the government said it would increase the country\u2019s medical school enrollment quota by 2,000 starting next year, from the current cap of 3,058 that has been unchanged since 2006.</p><p>Officials say more doctors are required to address a long-standing shortage of physicians in rural areas and in essential yet low-paying specialties.</p><p>But doctors say newly recruited students would also try to work in the capital region and in high-paying fields like plastic surgery and dermatology. They say the government plan would also result in doctors performing unnecessary treatments due to increased competition.</p><p>Surveys show a majority of the South Korean public support the government\u2019s recruitment plan. Critics say doctors \u2014 one of the best-paid professions in South Korea \u2014 are only worrying about the possibility of a lower income in the future.</p>",
    "textformat": "bx",
    "links": [
        {
            "href": "https://apnews.com/article/south-korea-doctors-strikes-license-suspensions-f7fd03bdf52577d7fa084bda26282e48",
            "rel": "canonical"
        }
    ],
    "topics": {
        "Health": {
            "relevance_score": 5,
            "reason": "The document is highly relevant to the topic of Health. It discusses the suspension of licenses of senior doctors in South Korea due to their involvement in inciting walkouts by medical interns and residents. The walkouts were in response to the government's plan to increase medical school admissions, which is directly related to the healthcare system and the availability of medical professionals. The document also covers the impact of these walkouts on hospital operations and patient care, which are critical aspects of the health sector."
        }
    }
}