﻿{
    "altids": {
        "itemid": "b68289639d47c806a1fc73f59f1b1ab9",
        "etag": "b68289639d47c806a1fc73f59f1b1ab9_0a11aza0c0",
        "friendlykey": "229585934917",
        "referenceid": "US--Oil Windfall-New Mexico"
    },
    "version": 0,
    "type": "text",
    "urgency": 4,
    "profile": "Spot Development",
    "language": "en",
    "versioncreated": "2024-01-06T02:50:04Z",
    "firstcreated": "2024-01-06T02:50:03Z",
    "editorialrole": "FullStory",
    "pubstatus": "usable",
    "ednote": "Eds: UPDATES: With AP Photos.",
    "signals": [
        "newscontent"
    ],
    "title": "US--Oil Windfall-New Mexico",
    "headline": "New Mexico legislators back slower, sustained growth in government programs with budget plan",
    "headline_extended": "Leading New Mexico lawmakers are recommending a 5.9% increase in general fund spending for the coming fiscal year amid a windfall in oil-related income",
    "slugline": "BC-US--Oil Windfall-New Mexico",
    "description_summary": "Leading New Mexico lawmakers are recommending a 5.9% increase in general fund spending for the coming fiscal year amid a windfall in oil-related income. Announcing the proposal Friday, legislators are sounding a cautionary note on the future of the state\u2019s petroleum bonanza with plans to set aside more money in savings and investment accounts. The proposal from a lead budget writing committee to the Democratic-led Legislature would increase general fund spending by $566 million for the fiscal year running from July 2024 to June 2025. The budget blueprint would bolster efforts to improve student achievement in public education and buttresses health care for people in poverty or on the cusp.",
    "bylines": [
        {
            "by": "By MORGAN LEE",
            "title": "Associated Press"
        }
    ],
    "located": "SANTA FE, N.M.",
    "datelinelocation": {
        "city": "Santa Fe",
        "countryareacode": "NM",
        "countryareaname": "New Mexico",
        "countrycode": "USA",
        "countryname": "United States",
        "geometry_geojson": {
            "type": "Point",
            "coordinates": [
                -105.9378,
                35.68698
            ]
        }
    },
    "copyrightnotice": "Copyright 2024 The Associated Press. All rights reserved. This material may not be published, broadcast, rewritten or redistributed without permission.",
    "usageterms": [
        "This content is intended for editorial use only. For other uses, additional clearances may be required."
    ],
    "keywords": [
        "New Mexico budget oil income"
    ],
    "provider": "AP",
    "infosource": [
        {
            "name": "AP",
            "type": "AP"
        }
    ],
    "person": [
        {
            "scheme": "http://cv.ap.org/id/",
            "code": "5297adb33c8046bb8d020d54a587ff15",
            "name": "Michelle Lujan Grisham",
            "creator": "Machine",
            "rels": [
                "direct"
            ],
            "types": [
                "POLITICIAN",
                "PERSON"
            ],
            "associatedstates": [
                {
                    "code": "aacce28082c6100487e4df092526b43e",
                    "name": "New Mexico"
                }
            ],
            "relevance": 46
        }
    ],
    "subject": [
        {
            "rels": [
                "category"
            ],
            "creator": "Editorial",
            "code": "f",
            "name": "f"
        },
        {
            "rels": [
                "category"
            ],
            "creator": "Editorial",
            "code": "a",
            "name": "a"
        },
        {
            "rels": [
                "category"
            ],
            "creator": "Editorial",
            "code": "n",
            "name": "n"
        },
        {
            "scheme": "http://cv.ap.org/id/",
            "code": "1b29d45f8e8e4c008e8a58fe6f92a753",
            "name": "Government programs",
            "creator": "Machine",
            "rels": [
                "direct"
            ],
            "relevance": 62
        },
        {
            "scheme": "http://cv.ap.org/id/",
            "code": "cf909730889610048df9cb8225d5863e",
            "name": "Education funding",
            "creator": "Machine",
            "rels": [
                "direct"
            ],
            "relevance": 52
        },
        {
            "scheme": "http://cv.ap.org/id/",
            "code": "523ae37888e910048fa3f8851349f9bd",
            "name": "Government budgets",
            "creator": "Machine",
            "rels": [
                "direct"
            ],
            "relevance": 96
        },
        {
            "scheme": "http://cv.ap.org/id/",
            "code": "86aad5207dac100488ecba7fa5283c3e",
            "name": "Politics",
            "creator": "Machine",
            "rels": [
                "direct"
            ],
            "relevance": 74
        },
        {
            "scheme": "http://cv.ap.org/id/",
            "code": "a4677d70863b4012b846a1b00f5079f5",
            "name": "U.S. news",
            "creator": "Editorial",
            "editorial_subject": "U.S. news",
            "rels": [
                "direct"
            ],
            "relevance": 75
        },
        {
            "scheme": "http://cv.ap.org/id/",
            "code": "f25af2d07e4e100484f5df092526b43e",
            "name": "General news",
            "creator": "Editorial",
            "editorial_subject": "General news",
            "rels": [
                "direct"
            ],
            "relevance": 50
        },
        {
            "scheme": "http://cv.ap.org/id/",
            "code": "1af99ec3cb954ff4b349b32d60d0376d",
            "name": "Education",
            "creator": "Editorial",
            "editorial_subject": "Education",
            "rels": [
                "direct"
            ],
            "relevance": 75
        },
        {
            "scheme": "http://cv.ap.org/id/",
            "code": "cc7a76087e4e10048482df092526b43e",
            "name": "Health",
            "creator": "Editorial",
            "editorial_subject": "Health",
            "rels": [
                "direct"
            ],
            "relevance": 75
        },
        {
            "scheme": "http://cv.ap.org/id/",
            "code": "c8e409f8858510048872ff2260dd383e",
            "name": "Business",
            "creator": "Editorial",
            "editorial_subject": "Business",
            "rels": [
                "direct"
            ],
            "relevance": 99
        }
    ],
    "place": [
        {
            "scheme": "http://cv.ap.org/id/",
            "code": "aacce28082c6100487e4df092526b43e",
            "name": "New Mexico",
            "creator": "Machine",
            "rels": [
                "direct"
            ],
            "parentids": [
                "661e48387d5b10048291c076b8e3055c"
            ],
            "locationtype": {
                "code": "0ae5eb8e00e04295a4fc209c94bfe6ef",
                "name": "State"
            },
            "geometry_geojson": {
                "type": "Point",
                "coordinates": [
                    -106.00085,
                    34.50034
                ]
            },
            "relevance": 88,
            "parentnames": [
                "United States"
            ]
        }
    ],
    "audiences": [
        {
            "code": "82c6a4c46fa0446090a7acaf93159e4c",
            "name": "Print",
            "type": "AUDPLATFORM"
        },
        {
            "code": "9add4649b53b4702ba7d9de5d4fa607a",
            "name": "Online",
            "type": "AUDPLATFORM"
        },
        {
            "code": "f43adc08760d10048040e6e7a0f4673e",
            "name": "National",
            "type": "AUDSCOPE"
        },
        {
            "code": "f4ecf9b0760d10048044e6e7a0f4673e",
            "name": "International",
            "type": "AUDSCOPE"
        },
        {
            "code": "f5b16ea8760d10048047e6e7a0f4673e",
            "name": "State",
            "type": "AUDSCOPE"
        },
        {
            "code": "661850e07d5b100481f5c076b8e3055c",
            "name": "Latin America and Caribbean",
            "type": "AUDGEOGRAPHY"
        },
        {
            "code": "aacce28082c6100487e4df092526b43e",
            "name": "New Mexico",
            "type": "AUDGEOGRAPHY"
        },
        {
            "code": "661e48387d5b10048291c076b8e3055c",
            "name": "United States",
            "type": "AUDGEOGRAPHY"
        }
    ],
    "associations": {
        "1": {
            "altids": {
                "itemid": "dc29d341c38d45219f99e93bedf5c5be"
            },
            "type": "picture"
        },
        "2": {
            "altids": {
                "itemid": "ef2ee8c9ca3f41c18d7967bfe4c0a303"
            },
            "type": "picture"
        },
        "3": {
            "altids": {
                "itemid": "ea5b65475af14a8d90a0e31540633acd"
            },
            "type": "picture"
        }
    },
    "body_nitf": "<p>SANTA FE, N.M. (AP) \u2014 Leading New Mexico lawmakers on Friday recommended a 5.9% increase in general fund spending for the coming fiscal year amid a windfall in oil-related income, while also sounding a cautionary note on the future of the state's petroleum bonanza and setting aside more money in savings and investment accounts.</p><p>The proposal from a lead budget writing committee to the Democratic-led Legislature would increase general fund spending by $566 million to $10.1 billion for the fiscal year running from July 2024 to June 2025. The increased general spending represents a fraction of an anticipated $3.5 billion surplus of state income in excess of current tax obligations.</p><p>The budget blueprint would bolster efforts to improve student achievement in public education, buttresses health care for people in poverty or on the cusp as federal support for Medicaid recedes in the aftermath of the pandemic, and provide pay raises averaging 4% to state employees along with compensation boosts at public school and colleges.</p><p>Support for childhood wellbeing also figures prominently, including a recommendation to increased spending from an early childhood education trust to expand prekindergarten and home visits from nurses for parents of infants and toddlers. The early childhood education trust was established in 2020 amid an extraordinary surge in oil-related income and already contains roughly $6 billion.</p><p>State Sen. George Mu\u00f1oz of Gallup warned that the state budget is more reliant than ever on income from oil and natural gas \u2014 a commodity subject to volatile swings in pricing and production.</p><p>\u201cThat's a very dangerous situation in the end,\u201d said Mu\u00f1oz, chairman of two lead budget-writing committees. \u201cI think this is a very sound budget. ... It keeps the state of New Mexico able to grow over the next couple years without having massive cuts\u201d later on.</p><p>The legislature convenes Jan. 16 for a rapid-fire, 30-day legislative session centered on budget negotiations. Gov. Michelle Lujan Grisham can veto any and all budget provisions approved by legislators.</p><p>Republican state Sen. Pat Woods of Grady said he's urging colleagues in the Democratic majority to be reasonable and slow the pace of recent budget increases.</p><p>\u201cDo we even know what we\u2019re funding is working?\" said Woods, one of 14 GOP senators who are outnumbered nearly 2-1 by Democrats in the chamber. \"Do we need to maybe hold off from any more big expenditures to get a general idea of where the funding is working.\u201d</p><p>Spending on public schools would increase increase by $243 million, or 5.8%, to $4.42 billion under the proposal from legislators.</p><p>The plan also would significantly increase spending on the state courts system, local prosecutors and public defenders amid heightened concerns about crime and gun violence in Albuquerque.</p><p>State Rep. Derrick Lente of Sandia Pueblo said the budget plan leaves room for $200 million in tax reductions and incentives.</p><p>Lujan Grisham last year used her veto powers to scale back a tax relief package based on concerns it could undermine future spending on public education, heath care and law enforcement. Vetoed items included reduced tax rates on personal income, sales and business transactions. Credits toward the purchase of electric vehicles and related charging equipment also were vetoed \u2014 but are back on the negotiating table this year.</p><p>\u201cWe're taking a much more conservative approach for our tax proposal this year,\u201d said Lente, chairman of lead House committee on taxation.</p><p>A rival budget proposal from Lujan Grisham would increase general fund spending more dramatically by about $950 million, or nearly 10%, to $10.5 billion, with major initiatives to shore up homeownership and affordable housing opportunities.</p><p>Both budget proposals signal a likely end to three straight years of bulk state money transfers to New Mexico households. The most recent rebates in 2023 exceeded $600 million in individual payments of $500.</p>",
    "textformat": "bx",
    "links": [
        {
            "href": "https://apnews.com/article/new-mexico-budget-oil-income-b68289639d47c806a1fc73f59f1b1ab9",
            "rel": "canonical"
        }
    ],
    "topics": {
        "Health": {
            "relevance_score": 3,
            "reason": "The document primarily focuses on the budget plan proposed by New Mexico legislators, which includes various aspects such as public education, state employee pay raises, and tax reductions. While it does mention health care for people in poverty and the receding federal support for Medicaid, these points are not the main focus of the document. The primary emphasis is on the overall budget and its implications for different sectors, with health being a secondary consideration."
        }
    }
}