﻿{
    "altids": {
        "itemid": "47faaf1c3bc93f88776c5017864dcb6e",
        "etag": "47faaf1c3bc93f88776c5017864dcb6e_0a11aza0c0",
        "friendlykey": "601977162137",
        "referenceid": "US--Children\u2019s-Hospital-Cyber-Attack"
    },
    "version": 0,
    "type": "text",
    "urgency": 4,
    "profile": "Spot Development",
    "language": "en",
    "versioncreated": "2024-03-05T15:23:41Z",
    "firstcreated": "2024-03-05T15:23:41Z",
    "editorialrole": "FullStory",
    "pubstatus": "usable",
    "ednote": "Eds: UPDATES: With AP Photos.",
    "signals": [
        "newscontent"
    ],
    "title": "US--Children\u2019s-Hospital-Cyber-Attack",
    "headline": "A month after cyberattack, Chicago children's hospital says some systems are back online",
    "headline_extended": "Doctors and nurses at a premier Chicago children\u2019s hospital can again access patients\u2019 electronic medical records, more than a month after a cyberattack forced Lurie Children\u2019s Hospital to take its networks offline",
    "slugline": "BC-US--Children\u2019s-Hospital-Cyber-Attack",
    "description_summary": "Doctors and nurses at a premier Chicago children\u2019s hospital can again access patients\u2019 electronic medical records, more than a month after a cyberattack forced Lurie Children\u2019s Hospital to take its networks offline. The hospital provided the update Monday and said its phone system also is fully functioning. The hospital shut down its own systems for phone, email and medical records once the breach was discovered on Jan. 31. The situation had all the hallmarks of a ransomware attack, although hospital officials have not confirmed or denied the cause. Officials had previously blamed the attack on a \u201cknown criminal threat actor.\u201d",
    "located": "CHICAGO",
    "datelinelocation": {
        "city": "Chicago",
        "countryareacode": "IL",
        "countryareaname": "Illinois",
        "countrycode": "USA",
        "countryname": "United States",
        "geometry_geojson": {
            "type": "Point",
            "coordinates": [
                -87.65005,
                41.85003
            ]
        }
    },
    "copyrightnotice": "Copyright 2024 The Associated Press. All rights reserved. This material may not be published, broadcast, rewritten or redistributed without permission.",
    "usageterms": [
        "This content is intended for editorial use only. For other uses, additional clearances may be required."
    ],
    "keywords": [
        "lurie childrens chicago hospital cyberattack"
    ],
    "provider": "AP",
    "infosource": [
        {
            "name": "AP",
            "type": "AP"
        }
    ],
    "subject": [
        {
            "rels": [
                "category"
            ],
            "creator": "Editorial",
            "code": "f",
            "name": "f"
        },
        {
            "rels": [
                "category"
            ],
            "creator": "Editorial",
            "code": "a",
            "name": "a"
        },
        {
            "rels": [
                "category"
            ],
            "creator": "Editorial",
            "code": "n",
            "name": "n"
        },
        {
            "scheme": "http://cv.ap.org/id/",
            "code": "cc7a76087e4e10048482df092526b43e",
            "name": "Health",
            "creator": "Machine",
            "rels": [
                "direct"
            ],
            "relevance": 90
        },
        {
            "scheme": "http://cv.ap.org/id/",
            "code": "fcfde86d66044460b9acdfb53e97831e",
            "name": "Cybercrime",
            "creator": "Machine",
            "rels": [
                "direct"
            ],
            "relevance": 46
        },
        {
            "scheme": "http://cv.ap.org/id/",
            "code": "6cd98adfc84d405eadec8ca81bd37df4",
            "name": "Access to health care",
            "creator": "Machine",
            "rels": [
                "direct"
            ],
            "relevance": 37
        },
        {
            "scheme": "http://cv.ap.org/id/",
            "code": "7077b3c88b6b10048b67a385cd5ce603",
            "name": "Medical technology",
            "creator": "Machine",
            "rels": [
                "direct"
            ],
            "relevance": 69
        },
        {
            "scheme": "http://cv.ap.org/id/",
            "code": "48612b807c2b4b93bbbacbf54f547ad5",
            "name": "Crime",
            "creator": "Machine",
            "rels": [
                "direct"
            ],
            "relevance": 57
        },
        {
            "scheme": "http://cv.ap.org/id/",
            "code": "455ef2b87df7100483d8df092526b43e",
            "name": "Technology",
            "creator": "Editorial",
            "editorial_subject": "Technology",
            "rels": [
                "direct"
            ],
            "relevance": 75
        },
        {
            "scheme": "http://cv.ap.org/id/",
            "code": "a4677d70863b4012b846a1b00f5079f5",
            "name": "U.S. news",
            "creator": "Editorial",
            "editorial_subject": "U.S. news",
            "rels": [
                "direct"
            ],
            "relevance": 99
        },
        {
            "scheme": "http://cv.ap.org/id/",
            "code": "f25af2d07e4e100484f5df092526b43e",
            "name": "General news",
            "creator": "Editorial",
            "editorial_subject": "General news",
            "rels": [
                "direct"
            ],
            "relevance": 50
        }
    ],
    "place": [
        {
            "scheme": "http://cv.ap.org/id/",
            "code": "5b86bbd082b01004839adf092526b43e",
            "name": "Chicago",
            "creator": "Machine",
            "rels": [
                "direct"
            ],
            "parentids": [
                "2c6a186082b010048379df092526b43e"
            ],
            "locationtype": {
                "code": "9d26a20b35f0484a891740f8189d4c7b",
                "name": "City"
            },
            "geometry_geojson": {
                "type": "Point",
                "coordinates": [
                    -87.65005,
                    41.85003
                ]
            },
            "relevance": 80,
            "parentnames": [
                "Illinois"
            ]
        }
    ],
    "audiences": [
        {
            "code": "82c6a4c46fa0446090a7acaf93159e4c",
            "name": "Print",
            "type": "AUDPLATFORM"
        },
        {
            "code": "9add4649b53b4702ba7d9de5d4fa607a",
            "name": "Online",
            "type": "AUDPLATFORM"
        },
        {
            "code": "f5b16ea8760d10048047e6e7a0f4673e",
            "name": "State",
            "type": "AUDSCOPE"
        },
        {
            "code": "f43adc08760d10048040e6e7a0f4673e",
            "name": "National",
            "type": "AUDSCOPE"
        },
        {
            "code": "f4ecf9b0760d10048044e6e7a0f4673e",
            "name": "International",
            "type": "AUDSCOPE"
        },
        {
            "code": "2c6a186082b010048379df092526b43e",
            "name": "Illinois",
            "type": "AUDGEOGRAPHY"
        },
        {
            "code": "661850e07d5b100481f5c076b8e3055c",
            "name": "Latin America and Caribbean",
            "type": "AUDGEOGRAPHY"
        },
        {
            "code": "661e48387d5b10048291c076b8e3055c",
            "name": "United States",
            "type": "AUDGEOGRAPHY"
        }
    ],
    "associations": {
        "1": {
            "altids": {
                "itemid": "fd11a0a9ad94452e908e137afe49d5d8"
            },
            "type": "picture"
        }
    },
    "body_nitf": "<p>CHICAGO (AP) \u2014 Doctors and nurses at a premier Chicago children's hospital can again access patients' electronic medical records, <a href=\"https://apnews.com/article/lurie-childrens-chicago-hospital-cyber-attack-86eaaa886bd9aa2f81e3ddae4383bfd7\">more than a month after a cyberattack</a> forced Lurie Children's Hospital to take its networks offline.</p><p>The hospital provided the update Monday and said its phone system also is fully functioning.</p><p>Officials had <a href=\"https://apnews.com/article/lurie-childrens-chicago-hospital-cyber-attack-494e0e1e78a3ab6e0a3c86f5ca6dc9d0\">previously blamed the attack</a> on a \u201cknown criminal threat actor\u201d and said the hospital shut down its own systems for phone, email and medical records once the breach was discovered on Jan. 31.</p><p>The situation at Lurie Children\u2019s Hospital had all the hallmarks of a ransomware attack, although hospital officials have not confirmed or denied the cause. Such extortion-style attacks are popular among <a href=\"https://apnews.com/article/technology-business-europe-united-states-hacking-319f2fb7dee9d4662299cec3ade3c758\">ransomware gangs</a> seeking financial gain by locking data, records or other critical information, and then demanding money to release it back to the owner.</p><p>The FBI has said it is investigating.</p><p>Hospitals are an <a href=\"https://apnews.com/article/cyberattacks-hospital-lurie-childrens-ransom-eb6f9528198b4e3c2a5e82f74c4cb7e9\">appealing target for attackers</a> who know their reliance on online technology.</p><p>Lurie Children\u2019s treated around 260,000 patients last year.</p><p>The statement released Monday said that a portal letting patients and parents access medical records and send messages to providers, called MyChart, remains offline.</p><p>\u201cAs an academic medical center, our systems are highly complex and, as a result, the restoration process takes time,\u201d the statement said. \u201cWorking closely with our internal and external experts, we are following a careful process as we work towards full restoration of our systems, which includes verifying and testing each system before we bring them back online.\u201d</p>",
    "textformat": "bx",
    "links": [
        {
            "href": "https://apnews.com/article/lurie-childrens-chicago-hospital-cyberattack-47faaf1c3bc93f88776c5017864dcb6e",
            "rel": "canonical"
        }
    ],
    "topics": {
        "Health": {
            "relevance_score": 4,
            "reason": "The document discusses a cyberattack on a children's hospital in Chicago and its impact on the hospital's systems, including electronic medical records and phone systems. While the primary focus is on the cyberattack and its aftermath, the document is still relevant to the topic of health because it involves a healthcare institution and the accessibility of medical records, which are crucial aspects of healthcare delivery."
        }
    }
}