﻿{
    "altids": {
        "itemid": "d55d1e8bbf1a9357b116e8b38a16e92d",
        "etag": "d55d1e8bbf1a9357b116e8b38a16e92d_4a7aza0c0",
        "friendlykey": "294298382498",
        "referenceid": "EU--Britain-Royals"
    },
    "version": 4,
    "type": "text",
    "urgency": 4,
    "profile": "Spot Development",
    "language": "en",
    "versioncreated": "2024-03-05T22:28:18Z",
    "firstcreated": "2024-03-05T12:31:18Z",
    "editorialrole": "FullStory",
    "pubstatus": "usable",
    "ednote": "Eds: MAJOR UPDATE: This story has been updated with more explanation on the miscommunication by UK defense.",
    "editorialtypes": [
        "Lead"
    ],
    "signals": [
        "newscontent"
    ],
    "title": "EU--Britain-Royals",
    "headline": "UK government says Kate to appear in June for a ceremony. But the announcement has caused confusion",
    "headline_extended": "Britain\u2019s government appears to have made an embarrassing mistake after it advertised that Kate, the Princess of Wales, will attend a Trooping the Color ceremony in June, apparently before consulting palace officials",
    "slugline": "BC-EU--Britain-Royals, 4th Ld-Writethru",
    "description_summary": "Britain\u2019s government appears to have made an embarrassing mistake after it advertised that Kate, the Princess of Wales, will attend a Trooping the Color ceremony in June, apparently before consulting palace officials. The announcement on the U.K. Ministry of Defense\u2019s website drew attention because the June appearance would be the first major official duty confirmed for Kate, 42, since she underwent abdominal surgery. But army officials seemed to have jumped the gun because Prince William and Kate\u2019s office, Kensington Palace, hasn\u2019t confirmed any scheduled public events for Kate. The announcement caused confusion amid intense media attention on the state of Kate\u2019s health.",
    "bylines": [
        {
            "by": "By SYLVIA HUI",
            "title": "Associated Press"
        }
    ],
    "located": "LONDON",
    "datelinelocation": {
        "city": "London",
        "countrycode": "GBR",
        "countryname": "United Kingdom",
        "geometry_geojson": {
            "type": "Point",
            "coordinates": [
                -0.12574,
                51.50853
            ]
        }
    },
    "copyrightnotice": "Copyright 2024 The Associated Press. All rights reserved. This material may not be published, broadcast, rewritten or redistributed without permission.",
    "usageterms": [
        "This content is intended for editorial use only. For other uses, additional clearances may be required."
    ],
    "keywords": [
        "kate princess of wales trooping color britain"
    ],
    "provider": "AP",
    "infosource": [
        {
            "name": "AP",
            "type": "AP"
        }
    ],
    "subject": [
        {
            "rels": [
                "category"
            ],
            "creator": "Editorial",
            "code": "i",
            "name": "i"
        },
        {
            "rels": [
                "category"
            ],
            "creator": "Editorial",
            "code": "e",
            "name": "e"
        },
        {
            "scheme": "http://cv.ap.org/id/",
            "code": "cc7a76087e4e10048482df092526b43e",
            "name": "Health",
            "creator": "Machine",
            "rels": [
                "direct"
            ],
            "relevance": 33
        },
        {
            "scheme": "http://cv.ap.org/id/",
            "code": "90aeac5089ef10048f63d56c852d093e",
            "name": "Royalty",
            "creator": "Machine",
            "rels": [
                "direct"
            ],
            "relevance": 98
        },
        {
            "scheme": "http://cv.ap.org/id/",
            "code": "86aad5207dac100488ecba7fa5283c3e",
            "name": "Politics",
            "creator": "Machine",
            "rels": [
                "direct"
            ],
            "relevance": 73
        },
        {
            "scheme": "http://cv.ap.org/id/",
            "code": "16cb0ba3e6d24d97ace39f5a1924669a",
            "name": "Entertainment",
            "creator": "Editorial",
            "editorial_subject": "Entertainment",
            "rels": [
                "direct"
            ],
            "relevance": 75
        },
        {
            "scheme": "http://cv.ap.org/id/",
            "code": "bb2d2c5f441a452cb24bb511a2ab5eea",
            "name": "World news",
            "creator": "Editorial",
            "editorial_subject": "World news",
            "rels": [
                "direct"
            ],
            "relevance": 99
        },
        {
            "scheme": "http://cv.ap.org/id/",
            "code": "f25af2d07e4e100484f5df092526b43e",
            "name": "General news",
            "creator": "Editorial",
            "editorial_subject": "General news",
            "rels": [
                "direct"
            ],
            "relevance": 50
        }
    ],
    "organisation": [
        {
            "scheme": "http://cv.ap.org/id/",
            "code": "4bdfabef1bb34b199c33df280bb8e4fc",
            "name": "United Kingdom government",
            "creator": "Machine",
            "rels": [
                "direct"
            ],
            "relevance": 67
        }
    ],
    "place": [
        {
            "scheme": "http://cv.ap.org/id/",
            "code": "e293fee87d6b10048fe8ba7fa5283c3e",
            "name": "Wales",
            "creator": "Machine",
            "rels": [
                "direct"
            ],
            "parentids": [
                "66219fb07d5b100482e2c076b8e3055c"
            ],
            "locationtype": {
                "code": "d83e15f769714aab9d49a03eab919128",
                "name": "Constituent country"
            },
            "geometry_geojson": {
                "type": "Point",
                "coordinates": [
                    -3.5,
                    52.5
                ]
            },
            "relevance": 54,
            "parentnames": [
                "United Kingdom"
            ]
        },
        {
            "scheme": "http://cv.ap.org/id/",
            "code": "66219fb07d5b100482e2c076b8e3055c",
            "name": "United Kingdom",
            "creator": "Machine",
            "rels": [
                "direct"
            ],
            "parentids": [
                "661850e07d5b100481f4c076b8e3055c"
            ],
            "locationtype": {
                "code": "01f56e0e654841eca2e69bf2cbcc0526",
                "name": "Nation"
            },
            "geometry_geojson": {
                "type": "Point",
                "coordinates": [
                    -4,
                    54
                ]
            },
            "relevance": 83,
            "parentnames": [
                "Europe"
            ]
        }
    ],
    "audiences": [
        {
            "code": "82c6a4c46fa0446090a7acaf93159e4c",
            "name": "Print",
            "type": "AUDPLATFORM"
        },
        {
            "code": "9add4649b53b4702ba7d9de5d4fa607a",
            "name": "Online",
            "type": "AUDPLATFORM"
        },
        {
            "code": "f43adc08760d10048040e6e7a0f4673e",
            "name": "National",
            "type": "AUDSCOPE"
        },
        {
            "code": "f4ecf9b0760d10048044e6e7a0f4673e",
            "name": "International",
            "type": "AUDSCOPE"
        },
        {
            "code": "661850e07d5b100481f4c076b8e3055c",
            "name": "Europe",
            "type": "AUDGEOGRAPHY"
        },
        {
            "code": "661e48387d5b10048291c076b8e3055c",
            "name": "United States",
            "type": "AUDGEOGRAPHY"
        }
    ],
    "associations": {
        "1": {
            "altids": {
                "itemid": "30a52207833d4d7fa48c0ffcb0e5c245"
            },
            "type": "picture"
        },
        "2": {
            "altids": {
                "itemid": "f7ef9bb2f0f643139c0500c0397f004b"
            },
            "type": "audio"
        }
    },
    "body_nitf": "<p>LONDON (AP) \u2014 Britain\u2019s government appeared to have made an embarrassing mistake Tuesday after it advertised that Kate, the <a href=\"https://apnews.com/hub/kate-middleton\">Princess of Wales</a>, will attend a <a href=\"https://apnews.com/article/king-charles-iii-trooping-color-638ceb562184e4a9840dc690908eea3f\">Trooping the Color</a> ceremony in June, apparently before consulting palace officials.</p><p>The announcement on the U.K. Ministry of Defense's website drew attention because the June appearance would be the first major official duty confirmed for Kate, 42, since she <a href=\"https://apnews.com/article/kate-princess-of-wales-operation-uk-royals-eea1a111a295152b8820b94fd257c12d\">underwent abdominal surgery</a>.</p><p>But army officials seemed to have jumped the gun because Prince William and Kate\u2019s office, Kensington Palace, hasn\u2019t confirmed any scheduled public events for Kate. It\u2019s up to palace officials, not government departments, to announce and confirm the royals\u2019 attendance at events.</p><p>The announcement caused confusion amid intense media attention on the state of Kate's health. The royal has been out of the public eye since January, when palace officials announced that she was admitted to a private London hospital for unspecified planned surgery. They didn't provide more details, but said that she wouldn't return to public duties until after Easter.</p><p>British media reported that the army did not seek approval from Kensington Palace before publishing details about Kate's appearance in June, and announced the event based on the expectation that Kate, in her role as Colonel of the Irish Guards, would inspect the troops this year at the annual military ceremony.</p><p>The ceremony's events, annual highlights in the royal calendar, are birthday parades to honor the reigning monarch and usually draw huge crowds to London\u2019s Horse Guards and along The Mall, the promenade outside Buckingham Palace.</p><p>This year the Irish Guards are trooping their \u201ccolor\u201d \u2014 or regimental flag \u2014 at the ceremony, so Kate, as the troops' figurative chief, would normally have led the inspection.</p><p>Palace officials may not confirm the royal's attendance until nearer the time.</p><p>The royal family is under more scrutiny than usual in recent weeks, because both Kate and <a href=\"https://apnews.com/article/king-charles-iii-cancer-britain-e0408a7c9bb86ad2af8754ce4b37d65e\">King Charles III</a> can't carry out their usual public duties because of health problems.</p><p>Royal officials say that Charles is undergoing treatment for an unspecified form of cancer, which was discovered during treatment for an enlarged prostate. The monarch has canceled all his public engagements while he receives treatment.</p><p>Kate was discharged from the hospital on Jan. 29 after two weeks for her undisclosed condition. Palace officials have said she wished her personal medical information to remain private.</p><p>Speculation about her health mounted last week when William at the last minute pulled out from a memorial service for his godfather, the late King Constantine of Greece, because of what officials called a \u201cpersonal matter.\u201d</p><p>Palace officials didn't elaborate, but reiterated that Kate continues to do well in her recovery.</p>",
    "textformat": "bx",
    "links": [
        {
            "href": "https://apnews.com/article/kate-princess-of-wales-trooping-color-britain-d55d1e8bbf1a9357b116e8b38a16e92d",
            "rel": "canonical"
        }
    ],
    "topics": {
        "Health": {
            "relevance_score": 4,
            "reason": "The document discusses the health of Kate, the Princess of Wales, and mentions her recent abdominal surgery and recovery. It also touches on the health of King Charles III, who is undergoing treatment for cancer. These health-related details are central to the document, making it relevant to the topic of health."
        }
    }
}