﻿{
    "altids": {
        "itemid": "a6c881aff4c4cc67627d09af269a45a3",
        "etag": "a6c881aff4c4cc67627d09af269a45a3_3a18aza0c0",
        "friendlykey": "860098340874",
        "referenceid": "AS--Japan-Drug Supplement Recall"
    },
    "version": 3,
    "type": "text",
    "urgency": 4,
    "profile": "Spot Development",
    "language": "en",
    "versioncreated": "2024-03-31T03:51:25Z",
    "firstcreated": "2024-03-30T03:55:32Z",
    "editorialrole": "FullStory",
    "pubstatus": "usable",
    "ednote": "Eds: CORRECTS: that Japanese health authorities say the supplements caused the illnesses; actually, they said they suspect the supplements caused the illnesses. UPDATES: Links fresh photos.; Updates Media.",
    "editorialtypes": [
        "Lead"
    ],
    "signals": [
        "newscontent"
    ],
    "title": "AS--Japan-Drug Supplement Recall",
    "headline": "Japanese officials inspect 2 factories making health supplements linked to 5 deaths",
    "headline_extended": "Japanese government health officials are inspecting a factory that produces health supplements that have been linked to at least five deaths and the hospitalization of more than 100 others",
    "slugline": "BC-AS-Japan-Drug-Supplement-Recall, 3rd Ld-Writethru",
    "description_summary": "Japanese government health officials are inspecting a factory that produces health supplements that have been linked to at least five deaths and the hospitalization of more than 100 others. The Osaka plant of Kobayashi Pharmaceutical Co. was investigated Saturday. Then on Sunday, a plant operated by the company's subsidiary in Kinokawa was raided. Kobayashi Pharmaceutical says little is known about the exact cause of the sicknesses, which include kidney failure. An investigation into the products is underway in cooperation with the government. The supplements all used \u201cbenikoji,\u201d a kind of red mold. Reports of health problems surfaced in 2023, although benikoji has been used in various products for years.",
    "bylines": [
        {
            "by": "By YURI KAGEYAMA",
            "title": "Associated Press"
        }
    ],
    "located": "TOKYO",
    "datelinelocation": {
        "city": "Tokyo",
        "countrycode": "JPN",
        "countryname": "Japan",
        "geometry_geojson": {
            "type": "Point",
            "coordinates": [
                139.69171,
                35.6895
            ]
        }
    },
    "copyrightnotice": "Copyright 2024 The Associated Press. All rights reserved. This material may not be published, broadcast, rewritten or redistributed without permission.",
    "usageterms": [
        "This content is intended for editorial use only. For other uses, additional clearances may be required."
    ],
    "keywords": [
        "Japan supplements recall benikoji factory raid"
    ],
    "provider": "AP",
    "infosource": [
        {
            "name": "AP",
            "type": "AP"
        }
    ],
    "subject": [
        {
            "rels": [
                "category"
            ],
            "creator": "Editorial",
            "code": "f",
            "name": "f"
        },
        {
            "rels": [
                "category"
            ],
            "creator": "Editorial",
            "code": "i",
            "name": "i"
        },
        {
            "scheme": "http://cv.ap.org/id/",
            "code": "1113279782e44fc19f2ebf0f50881b97",
            "name": "Kidney disease",
            "creator": "Machine",
            "rels": [
                "direct"
            ],
            "relevance": 41
        },
        {
            "scheme": "http://cv.ap.org/id/",
            "code": "cc7a76087e4e10048482df092526b43e",
            "name": "Health",
            "creator": "Machine",
            "rels": [
                "direct"
            ],
            "relevance": 68
        },
        {
            "scheme": "http://cv.ap.org/id/",
            "code": "c8e409f8858510048872ff2260dd383e",
            "name": "Business",
            "creator": "Machine",
            "rels": [
                "direct"
            ],
            "relevance": 94
        },
        {
            "scheme": "http://cv.ap.org/id/",
            "code": "a3a9eea87e3910048b4fdf092526b43e",
            "name": "Dietary supplements",
            "creator": "Machine",
            "rels": [
                "direct"
            ],
            "relevance": 60
        },
        {
            "scheme": "http://cv.ap.org/id/",
            "code": "5238821888e910048f68f8851349f9bd",
            "name": "Production facilities",
            "creator": "Machine",
            "rels": [
                "direct"
            ],
            "relevance": 68
        },
        {
            "scheme": "http://cv.ap.org/id/",
            "code": "271f974348684236ab73c0239dfac6d5",
            "name": "Drug recalls",
            "creator": "Machine",
            "rels": [
                "direct"
            ],
            "relevance": 86
        },
        {
            "scheme": "http://cv.ap.org/id/",
            "code": "cc7a76087e4e10048482df092526b43e",
            "name": "Health",
            "creator": "Editorial",
            "editorial_subject": "Health",
            "rels": [
                "direct"
            ],
            "relevance": 75
        },
        {
            "scheme": "http://cv.ap.org/id/",
            "code": "c8e409f8858510048872ff2260dd383e",
            "name": "Business",
            "creator": "Editorial",
            "editorial_subject": "Business",
            "rels": [
                "direct"
            ],
            "relevance": 75
        },
        {
            "scheme": "http://cv.ap.org/id/",
            "code": "bb2d2c5f441a452cb24bb511a2ab5eea",
            "name": "World news",
            "creator": "Editorial",
            "editorial_subject": "World news",
            "rels": [
                "direct"
            ],
            "relevance": 99
        },
        {
            "scheme": "http://cv.ap.org/id/",
            "code": "f25af2d07e4e100484f5df092526b43e",
            "name": "General news",
            "creator": "Editorial",
            "editorial_subject": "General news",
            "rels": [
                "direct"
            ],
            "relevance": 50
        }
    ],
    "organisation": [
        {
            "scheme": "http://cv.ap.org/id/",
            "code": "c474ce68047d4778abd46709121c1a5b",
            "name": "Japan government",
            "creator": "Machine",
            "rels": [
                "direct"
            ],
            "relevance": 84
        }
    ],
    "place": [
        {
            "scheme": "http://cv.ap.org/id/",
            "code": "7ab435e87ec110048cf8df092526b43e",
            "name": "Tokyo",
            "creator": "Machine",
            "rels": [
                "direct"
            ],
            "parentids": [
                "661be2f07d5b10048250c076b8e3055c"
            ],
            "locationtype": {
                "code": "9d26a20b35f0484a891740f8189d4c7b",
                "name": "City"
            },
            "geometry_geojson": {
                "type": "Point",
                "coordinates": [
                    139.5813,
                    35.61488
                ]
            },
            "relevance": 32,
            "parentnames": [
                "Japan"
            ]
        },
        {
            "scheme": "http://cv.ap.org/id/",
            "code": "242cfdfaa0174e7b8194c758add167bc",
            "name": "Osaka",
            "creator": "Machine",
            "rels": [
                "direct"
            ],
            "parentids": [
                "661be2f07d5b10048250c076b8e3055c"
            ],
            "locationtype": {
                "code": "9d26a20b35f0484a891740f8189d4c7b",
                "name": "City"
            },
            "geometry_geojson": {
                "type": "Point",
                "coordinates": [
                    135.50218,
                    34.69374
                ]
            },
            "relevance": 52,
            "parentnames": [
                "Japan"
            ]
        }
    ],
    "audiences": [
        {
            "code": "82c6a4c46fa0446090a7acaf93159e4c",
            "name": "Print",
            "type": "AUDPLATFORM"
        },
        {
            "code": "9add4649b53b4702ba7d9de5d4fa607a",
            "name": "Online",
            "type": "AUDPLATFORM"
        },
        {
            "code": "f4ecf9b0760d10048044e6e7a0f4673e",
            "name": "International",
            "type": "AUDSCOPE"
        },
        {
            "code": "f43adc08760d10048040e6e7a0f4673e",
            "name": "National",
            "type": "AUDSCOPE"
        },
        {
            "code": "661812607d5b100481f3c076b8e3055c",
            "name": "Asia",
            "type": "AUDGEOGRAPHY"
        },
        {
            "code": "661e48387d5b10048291c076b8e3055c",
            "name": "United States",
            "type": "AUDGEOGRAPHY"
        }
    ],
    "associations": {
        "1": {
            "altids": {
                "itemid": "b0e33d74e1bb42c1bcb68f3fb2051104"
            },
            "type": "picture"
        },
        "2": {
            "altids": {
                "itemid": "4c11fbb57447427eb13ce19a93f90dec"
            },
            "type": "picture"
        },
        "3": {
            "altids": {
                "itemid": "3683d33f105f41e2af3d3b8caa67f0e0"
            },
            "type": "picture"
        },
        "4": {
            "altids": {
                "itemid": "cc5e33c0995842b99837e92a7b435da9"
            },
            "type": "picture"
        }
    },
    "body_nitf": "<p>TOKYO (AP) \u2014 Japanese government health officials on Sunday inspected a factory producing <a href=\"https://apnews.com/article/supplement-recall-deaths-japan-health-benikoji-1ce6a27d6495e500e991e36581b2dbde\">health supplements linked to at least five deaths</a> and the hospitalization of more than 100 others, one day after the authorities investigated another plant that manufactured the product.</p><p>A team of 17 health officials from the central and prefectural governments raided a plant operated by the Kobayashi Pharmaceutical Co.'s subsidiary in Kinokawa, in the western Japanese prefecture of Wakayama, under the food sanitation act. NHK public television showed the officials walk into the factory.</p><p>The Wakayama plant took over the production of the supplements after Kobayashi Pharmaceutical closed another plant in nearby Osaka, which authorities searched on Saturday, NHK said.</p><p>Kobayashi Pharmaceutical spokesperson Yuko Tomiyama told reporters that the company is fully cooperating in the investigation.</p><p>The company says little is known about the exact cause of the sicknesses, which include kidney failure.</p><p>The supplements being investigated all used \u201cbenikoji,\u201d a kind of red mold, including Kobayashi Pharmaceuticals\u2019 pink pills called Benikoji Choleste Help, which were billed as helping lower cholesterol levels.</p><p>The Osaka-based Kobayashi Pharmaceutical said about a million packages were sold over the past three fiscal years. It also sold benikoji to other manufacturers, and some products have been exported. The supplements could be bought at drug stores without a prescription from a doctor.</p><p>Reports of health problems surfaced in 2023, although benikoji has been used in various products for years.</p><p><a href=\"https://apnews.com/article/japan-benikoji-health-pills-recall-deaths-kobayashi-fa3766d6b1113d0bb4a28d6b91d7c8bb\">The recall came March 22</a>, two months after the company had received official medical reports about the problem. Company president Akihiro Kobayashi has apologized for not having acted sooner.</p><p>On Friday, the company said five people had died and 114 people were being treated in hospitals after taking the products.</p><p>Japan's health ministry says the supplements could be responsible for the deaths and illnesses, and warned that the number of those affected could grow. The government has ordered a review of the approval system in response to the supplement-related illnesses.</p><p>Some analysts blame the recent deregulation initiatives, which simplified and sped up approval for health products to spur economic growth. Deaths from a mass-produced item is rare in Japan, as government checks over consumer products are relatively stringent.</p><p>___</p><p>This story corrects a previous version that said the supplements caused the deaths and illnesses, according to authorities. Japanese health authorities suspect the supplements are the cause, but have not yet made a determination.</p><p>___</p><p>AP writer Mari Yamaguchi contributed to this report.</p><p>___</p><p>Yuri Kageyama is on X: <a href=\"https://twitter.com/yurikageyama\">https://twitter.com/yurikageyama</a></p>",
    "textformat": "bx",
    "links": [
        {
            "href": "https://apnews.com/article/japan-supplements-recall-benikoji-factory-raid-a6c881aff4c4cc67627d09af269a45a3",
            "rel": "canonical"
        }
    ],
    "topics": {
        "Health": {
            "relevance_score": 5,
            "reason": "The document discusses a significant health issue involving health supplements linked to multiple deaths and hospitalizations in Japan. It details the inspections of factories, the involvement of health officials, the potential causes of the health problems, and the regulatory response. This information is highly relevant to the topic of health as it addresses public health concerns, regulatory actions, and the impact of health supplements on people's well-being."
        }
    }
}