﻿{
    "altids": {
        "itemid": "791ec7b59d2d32e195b9b7d8f52f44c7",
        "etag": "791ec7b59d2d32e195b9b7d8f52f44c7_5a3aza0c0",
        "friendlykey": "540557708952",
        "referenceid": "WI--Legalizing Marijuana-Wisconsin"
    },
    "version": 5,
    "type": "text",
    "urgency": 4,
    "profile": "Spot Development",
    "language": "en",
    "versioncreated": "2024-01-05T22:19:03Z",
    "firstcreated": "2024-01-05T11:04:48Z",
    "editorialrole": "FullStory",
    "pubstatus": "usable",
    "ednote": "Eds: UPDATES: This story has been updated with Republicans planning to introduce a bill Monday. With AP Photos.",
    "editorialtypes": [
        "Lead"
    ],
    "signals": [
        "newscontent"
    ],
    "title": "WI--Legalizing Marijuana-Wisconsin",
    "headline": "Wisconsin governor who called for marijuana legalization says he'll back limited GOP proposal",
    "headline_extended": "Wisconsin Gov. Tony Evers, who has pushed for full legalization of recreational marijuana, says he is open to a more limited medical marijuana legalization being promoted by Republicans",
    "slugline": "BC-WI--Legalizing Marijuana-Wisconsin, 5th Ld-Writethru",
    "description_summary": "Wisconsin Gov. Tony Evers, who has pushed for full legalization of recreational marijuana, says he is open to a more limited medical marijuana legalization being promoted by Republicans. The Democrat told The Associated Press on Wednesday that he would prefer to get it all done at once, but if medical marijuana legalization is all that can be done now, he'll \"be supportive of that.\u201d Republicans planned to unveil the latest bill on Monday. GOP lawmakers have repeatedly rejected full legalization. A previous Republican-introduced measure legalizing medical marijuana failed to pass in 2022.",
    "bylines": [
        {
            "by": "By SCOTT BAUER",
            "title": "Associated Press"
        }
    ],
    "located": "MADISON, Wis.",
    "datelinelocation": {
        "city": "Madison",
        "countryareacode": "WI",
        "countryareaname": "Wisconsin",
        "countrycode": "USA",
        "countryname": "United States",
        "geometry_geojson": {
            "type": "Point",
            "coordinates": [
                -89.40123,
                43.07305
            ]
        }
    },
    "copyrightnotice": "Copyright 2024 The Associated Press. All rights reserved. This material may not be published, broadcast, rewritten or redistributed without permission.",
    "usageterms": [
        "This content is intended for editorial use only. For other uses, additional clearances may be required."
    ],
    "keywords": [
        "medical marijuana Wisconsin"
    ],
    "provider": "AP",
    "infosource": [
        {
            "name": "AP",
            "type": "AP"
        }
    ],
    "person": [
        {
            "scheme": "http://cv.ap.org/id/",
            "code": "1dc502af06274725a9b6a9f2c5856e90",
            "name": "Tony Evers",
            "creator": "Machine",
            "rels": [
                "direct"
            ],
            "types": [
                "POLITICIAN",
                "PERSON"
            ],
            "relevance": 52
        }
    ],
    "subject": [
        {
            "rels": [
                "category"
            ],
            "creator": "Editorial",
            "code": "f",
            "name": "f"
        },
        {
            "rels": [
                "category"
            ],
            "creator": "Editorial",
            "code": "n",
            "name": "n"
        },
        {
            "scheme": "http://cv.ap.org/id/",
            "code": "a328daf6767245f18a263276f2e111f3",
            "name": "Marijuana",
            "creator": "Machine",
            "rels": [
                "direct"
            ],
            "relevance": 70
        },
        {
            "scheme": "http://cv.ap.org/id/",
            "code": "c8e409f8858510048872ff2260dd383e",
            "name": "Business",
            "creator": "Editorial",
            "editorial_subject": "Business",
            "rels": [
                "direct"
            ],
            "relevance": 75
        },
        {
            "scheme": "http://cv.ap.org/id/",
            "code": "a4677d70863b4012b846a1b00f5079f5",
            "name": "U.S. news",
            "creator": "Editorial",
            "editorial_subject": "U.S. news",
            "rels": [
                "direct"
            ],
            "relevance": 75
        },
        {
            "scheme": "http://cv.ap.org/id/",
            "code": "f25af2d07e4e100484f5df092526b43e",
            "name": "General news",
            "creator": "Editorial",
            "editorial_subject": "General news",
            "rels": [
                "direct"
            ],
            "relevance": 50
        },
        {
            "scheme": "http://cv.ap.org/id/",
            "code": "cc7a76087e4e10048482df092526b43e",
            "name": "Health",
            "creator": "Editorial",
            "editorial_subject": "Health",
            "rels": [
                "direct"
            ],
            "relevance": 99
        }
    ],
    "organisation": [
        {
            "scheme": "http://cv.ap.org/id/",
            "code": "bf6e2e80760d10048f8ae6e7a0f4673e",
            "name": "U.S. Republican Party",
            "creator": "Machine",
            "rels": [
                "direct"
            ],
            "relevance": 50
        }
    ],
    "place": [
        {
            "scheme": "http://cv.ap.org/id/",
            "code": "1bc1bc3082c81004896cdf092526b43e",
            "name": "Wisconsin",
            "creator": "Machine",
            "rels": [
                "direct"
            ],
            "parentids": [
                "661e48387d5b10048291c076b8e3055c"
            ],
            "locationtype": {
                "code": "0ae5eb8e00e04295a4fc209c94bfe6ef",
                "name": "State"
            },
            "geometry_geojson": {
                "type": "Point",
                "coordinates": [
                    -90.00041,
                    44.50024
                ]
            },
            "relevance": 89,
            "parentnames": [
                "United States"
            ]
        }
    ],
    "audiences": [
        {
            "code": "82c6a4c46fa0446090a7acaf93159e4c",
            "name": "Print",
            "type": "AUDPLATFORM"
        },
        {
            "code": "9add4649b53b4702ba7d9de5d4fa607a",
            "name": "Online",
            "type": "AUDPLATFORM"
        },
        {
            "code": "f5b16ea8760d10048047e6e7a0f4673e",
            "name": "State",
            "type": "AUDSCOPE"
        },
        {
            "code": "1bc1bc3082c81004896cdf092526b43e",
            "name": "Wisconsin",
            "type": "AUDGEOGRAPHY"
        }
    ],
    "associations": {
        "1": {
            "altids": {
                "itemid": "ec960c0cb5ab4dfba419d525b9308682"
            },
            "type": "picture"
        }
    },
    "body_nitf": "<p>MADISON, Wis. (AP) \u2014 Wisconsin Gov. Tony Evers, who has pushed for full legalization of recreational marijuana, said Wednesday that he is open to a more limited medical marijuana legalization being promoted by Republicans.</p><p>\u201cI would think that getting it all done in one fell swoop would be more thoughtful as far as meeting the needs of Wisconsinites that have asked for it,\u201d the Democrat said in an interview with The Associated Press. \u201cBut if that\u2019s what we can accomplish right now, I\u2019ll be supportive of that.\u201d</p><p>Republicans planned to introduce a bill on Monday. GOP lawmakers have repeatedly <a href=\"https://apnews.com/article/wisconsin-budget-evers-republicans-marijuana-brewers-074c187f3dcf74b5fad99e2f65dde10a\">rejected calls</a> from Evers and other Democrats to legalize all uses of marijuana, including medical and recreational.</p><p>Vos said the proposal would be limited and modeled after the medical marijuana law that had been in place in neighboring Minnesota before it <a href=\"https://apnews.com/article/minnesota-marijuana-legalization-recreational-midwest-1f01d19ad33f59dbc529d6811f831bb4\">moved to full legalization</a>.</p><p>\u201cI'm glad that the governor is open to supporting our proposal,\" Vos said Friday. \"But if he keeps saying it\u2019s only a precursor to recreational marijuana, it will kill this proposal.\u201d</p><p>Republican state Sen. Mary Felzkowski, who <a href=\"https://apnews.com/article/business-health-wisconsin-marijuana-legalization-3d1920c4696b5f88a1aaa2ad2e30d924\">introduced a medical marijuana bill</a> that got its first hearing in the Legislature in 2022, said she too was glad Evers was open to the idea. Felzkowski said she is not involved with the Assembly's latest proposal.</p><p>Evers said he had not yet seen the Republican bill but that he would support a limited proposal.</p><p>Democratic Sen. Melissa Agard, who has pushed for full legalization, said Republicans were not consulting with her on the bill and she also didn\u2019t know what it would include.</p><p>\u201cThe devil\u2019s in the details with all policy making,\u201d Agard said. \u201cIt\u2019s hard for me to say I support or don\u2019t support something I haven\u2019t seen yet.\u201d</p><p>Wisconsin remains an outlier nationally. Thirty-eight states have legalized medical marijuana and 24 have legalized recreational marijuana. The push for legalization in Wisconsin has <a href=\"https://apnews.com/article/business-health-wisconsin-marijuana-legalization-3d1920c4696b5f88a1aaa2ad2e30d924\">gained momentum</a> as its neighbors have loosened laws.</p><p>Marquette University Law School polls have shown large majority support among Wisconsin residents for legalizing marijuana use for years.</p>",
    "textformat": "bx",
    "links": [
        {
            "href": "https://apnews.com/article/medical-marijuana-wisconsin-791ec7b59d2d32e195b9b7d8f52f44c7",
            "rel": "canonical"
        }
    ],
    "topics": {
        "Health": {
            "relevance_score": 3,
            "reason": "The document primarily discusses the political aspects of marijuana legalization in Wisconsin, including the positions of various politicians and the legislative process. While it touches on medical marijuana, which is related to health, the focus is more on the political and legislative context rather than health implications or benefits. Therefore, it is somewhat relevant but not highly focused on health."
        }
    }
}