﻿{
    "altids": {
        "itemid": "1a790089931d601199c5a07331b7e42b",
        "etag": "1a790089931d601199c5a07331b7e42b_1a47aza0c0",
        "friendlykey": "384761383888",
        "referenceid": "US--Conspiracy Theories-Health Care"
    },
    "version": 1,
    "type": "text",
    "urgency": 4,
    "profile": "Spot Development",
    "language": "en",
    "versioncreated": "2024-01-31T15:33:13Z",
    "firstcreated": "2024-01-31T14:35:58Z",
    "editorialrole": "FullStory",
    "pubstatus": "usable",
    "ednote": "Eds: EDITS: Conforms uppercase style on BioHealing and BioHealers",
    "editorialtypes": [
        "Lead"
    ],
    "signals": [
        "newscontent"
    ],
    "title": "US--Conspiracy Theories-Health Care",
    "headline": "Miracle cures: Online conspiracy theories are creating a new age of unproven medical treatments",
    "headline_extended": "Online conspiracy theories have created a new age of fringe medical treatments and supposed miracle cures",
    "slugline": "BC-US-Conspiracy-Theories-Health-Care, 1st Ld-Writethru",
    "description_summary": "Online conspiracy theories have created a new age of fringe medical treatments and supposed miracle cures. The internet has become a clearing house for untested and even potentially dangerous medical products. They range from unproven supplements and remedies for aging to alternative treatments for COVID-19. Some of the people who are pushing these treatments have attracted the attention of federal regulators. But many continue to sell their products as these people exploit lingering fears from the pandemic and a lack of trust in traditional medicine. Experts say it recalls the period in the 19th century when peddlers selling cure-all ointments and powders traveled the country fleecing unsuspecting people. Today's scammers just need access to the internet.",
    "bylines": [
        {
            "by": "By DAVID KLEPPER",
            "title": "Associated Press"
        }
    ],
    "located": "BUTLER, Pa.",
    "datelinelocation": {
        "city": "Butler",
        "countryareacode": "PA",
        "countryareaname": "Pennsylvania",
        "countrycode": "USA",
        "countryname": "United States",
        "geometry_geojson": {
            "type": "Point",
            "coordinates": [
                -79.89533,
                40.86118
            ]
        }
    },
    "copyrightnotice": "Copyright 2024 The Associated Press. All rights reserved. This material may not be published, broadcast, rewritten or redistributed without permission.",
    "usageterms": [
        "This content is intended for editorial use only. For other uses, additional clearances may be required."
    ],
    "keywords": [
        "Tesla miracle cure biohealers medbeds COVID TikTok"
    ],
    "provider": "AP",
    "infosource": [
        {
            "name": "AP",
            "type": "AP"
        }
    ],
    "person": [
        {
            "scheme": "http://cv.ap.org/id/",
            "code": "a6331b54c46e4ca8b79fa40fada95db5",
            "name": "Donald Trump",
            "creator": "Machine",
            "rels": [
                "direct"
            ],
            "types": [
                "POLITICIAN",
                "PERSON"
            ],
            "relevance": 54
        },
        {
            "scheme": "http://cv.ap.org/id/",
            "code": "ee17704fdd2642e0a1e53fd801d88008",
            "name": "Elon Musk",
            "creator": "Machine",
            "rels": [
                "direct"
            ],
            "types": [
                "BUSINESS_LEADER",
                "PERSON"
            ],
            "relevance": 32
        }
    ],
    "subject": [
        {
            "rels": [
                "category"
            ],
            "creator": "Editorial",
            "code": "f",
            "name": "f"
        },
        {
            "rels": [
                "category"
            ],
            "creator": "Editorial",
            "code": "a",
            "name": "a"
        },
        {
            "rels": [
                "category"
            ],
            "creator": "Editorial",
            "code": "p",
            "name": "p"
        },
        {
            "rels": [
                "category"
            ],
            "creator": "Editorial",
            "code": "n",
            "name": "n"
        },
        {
            "scheme": "http://cv.ap.org/id/",
            "code": "7077b3c88b6b10048b67a385cd5ce603",
            "name": "Medical technology",
            "creator": "Machine",
            "rels": [
                "direct"
            ],
            "relevance": 68
        },
        {
            "scheme": "http://cv.ap.org/id/",
            "code": "e237be707de410048fffdf092526b43e",
            "name": "Medication",
            "creator": "Machine",
            "rels": [
                "direct"
            ],
            "relevance": 77
        },
        {
            "scheme": "http://cv.ap.org/id/",
            "code": "cc7a76087e4e10048482df092526b43e",
            "name": "Health",
            "creator": "Machine",
            "rels": [
                "direct"
            ],
            "relevance": 90
        },
        {
            "scheme": "http://cv.ap.org/id/",
            "code": "c0926a52280845d5bf42e496c9418d4b",
            "name": "Conspiracy theories",
            "creator": "Machine",
            "rels": [
                "direct"
            ],
            "relevance": 62
        },
        {
            "scheme": "http://cv.ap.org/id/",
            "code": "cc7a76087e4e10048482df092526b43e",
            "name": "Health",
            "creator": "Editorial",
            "editorial_subject": "Health",
            "rels": [
                "direct"
            ],
            "relevance": 75
        },
        {
            "scheme": "http://cv.ap.org/id/",
            "code": "455ef2b87df7100483d8df092526b43e",
            "name": "Technology",
            "creator": "Editorial",
            "editorial_subject": "Technology",
            "rels": [
                "direct"
            ],
            "relevance": 75
        },
        {
            "scheme": "http://cv.ap.org/id/",
            "code": "86aad5207dac100488ecba7fa5283c3e",
            "name": "Politics",
            "creator": "Editorial",
            "editorial_subject": "Politics",
            "rels": [
                "direct"
            ],
            "relevance": 75
        },
        {
            "scheme": "http://cv.ap.org/id/",
            "code": "a4677d70863b4012b846a1b00f5079f5",
            "name": "U.S. news",
            "creator": "Editorial",
            "editorial_subject": "U.S. news",
            "rels": [
                "direct"
            ],
            "relevance": 99
        },
        {
            "scheme": "http://cv.ap.org/id/",
            "code": "f25af2d07e4e100484f5df092526b43e",
            "name": "General news",
            "creator": "Editorial",
            "editorial_subject": "General news",
            "rels": [
                "direct"
            ],
            "relevance": 50
        }
    ],
    "organisation": [
        {
            "scheme": "http://cv.ap.org/id/",
            "code": "e5c917c88bcc1004803aeb438e258b03",
            "name": "U.S. Food and Drug Administration",
            "creator": "Machine",
            "rels": [
                "direct"
            ],
            "relevance": 51
        }
    ],
    "audiences": [
        {
            "code": "82c6a4c46fa0446090a7acaf93159e4c",
            "name": "Print",
            "type": "AUDPLATFORM"
        },
        {
            "code": "9add4649b53b4702ba7d9de5d4fa607a",
            "name": "Online",
            "type": "AUDPLATFORM"
        },
        {
            "code": "f43adc08760d10048040e6e7a0f4673e",
            "name": "National",
            "type": "AUDSCOPE"
        },
        {
            "code": "f4ecf9b0760d10048044e6e7a0f4673e",
            "name": "International",
            "type": "AUDSCOPE"
        },
        {
            "code": "f5b16ea8760d10048047e6e7a0f4673e",
            "name": "State",
            "type": "AUDSCOPE"
        },
        {
            "code": "661850e07d5b100481f5c076b8e3055c",
            "name": "Latin America and Caribbean",
            "type": "AUDGEOGRAPHY"
        },
        {
            "code": "0b394d7082c71004887fdf092526b43e",
            "name": "Pennsylvania",
            "type": "AUDGEOGRAPHY"
        },
        {
            "code": "661e48387d5b10048291c076b8e3055c",
            "name": "United States",
            "type": "AUDGEOGRAPHY"
        }
    ],
    "associations": {
        "1": {
            "altids": {
                "itemid": "f6a49a32d3ed4351b835c4db47ae56c1"
            },
            "type": "picture"
        },
        "2": {
            "altids": {
                "itemid": "8293469146cb4c379ad26162970d3dec"
            },
            "type": "picture"
        },
        "3": {
            "altids": {
                "itemid": "7bf86a66460845118c6b8770a612a529"
            },
            "type": "picture"
        },
        "4": {
            "altids": {
                "itemid": "19d6c119f21543e19419a672b6f4f9c5"
            },
            "type": "picture"
        },
        "5": {
            "altids": {
                "itemid": "e84a8e98b90b4f6bb03542b0130ac627"
            },
            "type": "picture"
        },
        "6": {
            "altids": {
                "itemid": "064a569f823d4b20bd63b051f3a18261"
            },
            "type": "picture"
        },
        "7": {
            "altids": {
                "itemid": "13c9091488474b2e83f0f802b90b6ec8"
            },
            "type": "picture"
        },
        "8": {
            "altids": {
                "itemid": "13a77d79258b40178a88c16fdfa4ab20"
            },
            "type": "picture"
        },
        "9": {
            "altids": {
                "itemid": "3d4443e250e4490eac56a92c4bc01e8c"
            },
            "type": "picture"
        },
        "10": {
            "altids": {
                "itemid": "2e79c2c02b7446cd91ed07ea3ca4cb7b"
            },
            "type": "picture"
        },
        "11": {
            "altids": {
                "itemid": "083e66e6bf8c4ac9a51a65b4e152f796"
            },
            "type": "picture"
        },
        "12": {
            "altids": {
                "itemid": "73d2e7fddd01441eb861814f1b8fa9cf"
            },
            "type": "picture"
        },
        "13": {
            "altids": {
                "itemid": "584f20da6a8d4b04a5cb97149a5ee4e4"
            },
            "type": "picture"
        },
        "14": {
            "altids": {
                "itemid": "2c5a900869014f37a2772a665f708438"
            },
            "type": "picture"
        },
        "15": {
            "altids": {
                "itemid": "8bcfe5a0965943fe8588c2294220191b"
            },
            "type": "video"
        }
    },
    "body_nitf": "<p>BUTLER, Pa. (AP) \u2014 The hotel on the outskirts of town looks a lot like lodging one can find on any American highway. Over the years it has been a Holiday Inn and a Days Inn. The sign outside now bears the brand of a new, growing chain. One that promises a lot more than a good night\u2019s sleep.</p><p>At the Tesla Wellness Hotel and MedBed Center, about 45 minutes north of Pittsburgh, the enticements are nothing short of miraculous.</p><p>Part motel, part new-age clinic, the facility offers nightly rentals in rooms that come equipped with \u201cBioHealers\u201d \u2013- canisters that the company claims exude \u201clife force energy,\u201d or biophotons. Testimonials from the company's patients speak to the devices' power to treat cancer, dementia, chronic pain and a long list of other ailments.</p><p>The center also sells the canisters for home use. Prices start at $599 and range all the way to $11,000 for the largest model, with slightly cheaper versions available for pets and children.</p><p>Just don\u2019t call the thousands of people who have shelled out big bucks to Tesla \u201cpatients.\u201d Dr. James Liu, the physician who founded Tesla, doesn\u2019t like the term -\u2013 perhaps the first clue that what he's selling goes far beyond the abilities of traditional medicine.</p><p>\u201cWe are not a clinic, not a doctor\u2019s office,\u201d said Liu, who earned a medical degree in China and a Ph.D. in human nutrition at Penn State University. \u201cFor me, for the company, I always call them customers.\u201d</p><p>Tesla Biohealing, which has no connection to the car company, is part of a <a href=\"https://apnews.com/article/anti-vaccine-bollinger-coronavirus-disinformation-a7b8e1f33990670563b4c469b462c9bf\">growth industry</a> marketing unproven cures and treatments to <a href=\"https://apnews.com/hub/conspiracy-theories\">conspiracy theorists</a> and others who have grown distrustful of science and medicine. Experts who study such claims say they're on the increase, thanks to the internet, <a href=\"https://apnews.com/article/fact-check-reno-doctor-selfie-6d26d70305a1599bf3ce82bf874a9934\">social media</a> and skepticism about traditional health care.</p><p>\u201cThere have always been hucksters selling medical cures, but I do feel like it\u2019s accelerating,\u201d said Timothy Caulfield, a health policy and law professor at the University of Alberta who studies medical ethics and fraud. \u201cThere are some forces driving that: obviously the internet and social media, and <a href=\"https://apnews.com/article/virus-outbreak-ap-top-news-health-ap-fact-check-immigration-c35625b68fbbddbfd996832ec30adccb\">distrust</a> of traditional medicine, <a href=\"https://apnews.com/article/trust-science-medicine-social-survey-725ab3401f27900be6cc957eec52e45e\">traditional science</a>. Conspiracy theories are creating and feeding this distrust.\u201d</p><p>Blending the high-tech jargon of Western science with the spiritual terminology of traditional and Eastern medicine, these modern salesmen claim their treatments can reverse aging, restore mental acuity or <a href=\"https://apnews.com/article/india-ap-top-news-herbal-medicine-alternative-medicine-virus-outbreak-880772ff2005128941df553c6863c726\">fight COVID-19</a> better than a vaccine. They promise better health, but what they\u2019re really selling is the idea of insider information, the promise of a secret known only to the wealthy and the powerful.</p><p>So-called medbeds are one of the flashiest, most expensive, and least credible. \u201cMedbeds are coming,\u201d exclaims a woman in one TikTok video. Similar videos have been seen millions of times on the platform.</p><p>According to believers of the QAnon conspiracy theory, medbeds were developed by the military (in some versions, using alien technology) and are already in use by the world\u2019s richest and most powerful families. Many accounts claim former <a href=\"https://apnews.com/article/technology-donald-trump-conspiracy-theories-government-and-politics-db50c6f709b1706886a876ae6ac298e2\">President Donald Trump</a>, if he wins another term in the White House, will unveil the devices and make them free for all Americans.</p><p>Whole message boards on Telegram are devoted to discussions about medbeds, and the latest rumors about when and where they will arrive.</p><p>\u201cI\u2019m desperately seeking any help from all to answer my prayers to a cure for my son\u2019s cancer,\u201d wrote one woman on another Telegram channel created by medbed conspiracy theorists in New Jersey.</p><p>For those waiting for medbeds to arrive, Tesla BioHealers may be tempting alternative, though one that comes with a cost.</p><p>A one-night stay in a \"highly-energized\" room at the Tesla complex in Butler runs for $300. The rooms look like any other motel room, although a look beneath the bed reveals several of the biophoton devices placed underneath. The company runs seven other medbed centers in other states and its devices are used at several other \u201cpartner\u201d facilities operated by other businesses.</p><p>Inside the canisters? A mix of \u201cfine naturally active stones and activated fine metal, grout, sands and proprietary polymers that are manufactured with a special technology,\u201d according to the company.</p><p>In addition to the biophoton emitting cannisters, the company also sells bottled water \u2014 24-packs of 16.9 ounce bottles of Tennessee spring water \u2014 for $150. The company says the water has been imbued with \u201clife force energy\u201d that can increase energy and libido, improve breathing, digestion and sleep, reduce pain and lead to \u201cvivid dreams to indicate enhanced brain activity.\u201d</p><p>At Walmart, a 24-pack of 16.9 ounce of generic brand water bottles retails for less than $4.</p><p>Online testimonials from Tesla's customers speak to the life-changing power of the company's products, with gushing superlatives such as \u201cIt worked miracles!\u201d But experts and scientists who have studied the company\u2019s claims say there\u2019s no scientific evidence to support them.</p><p>Tesla acknowledges the facts in its terms of service: \u201cTesla BioHealing does not provide any medical advice,\u201d the fine print says. \u201cOur products... are not intended to replace your physicians\u2019 care, diagnose, treat, cure, or prevent any disease or medical condition.\u201d</p><p>Liu told The Associated Press that he was unfamiliar with the medbed conspiracy theory when he named his company and that he isn\u2019t trying to exploit gullible people who want to believe medbeds are real. He said 40,000 people have used his devices so far, and that he believes the cannisters can treat about 80% of all disease.</p><p>Given the primary importance of health, it\u2019s hardly surprising that unproven medical claims and products that seem too-good-to-be-true have a <a href=\"https://apnews.com/article/conspiracy-theory-trump-illuminati-qanon-jan-6-7c1cb3e60748343ad561413534b339a7\">long history in America</a>. More than a century ago, hucksters peddled magic elixirs from wagons. Decades later, electricity sparked a brief craze in electric belts and magnet suits as a supposed cure for anxiety, paralysis or sexual problems. In the 1920s, a quack named <a href=\"https://www.ncbi.nlm.nih.gov/pmc/articles/PMC9529641/\">John Brinkley</a> became a household name by implanting goat testicles into the bodies of patients complaining of infertility and impotence. He later lost his medical license after he was exposed as a fraud.</p><p>In the 1970s and 1980s, the back pages of magazines were filled with ads for mail-order diet pills and supplements that made promises not backed up by the facts.</p><p>Today the same claims are made online, where they\u2019ve found a niche audience among conspiracy theorists and others <a href=\"https://apnews.com/article/coronavirus-pandemic-science-health-covid-19-pandemic-4e99139d995581319dffab4107627a5e\">distrustful of science</a> and traditional medicine. \u201cShop Now!\u201d reads the website of conspiracy theorist <a href=\"https://apnews.com/article/alex-jones-bankruptcy-sandy-hook-shooting-infowars-4d3323728cf2d5f8da36ae0d2fd3994a\">Alex Jones</a>, who sells supplements and vitamins alongside survival gear and emergency food rations.</p><p>These online communities were thriving long before the COVID-19 pandemic, which saw an explosion of <a href=\"https://apnews.com/article/virus-outbreak-donald-trump-pandemics-media-social-media-d3c50f0479f8ac123c8cf548c33282be\">false claims</a> about <a href=\"https://apnews.com/article/doctors-push-covid-misinformation-medical-boards-pressure-5854b2b02c7c9c406fa9277e625b46e8\">vaccines</a>, communicable diseases and even <a href=\"https://apnews.com/article/coronavirus-pandemic-misinformation-health-433991ea434e12ccfdf97b5db415310d\">basic medical science</a>.</p><p>And as the adherents' suspicion of traditional medicine, the media and the government has grown, more people are willing to put their faith in <a href=\"https://apnews.com/article/fact-check-ivermectin-nih-cancer-cure-629592291079\">untested treatments</a> and unproven claims.</p><p>In some cases, that faith can have deadly results. Last year, a Florida preacher and members of his family were convicted for selling a COVID-19 cure that was <a href=\"https://apnews.com/article/fake-covid-cure-bleach-florida-bc0a6da182e7625b86f09f43217fd44c\">actually toxic industrial bleach</a>. Others have <a href=\"https://apnews.com/article/1c82191c0d586317ae34325d1276ae4f\">died</a> after ingesting other unproven COVID-19 cures such as chloroquine phosphate and hydroxychloroquine, which was <a href=\"https://apnews.com/article/malaria-donald-trump-us-news-ap-top-news-virus-outbreak-acdfd2d1fda245315a164225d15d360c\">promoted by Trump as president</a>. <a href=\"https://apnews.com/article/covid-misinformation-china-lab-leak-coronavirus-4a76f8196d7c504f288429d1018d2990\">Conspiracy theories about COVID-19</a> and immunization have also spurred opposition to the lifesaving vaccine.</p><p>The Food and Drug Administration maintains an online database of unproven or harmful treatments that it has identified, including unapproved treatments for COVID-19 that contain harmful chemicals, autism \u201ccures\u201d that include raw camel milk and the ingestion of dangerous heavy metals, and medications that supposedly cure all cancer.</p><p>\u201c <a href=\"https://apnews.com/article/covid-technology-health-government-and-politics-new-york-cfb56a95aec23dddbabcf3ebbe839f05\">Distrust of government and distrust of major institutions</a> makes people vulnerable,\u201d said Stephen Barrett, a psychiatrist and expert in unproven medical claims who launched the organization Quackwatch in the 1970s to highlight medical scams. \u201cBut there are other factors too: Some people are desperate for help and they don\u2019t know what to believe.\u201d</p><p>Health care fraud is big business, and the largest source of civil fines and penalties for fraud paid to the federal government last year \u2014 more than $5 billion. Most investigations and prosecutions focused on schemes to defraud public health programs such as Medicaid and Medicare or the <a href=\"https://apnews.com/article/pandemic-fraud-waste-billions-small-business-labor-fb1d9a9eb24857efbe4611344311ae78\">billions of dollars set aside for COVID-19</a>. As a result, low-level hucksters or those peddling unproven treatments often don\u2019t get as much attention.</p><p>Liu and other Tesla employees are quick to defend their work, arguing they are only giving people alternatives to a medical system many no longer trust.</p><p>Like the automotive company owned by <a href=\"https://apnews.com/hub/elon-musk\">Elon Musk</a>, Tesla BioHealing is named for Nikola Tesla, the 19th-century inventor and early electrical pioneer who, who like Musk, has become a favorite of many conspiracy theorists.</p><p>Many of Tesla Biohealing's customers have grown frustrated with the answers they get from doctors, said Seth Robinson, a chiropractor who directs Tesla's clinic in Delaware. Asked to describe a typical Tesla patient, Robinson doesn\u2019t hesitate.</p><p>\u201cDesperate, desperate, desperate is the word,\u201d he said. \u201cA lot of times people will come here, they will have anti-medicine thoughts, feelings. We\u2019re not anti-medicine. We believe medicine has a place. But medicine has a limitation.\u201d</p><p>Tesla\u2019s claims have attracted the interest of federal regulators. In August, <a href=\"https://www.fda.gov/inspections-compliance-enforcement-and-criminal-investigations/warning-letters/tesla-biohealing-inc-658010-08102023\">the FDA wrote to the company</a> demanding responses to questions about its devices and their supposed medical benefits. Liu said his company takes the letter seriously and is working on its response.</p><p>Among other concerns, the FDA questioned the assertions Tesla has made about its devices. The agency declined to comment on the matter. Depending on Tesla\u2019s response, the agency could levy fines or take other punitive actions, including ordering the company to remove its products from the market.</p><p>The AP contacted several people who had purchased the products, or whose relatives had, who said they later felt duped. None agreed to speak on the record, citing the fear of public embarrassment. Some angry customers have posted complaints about the products on social media.</p><p>\u201cDon\u2019t waste your money, I\u2019ve already wasted mine,\u201d said one woman who uploaded a TikTok video about her experiences with a BioHealer. During the video, the woman opened the container to reveal the interior of the canister: a solid mass that resembled concrete. \u201cThey sold me a can of cement.\u201d</p><p>Many of the company\u2019s claims ape the language of science, said Caulfield, the Canadian law professor, including technical sounding words like \u201cquantum\u201d or \u201cbiophotons\u201d to add to their credibility.</p><p>\u201cThey sound high-tech and employ the language of technology and medicine, even borrowing the name of Nikola Tesla,\u201d Caulfield said. \u201cIt\u2019s designed to enhance their credibility.\u201d</p><p>Tesla\u2019s claims about life force energy are also based, somewhat, on fact. Biophotons are real \u2014 a type of light emitted by living tissue that can\u2019t be seen by the human eye. But their role in health is not well understood and use as a medical therapy is not proven, according to Bahman Anvari, a professor of bioengineering at the University of California, Riverside.</p><p>Tesla is now undertaking a clinical study to demonstrate the effectiveness of the cannisters. For now, the company cites a single medical study written by Liu and three other Tesla employees as evidence to back up its claims. That study found that Tesla\u2019s canisters helped a woman who had complained of severe menstrual pain.</p><p>Anvari, however, noted that Tesla\u2019s single journal article was not peer-reviewed, was limited to a single patient who was also receiving standard treatments, lacked a control group and has not been replicated.</p><p>\u201cIt\u2019s completely scientifically implausible,\u201d Caulfield said. \u201cBut if you\u2019re desperate, and you\u2019re looking for answers, you can see why you\u2019d be drawn to it.\u201d</p>",
    "textformat": "bx",
    "links": [
        {
            "href": "https://apnews.com/article/tesla-miracle-cure-biohealers-medbeds-covid-tiktok-1a790089931d601199c5a07331b7e42b",
            "rel": "canonical"
        }
    ],
    "topics": {
        "Health": {
            "relevance_score": 5,
            "reason": "The document discusses the rise of unproven medical treatments and conspiracy theories related to health, which is directly relevant to the topic of health. It covers various aspects such as the marketing of these treatments, the distrust in traditional medicine, and the potential dangers of such unproven cures. The detailed examples and expert opinions provided in the document further emphasize its relevance to the health topic."
        }
    }
}