﻿{
    "altids": {
        "itemid": "404036ed2ec111e288487362f4f8424a",
        "etag": "404036ed2ec111e288487362f4f8424a_1a10aza0c0",
        "friendlykey": "613894443195",
        "referenceid": "US-XGR--Abortion-Kentucky"
    },
    "version": 1,
    "type": "text",
    "urgency": 4,
    "profile": "Spot Development",
    "language": "en",
    "versioncreated": "2024-01-31T21:26:40Z",
    "firstcreated": "2024-01-31T21:25:30Z",
    "editorialrole": "FullStory",
    "pubstatus": "usable",
    "ednote": "Eds: UPDATES: Links photos. With AP Photo.",
    "editorialtypes": [
        "Lead"
    ],
    "signals": [
        "newscontent"
    ],
    "title": "US-XGR--Abortion-Kentucky",
    "headline": "Activists renew push to repeal Kentucky's near-total abortion ban",
    "headline_extended": "Abortion-rights supporters are mounting another push to restore abortion access in Kentucky",
    "slugline": "AP-US-XGR--Abortion-Kentucky, 1st Ld-Writethru",
    "description_summary": "Abortion-rights supporters are mounting another push to restore abortion access in Kentucky. But the lawmaker sponsoring the bill acknowledges the long odds against them. A near-total abortion ban has been in place in Kentucky since the U.S. Supreme Court overturned Roe v. Wade. It bans abortions except when carried out to save the mother\u2019s life. A bill unveiled Wednesday by Democratic Rep. Lindsey Burke would roll back Kentucky\u2019s abortion laws to the time before Republicans won the House majority in the 2016 election, which consolidated their control of the legislature. Since then, lawmakers put more restrictions on abortion, culminating with the near-total ban.",
    "bylines": [
        {
            "by": "By BRUCE SCHREINER",
            "title": "Associated Press"
        }
    ],
    "located": "FRANKFORT, Ky.",
    "datelinelocation": {
        "city": "Frankfort",
        "countryareacode": "KY",
        "countryareaname": "Kentucky",
        "countrycode": "USA",
        "countryname": "United States",
        "geometry_geojson": {
            "type": "Point",
            "coordinates": [
                -84.87328,
                38.20091
            ]
        }
    },
    "copyrightnotice": "Copyright 2024 The Associated Press. All rights reserved. This material may not be published, broadcast, rewritten or redistributed without permission.",
    "usageterms": [
        "This content is intended for editorial use only. For other uses, additional clearances may be required."
    ],
    "keywords": [
        "kentucky abortion ban"
    ],
    "provider": "AP",
    "infosource": [
        {
            "name": "AP",
            "type": "AP"
        }
    ],
    "subject": [
        {
            "rels": [
                "category"
            ],
            "creator": "Editorial",
            "code": "a",
            "name": "a"
        },
        {
            "rels": [
                "category"
            ],
            "creator": "Editorial",
            "code": "p",
            "name": "p"
        },
        {
            "rels": [
                "category"
            ],
            "creator": "Editorial",
            "code": "n",
            "name": "n"
        },
        {
            "scheme": "http://cv.ap.org/id/",
            "code": "e22e35087de410048fc2df092526b43e",
            "name": "Abortion",
            "creator": "Machine",
            "rels": [
                "direct"
            ],
            "relevance": 96
        },
        {
            "scheme": "http://cv.ap.org/id/",
            "code": "86aad5207dac100488ecba7fa5283c3e",
            "name": "Politics",
            "creator": "Machine",
            "rels": [
                "direct"
            ],
            "relevance": 79
        },
        {
            "scheme": "http://cv.ap.org/id/",
            "code": "86aad5207dac100488ecba7fa5283c3e",
            "name": "Politics",
            "creator": "Editorial",
            "editorial_subject": "Politics",
            "rels": [
                "direct"
            ],
            "relevance": 75
        },
        {
            "scheme": "http://cv.ap.org/id/",
            "code": "cc7a76087e4e10048482df092526b43e",
            "name": "Health",
            "creator": "Editorial",
            "editorial_subject": "Health",
            "rels": [
                "direct"
            ],
            "relevance": 75
        },
        {
            "scheme": "http://cv.ap.org/id/",
            "code": "a4677d70863b4012b846a1b00f5079f5",
            "name": "U.S. news",
            "creator": "Editorial",
            "editorial_subject": "U.S. news",
            "rels": [
                "direct"
            ],
            "relevance": 99
        },
        {
            "scheme": "http://cv.ap.org/id/",
            "code": "f25af2d07e4e100484f5df092526b43e",
            "name": "General news",
            "creator": "Editorial",
            "editorial_subject": "General news",
            "rels": [
                "direct"
            ],
            "relevance": 50
        }
    ],
    "organisation": [
        {
            "scheme": "http://cv.ap.org/id/",
            "code": "bf6e2e80760d10048f8ae6e7a0f4673e",
            "name": "U.S. Republican Party",
            "creator": "Machine",
            "rels": [
                "direct"
            ],
            "relevance": 64
        },
        {
            "scheme": "http://cv.ap.org/id/",
            "code": "de1f83b8857310048a4dff2260dd383e",
            "name": "United States House of Representatives",
            "creator": "Machine",
            "rels": [
                "direct"
            ],
            "relevance": 43
        },
        {
            "scheme": "http://cv.ap.org/id/",
            "code": "efa933c0892110048d92fb7860a2fc03",
            "name": "Supreme Court of the United States",
            "creator": "Machine",
            "rels": [
                "direct"
            ],
            "relevance": 43
        }
    ],
    "place": [
        {
            "scheme": "http://cv.ap.org/id/",
            "code": "2f6e294082b310048474df092526b43e",
            "name": "Kentucky",
            "creator": "Machine",
            "rels": [
                "direct"
            ],
            "parentids": [
                "661e48387d5b10048291c076b8e3055c"
            ],
            "locationtype": {
                "code": "0ae5eb8e00e04295a4fc209c94bfe6ef",
                "name": "State"
            },
            "geometry_geojson": {
                "type": "Point",
                "coordinates": [
                    -84.87762,
                    38.20042
                ]
            },
            "relevance": 96,
            "parentnames": [
                "United States"
            ]
        }
    ],
    "audiences": [
        {
            "code": "82c6a4c46fa0446090a7acaf93159e4c",
            "name": "Print",
            "type": "AUDPLATFORM"
        },
        {
            "code": "9add4649b53b4702ba7d9de5d4fa607a",
            "name": "Online",
            "type": "AUDPLATFORM"
        },
        {
            "code": "f43adc08760d10048040e6e7a0f4673e",
            "name": "National",
            "type": "AUDSCOPE"
        },
        {
            "code": "f5b16ea8760d10048047e6e7a0f4673e",
            "name": "State",
            "type": "AUDSCOPE"
        },
        {
            "code": "f4ecf9b0760d10048044e6e7a0f4673e",
            "name": "International",
            "type": "AUDSCOPE"
        },
        {
            "code": "2f6e294082b310048474df092526b43e",
            "name": "Kentucky",
            "type": "AUDGEOGRAPHY"
        },
        {
            "code": "661850e07d5b100481f5c076b8e3055c",
            "name": "Latin America and Caribbean",
            "type": "AUDGEOGRAPHY"
        },
        {
            "code": "661e48387d5b10048291c076b8e3055c",
            "name": "United States",
            "type": "AUDGEOGRAPHY"
        }
    ],
    "associations": {
        "1": {
            "altids": {
                "itemid": "eeb6b874ab7e46f1b8edc6e41fc19ee4"
            },
            "type": "picture"
        }
    },
    "body_nitf": "<p>FRANKFORT, Ky. (AP) \u2014 Abortion rights supporters mounted another push Wednesday to restore abortion access in Kentucky, but the Democratic lawmaker sponsoring the legislation acknowledged the odds are overwhelmingly against them in the Republican-dominated legislature.</p><p>A near-total abortion ban has been in place in Kentucky since the <a href=\"https://apnews.com/article/abortion-supreme-court-decision-854f60302f21c2c35129e58cf8d8a7b0\">U.S. Supreme Court</a> overturned Roe v. Wade in 2022. The so-called trigger law banned abortions except when carried out to save the mother's life. It does not include exceptions for pregnancies caused by rape or incest.</p><p>The bill unveiled Wednesday by Democratic Rep. Lindsey Burke would roll back Kentucky's abortion laws to the time before Republicans claimed majority status in the House after the 2016 election. Since then, GOP lawmakers who dominate the legislature have passed a series of bills putting more restrictions on abortion, culminating in the near-total ban under the trigger law \u2014 which passed in 2019 and took effect when Roe v. Wade was struck down.</p><p>Republican supermajorities in Kentucky's legislature skipped over the abortion issue last year and so far have not taken up abortion-related measures in this year's session, which continues until mid-April.</p><p>\u201cI think the truth is that there\u2019s very little appetite for change, at least among the supermajority,\u201d Burke acknowledged at a news conference Wednesday.</p><p>But she predicted that grassroots activism to restore abortion access would eventually pay dividends. Activists point to the outcome of a <a href=\"https://apnews.com/article/2022-midterm-elections-kentucky-abortion-3fa387a4cdc355d50a223f4788aa0ae8\">statewide vote in 2022</a> when Kentuckians rejected a ballot measure backed by GOP lawmakers that would have denied any constitutional protections for abortion</p><p>\u201cThe more these groups get mobilized, the more they speak to their lawmakers, I think we will get to a place where action will be required,\u201d Burke said. \"And I will look forward to that day.\u201d</p><p>Abortion opponents gathered for a recent rally at Kentucky's Capitol, where they \u201cstood together as one voice, united in love for every precious life,\u201d said Addia Wuchner, executive director of Kentucky Right to Life.</p><p>Burke was joined by Democratic colleagues and abortion-rights supporters at the news conference. Jackie McGranahan, a senior policy strategist for the American Civil Liberties Union of Kentucky, said the ban fails to recognize that some pregnancies are unplanned, complicated and risky.</p><p>\u201cRepealing the current abortion ban in Kentucky is not about promoting one choice over another,\" she said. \"It\u2019s about recognizing that pregnancy can be complicated. And it\u2019s our duty to ensure individuals have the autonomy to make decisions that are best for their health, their families and their future.\u201d</p><p>A Senate bill introduced early in this year's session would relax the state\u2019s abortion ban by allowing the procedure when pregnancies are caused by rape or incest, or when pregnancies are deemed nonviable or medical emergencies threaten the mother. The Democratic-sponsored bill has made no headway.</p><p>That bill <a href=\"https://apnews.com/article/kentucky-abortion-d9f39a0b3471e5e34da0ca20e5fc6cb5\">won an endorsement</a> from Hadley Duvall, who dominated discussion about abortion during last year's campaign for Kentucky governor. Now a college senior in her early 20s, Duvall became pregnant as a seventh grader but ultimately miscarried. Her stepfather was convicted of rape. She recounted those traumatic events in a campaign ad for Democratic Gov. Andy Beshear that attacked his Republican challenger\u2019s longstanding support for the state's abortion ban. Beshear won a resounding reelection victory last November.</p><p><a href=\"https://apnews.com/article/abortion-kentucky-state-government-health-6d8f6dcd42bf22b11c8712d6c8968915\">Kentucky's Supreme Court</a> last year refused to strike down the near-total abortion ban. The justices ruled on narrow legal issues but left unanswered the larger constitutional questions about whether access to abortion should be legal in the Bluegrass State.</p><p>In late 2023, <a href=\"https://apnews.com/article/abortion-kentucky-jane-doe-court-01e6cdc174d4c3f8d08c48ad808adc1b\">a Kentucky woman sued</a> to demand the right to an abortion, but her attorneys later withdrew the lawsuit after the woman learned her embryo no longer had cardiac activity.</p><p>Elsewhere, legislatures in some other states with strict abortion bans are facing pressure to clarify or loosen their exemptions but it\u2019s unclear if they will do so.</p><p>In Kentucky, Burke revealed two other bills Wednesday. One would provide legal protections for private medical information and providers when patients go to other states to undergo abortions. The other bill seeks to provide more Kentucky women with information about maternal and postpartum depression.</p>",
    "textformat": "bx",
    "links": [
        {
            "href": "https://apnews.com/article/kentucky-abortion-ban-404036ed2ec111e288487362f4f8424a",
            "rel": "canonical"
        }
    ],
    "topics": {
        "Health": {
            "relevance_score": 5,
            "reason": "The document discusses the ongoing legislative and activist efforts to address abortion laws in Kentucky. It includes information about the current near-total abortion ban, proposed bills to change the law, and the broader implications for women's health and reproductive rights. Given that abortion is a significant health issue, the document is highly relevant to the topic of health."
        }
    }
}