﻿{
    "altids": {
        "itemid": "16215137be084e51849c41a83335119d",
        "etag": "16215137be084e51849c41a83335119d_1a12aza0c0",
        "friendlykey": "831870954225",
        "referenceid": "MED--Famine Explainer"
    },
    "version": 1,
    "type": "text",
    "urgency": 4,
    "profile": "Spot Development",
    "language": "en",
    "versioncreated": "2024-03-20T01:32:08Z",
    "firstcreated": "2024-03-19T18:41:33Z",
    "editorialrole": "FullStory",
    "pubstatus": "usable",
    "ednote": "Eds: UPDATES: Updates Media.",
    "editorialtypes": [
        "Lead"
    ],
    "signals": [
        "newscontent"
    ],
    "title": "MED--Famine Explainer",
    "headline": "Gaza and Haiti are on the brink of famine, experts say. Here's what that means",
    "headline_extended": "A new report warns that famine is imminent in Gaza as fighting between Israel and Hamas continues",
    "slugline": "BC-MED-Famine-Explainer, 1st Ld-Writethru",
    "description_summary": "A new report warns that famine is imminent in Gaza as fighting between Israel and Hamas continues. Aid groups also say that 1.4 million people in Haiti are on the verge of famine. Famine occurs when households and entire regions or countries reach a catastrophic level of hunger and lack of access to food. Famine is the highest and direst level of five on a scale created in 2004 by a coalition of government and aid groups that monitor the severity of hunger in the world. Children younger than 5, pregnant women, the elderly and those underlying health conditions are most at risk.",
    "bylines": [
        {
            "by": "By JONEL ALECCIA",
            "title": "AP Health Writer"
        }
    ],
    "copyrightnotice": "Copyright 2024 The Associated Press. All rights reserved. This material may not be published, broadcast, rewritten or redistributed without permission.",
    "usageterms": [
        "This content is intended for editorial use only. For other uses, additional clearances may be required."
    ],
    "keywords": [
        "famine gaza haiti starvation malnutrition hunger"
    ],
    "provider": "AP",
    "infosource": [
        {
            "name": "AP",
            "type": "AP"
        }
    ],
    "subject": [
        {
            "rels": [
                "category"
            ],
            "creator": "Editorial",
            "code": "a",
            "name": "a"
        },
        {
            "scheme": "http://cv.ap.org/id/",
            "code": "e22df6887de410048fc1df092526b43e",
            "name": "Women's health",
            "creator": "Machine",
            "rels": [
                "direct"
            ],
            "relevance": 68
        },
        {
            "scheme": "http://cv.ap.org/id/",
            "code": "cc7a76087e4e10048482df092526b43e",
            "name": "Health",
            "creator": "Machine",
            "rels": [
                "direct"
            ],
            "relevance": 61
        },
        {
            "scheme": "http://cv.ap.org/id/",
            "code": "4f95136e072e41c6a81e8fa820e26e9c",
            "name": "Children",
            "creator": "Machine",
            "rels": [
                "direct"
            ],
            "relevance": 37
        },
        {
            "scheme": "http://cv.ap.org/id/",
            "code": "caeff3958de64f4d989f5ef1209bd073",
            "name": "Humanitarian crises",
            "creator": "Machine",
            "rels": [
                "direct"
            ],
            "relevance": 92
        },
        {
            "scheme": "http://cv.ap.org/id/",
            "code": "86aad5207dac100488ecba7fa5283c3e",
            "name": "Politics",
            "creator": "Machine",
            "rels": [
                "direct"
            ],
            "relevance": 74
        },
        {
            "scheme": "http://cv.ap.org/id/",
            "code": "463c2098896410048e93d56c852d093e",
            "name": "Famine",
            "creator": "Machine",
            "rels": [
                "direct"
            ],
            "relevance": 82
        },
        {
            "scheme": "http://cv.ap.org/id/",
            "code": "bb2d2c5f441a452cb24bb511a2ab5eea",
            "name": "World news",
            "creator": "Editorial",
            "editorial_subject": "World news",
            "rels": [
                "direct"
            ],
            "relevance": 75
        },
        {
            "scheme": "http://cv.ap.org/id/",
            "code": "f25af2d07e4e100484f5df092526b43e",
            "name": "General news",
            "creator": "Editorial",
            "editorial_subject": "General news",
            "rels": [
                "direct"
            ],
            "relevance": 50
        },
        {
            "scheme": "http://cv.ap.org/id/",
            "code": "cc7a76087e4e10048482df092526b43e",
            "name": "Health",
            "creator": "Editorial",
            "editorial_subject": "Health",
            "rels": [
                "direct"
            ],
            "relevance": 99
        }
    ],
    "organisation": [
        {
            "scheme": "http://cv.ap.org/id/",
            "code": "943c51b72eea4d1a825098c1a6fb409e",
            "name": "Hamas",
            "creator": "Machine",
            "rels": [
                "direct"
            ],
            "relevance": 35
        }
    ],
    "place": [
        {
            "scheme": "http://cv.ap.org/id/",
            "code": "cebb72fbc5df4331b9100571853da530",
            "name": "Gaza",
            "creator": "Machine",
            "rels": [
                "direct"
            ],
            "parentids": [
                "662253607d5b100482f3c076b8e3055c"
            ],
            "locationtype": {
                "code": "9d26a20b35f0484a891740f8189d4c7b",
                "name": "City"
            },
            "geometry_geojson": {
                "type": "Point",
                "coordinates": [
                    34.46667,
                    31.5
                ]
            },
            "relevance": 57,
            "parentnames": [
                "Gaza Strip"
            ]
        },
        {
            "scheme": "http://cv.ap.org/id/",
            "code": "661a39287d5b10048226c076b8e3055c",
            "name": "Haiti",
            "creator": "Machine",
            "rels": [
                "direct"
            ],
            "parentids": [
                "6618c9f87d5b10048203c076b8e3055c"
            ],
            "locationtype": {
                "code": "01f56e0e654841eca2e69bf2cbcc0526",
                "name": "Nation"
            },
            "geometry_geojson": {
                "type": "Point",
                "coordinates": [
                    -72.41667,
                    19
                ]
            },
            "relevance": 49,
            "parentnames": [
                "Caribbean"
            ]
        }
    ],
    "audiences": [
        {
            "code": "82c6a4c46fa0446090a7acaf93159e4c",
            "name": "Print",
            "type": "AUDPLATFORM"
        },
        {
            "code": "9add4649b53b4702ba7d9de5d4fa607a",
            "name": "Online",
            "type": "AUDPLATFORM"
        },
        {
            "code": "f43adc08760d10048040e6e7a0f4673e",
            "name": "National",
            "type": "AUDSCOPE"
        },
        {
            "code": "f4ecf9b0760d10048044e6e7a0f4673e",
            "name": "International",
            "type": "AUDSCOPE"
        },
        {
            "code": "661850e07d5b100481f6c076b8e3055c",
            "name": "Middle East",
            "type": "AUDGEOGRAPHY"
        },
        {
            "code": "661850e07d5b100481f5c076b8e3055c",
            "name": "Latin America and Caribbean",
            "type": "AUDGEOGRAPHY"
        },
        {
            "code": "661e48387d5b10048291c076b8e3055c",
            "name": "United States",
            "type": "AUDGEOGRAPHY"
        }
    ],
    "associations": {
        "1": {
            "altids": {
                "itemid": "53378c23351e42dcb35842864e34a4ca"
            },
            "type": "picture"
        },
        "2": {
            "altids": {
                "itemid": "cd4a3698de0348ada9fad0d90fe458f4"
            },
            "type": "picture"
        },
        "3": {
            "altids": {
                "itemid": "eebdeed6c1e14fe3b1f4efc98d949536"
            },
            "type": "picture"
        },
        "4": {
            "altids": {
                "itemid": "3ea190ef4efb4c039ed113a08bd28676"
            },
            "type": "picture"
        },
        "5": {
            "altids": {
                "itemid": "78e9432791df4ee4bdc06c06d257033f"
            },
            "type": "picture"
        }
    },
    "body_nitf": "<p>Catastrophic hunger is so dire in two world hotspots that famine is imminent in northern Gaza and approaching in Haiti, with hundreds of thousands of people in both places struggling to avoid starvation.</p><p>That\u2019s according to food security experts and aid groups, who are warning about the toll from hunger caused by the war between Israel and Hamas in Gaza and the crisis in Haiti caused by criminal gangs attacking the country\u2019s key government institutions.</p><p><a href=\"https://apnews.com/article/israel-hamas-war-news-03-18-2024-eefc526aec97821fe5f1e845801a6640\">In Gaza,</a> virtually every resident is struggling to get enough food and 1.1 million people \u2014 half the population \u2014 are expected to face the highest level of severe hunger in coming weeks, according to <a href=\"https://www.ipcinfo.org/ipcinfo-website/alerts-archive/issue-97/en/\">a report</a> from the Integrated Food Security Phase Classification, an agency that monitors hunger globally. On Monday, the group warned that famine could occur in Gaza any time between mid-March and May without an end to hostilities and immediate access to essential supplies and services.</p><p>In Haiti, about 1.4 million people are on the <a href=\"https://apnews.com/article/haiti-aid-hunger-gangs-violence-famine-57a56fed77662f872d1e0a3e4b494733\">verge of famine</a> and more than 4 million need help accessing food, aid groups say.</p><p>But what does it mean for a region to fall into famine? And how could it happen in these places so fast? Here\u2019s what you need to know:</p><hl2>WHAT IS FAMINE?</hl2><p>The IPC, a group of 15 global organizations and charities, was developed in 2004 during the famine in Somalia. The group uses a five-tier scale to monitor access to food and levels of hunger.</p><p>Famine is the top tier, <a href=\"https://www.ipcinfo.org/ipcinfo-website/resources/resources-details/en/c/1129202/\">Phase 5</a>, \u201cthe absolute inaccessibility of food to an entire population or sub-group of a population, potentially causing death in the short term.\u201d</p><p>It occurs when 20% of households have an extreme lack of food, 30% of children suffer from acute malnutrition and at least two adults or four children per every 10,000 people die daily because of outright starvation or the interaction of malnutrition and disease.</p><p>That top level follows the Phase 3 \u201ccrisis\u201d and Phase 4 \u201cemergency\u201d levels of food need. Worldwide, nearly 158 million people <a href=\"https://www.ipcinfo.org/ipcinfo-website/ipc-dashboard/\">face crisis hunger</a> situations or worse, according to the IPC.</p><p>While the depth of the food crises in both places is new, the underlying conditions are not, said Tobias Stillman, director of technical services and innovation at the aid group Action Against Hunger, via email.</p><p>Even before the war, 80% of Gazans relied on humanitarian aid and nearly half of all households didn't have enough food, he said. In Haiti, millions were already coping with emergency levels of hunger and crisis levels of food need.</p><p>\u201cWhen families and entire nations live so close to the brink, it is all too easy for conflict or other shocks to push them into catastrophe,\u201d Stillman said.</p><hl2>WHAT ARE HUNGER, MALNUTRITION AND STARVATION?</hl2><p>Hunger is the informal term for the feeling that occurs \u201cwhen our bodies need or expect food,\u201d Stillman said. Aid groups say hunger occurs when people can\u2019t afford or physically obtain sufficient nutrition for an extended period of time.</p><p>Malnutrition is a medical condition that occurs when people don't get the right calories to grow and function properly, leading to health problems. The deadliest form of malnutrition is severe acute malnutrition, which occurs when children are too thin for their height.</p><p>\u201cThis can happen suddenly, caused by a severe hunger crisis, or it can occur over time,\u201d Stillman said.</p><p>Starvation is not a technical term, but it describes extreme suffering or death caused by lack of food.</p><p>Death from starvation can come \u201csurprisingly quickly,\u201d Stillman said. Without food, the body uses carbohydrates and fats first, then turns to breaking down protein, including muscle and vital organs. The body begins to shut down functions, including digestion, which make it harder to absorb any nutrients that are available. People suffer from extreme fatigue and become listless as the body tries to conserve energy.</p><p>Without specialized treatment, organs stop functioning and the body's defenses can't fight infection. Many times, people without food die of common infections. If that doesn't happen, vital organs shut down and the heart stops.</p><hl2>WHO IS MOST VULNERABLE?</hl2><p>Children younger than 5, pregnant and breastfeeding women, the elderly and people with underlying health conditions are most at risk from malnutrition. In acute crises like that seen in Gaza, malnutrition affects <a href=\"https://apnews.com/article/gaza-malnutrition-famine-children-dying-israel-palestinians-2f938b1a82d7822c7da67cc162da1a37\">the youngest children</a> first, experts said.</p><hl2>WHAT HAPPENS IF FAMINE IS DECLARED?</hl2><p>A declaration of famine would be made by top United Nations officials based on the IPC criteria. Such a declaration carries no binding obligations on U.N. members or states, but serves to focus global attention on the problem.</p><p>___</p><p>The Associated Press Health and Science Department receives support from the Howard Hughes Medical Institute\u2019s Science and Educational Media Group. The AP is solely responsible for all content.</p>",
    "textformat": "bx",
    "links": [
        {
            "href": "https://apnews.com/article/famine-gaza-haiti-starvation-malnutrition-hunger-16215137be084e51849c41a83335119d",
            "rel": "canonical"
        }
    ],
    "topics": {
        "Health": {
            "relevance_score": 5,
            "reason": "The document discusses the imminent famine in Gaza and Haiti, focusing on the severe hunger crisis and its implications on health, particularly malnutrition and starvation. It explains the conditions leading to famine, the impact on vulnerable populations, and the medical consequences of malnutrition. These topics are directly related to health, making the document highly relevant to the topic."
        }
    }
}