﻿{
    "altids": {
        "itemid": "9c284622110774e80a9de37cf727189d",
        "etag": "9c284622110774e80a9de37cf727189d_1a23aza0c0",
        "friendlykey": "306346573615",
        "referenceid": "US--Illinois Prisons-Health Care"
    },
    "version": 1,
    "type": "text",
    "urgency": 4,
    "profile": "Spot Development",
    "language": "en",
    "versioncreated": "2024-01-27T00:40:57Z",
    "firstcreated": "2024-01-26T23:49:14Z",
    "editorialrole": "FullStory",
    "pubstatus": "usable",
    "ednote": "Eds: UPDATES: This story has been updated with a comment from a spokesperson for the school of medicine and to note that Wexford has worked in other states. With AP Photo.",
    "editorialtypes": [
        "Lead"
    ],
    "signals": [
        "newscontent"
    ],
    "title": "US--Illinois Prisons-Health Care",
    "headline": "A private prison health care company accused of substandard care is awarded new contract in Illinois",
    "headline_extended": "Illinois officials have awarded a prison medical care contract to the same company it's been using for years, despite multimillion-dollar lawsuits and widespread accusations of substandard care",
    "slugline": "AP-US--Illinois Prisons-Health Care, 1st Ld-Writethru",
    "description_summary": "Illinois officials have awarded a prison medical care contract to the same company it's been using for years, despite multimillion-dollar lawsuits and widespread accusations of substandard care. Pittsburgh-based Wexford Health Sources was one of two companies responding to a request for proposals from the Illinois Department of Corrections. The company has been awarded a 10-year, $4.16 billion contract. A procurement announcement reviewed Friday by The Associated Press shows that Wexford\u2019s offer came in $673 million higher than that of VitalCore Health Strategies of Topeka, Kansas. Wexford has been roundly criticized for its performance, particularly high vacancy rates for medical positions. Government officials and a spokesperson for Wexford did not respond to requests for comment Friday.",
    "bylines": [
        {
            "by": "By JOHN O'CONNOR",
            "title": "AP Political Writer"
        }
    ],
    "located": "SPRINGFIELD, Ill.",
    "datelinelocation": {
        "city": "Springfield",
        "countryareacode": "IL",
        "countryareaname": "Illinois",
        "countrycode": "USA",
        "countryname": "United States",
        "geometry_geojson": {
            "type": "Point",
            "coordinates": [
                -89.64371,
                39.80172
            ]
        }
    },
    "copyrightnotice": "Copyright 2024 The Associated Press. All rights reserved. This material may not be published, broadcast, rewritten or redistributed without permission.",
    "usageterms": [
        "This content is intended for editorial use only. For other uses, additional clearances may be required."
    ],
    "keywords": [
        "prisons health care federal court contract Illinois"
    ],
    "provider": "AP",
    "infosource": [
        {
            "name": "AP",
            "type": "AP"
        }
    ],
    "subject": [
        {
            "rels": [
                "category"
            ],
            "creator": "Editorial",
            "code": "f",
            "name": "f"
        },
        {
            "rels": [
                "category"
            ],
            "creator": "Editorial",
            "code": "a",
            "name": "a"
        },
        {
            "rels": [
                "category"
            ],
            "creator": "Editorial",
            "code": "n",
            "name": "n"
        },
        {
            "scheme": "http://cv.ap.org/id/",
            "code": "4626a38a1b52454ca5d01755d14f1dc9",
            "name": "Legal proceedings",
            "creator": "Machine",
            "rels": [
                "direct"
            ],
            "relevance": 51
        },
        {
            "scheme": "http://cv.ap.org/id/",
            "code": "5898d3303b1e4dfc9e4ae39ed34f3378",
            "name": "Lawsuits",
            "creator": "Machine",
            "rels": [
                "direct"
            ],
            "relevance": 58
        },
        {
            "scheme": "http://cv.ap.org/id/",
            "code": "4c96e8e92e0441579dbce2f9e8d06493",
            "name": "Prisons",
            "creator": "Machine",
            "rels": [
                "direct"
            ],
            "relevance": 68
        },
        {
            "scheme": "http://cv.ap.org/id/",
            "code": "86aad5207dac100488ecba7fa5283c3e",
            "name": "Politics",
            "creator": "Machine",
            "rels": [
                "direct"
            ],
            "relevance": 35
        },
        {
            "scheme": "http://cv.ap.org/id/",
            "code": "cc7a76087e4e10048482df092526b43e",
            "name": "Health",
            "creator": "Machine",
            "rels": [
                "direct"
            ],
            "relevance": 81
        },
        {
            "scheme": "http://cv.ap.org/id/",
            "code": "cc7a76087e4e10048482df092526b43e",
            "name": "Health",
            "creator": "Editorial",
            "editorial_subject": "Health",
            "rels": [
                "direct"
            ],
            "relevance": 75
        },
        {
            "scheme": "http://cv.ap.org/id/",
            "code": "c8e409f8858510048872ff2260dd383e",
            "name": "Business",
            "creator": "Editorial",
            "editorial_subject": "Business",
            "rels": [
                "direct"
            ],
            "relevance": 75
        },
        {
            "scheme": "http://cv.ap.org/id/",
            "code": "a4677d70863b4012b846a1b00f5079f5",
            "name": "U.S. news",
            "creator": "Editorial",
            "editorial_subject": "U.S. news",
            "rels": [
                "direct"
            ],
            "relevance": 99
        },
        {
            "scheme": "http://cv.ap.org/id/",
            "code": "f25af2d07e4e100484f5df092526b43e",
            "name": "General news",
            "creator": "Editorial",
            "editorial_subject": "General news",
            "rels": [
                "direct"
            ],
            "relevance": 50
        }
    ],
    "organisation": [
        {
            "scheme": "http://cv.ap.org/id/",
            "code": "ac18a2ea71034a5991f916b5b3e113e7",
            "name": "Associated Press",
            "creator": "Machine",
            "rels": [
                "direct"
            ],
            "relevance": 51
        }
    ],
    "place": [
        {
            "scheme": "http://cv.ap.org/id/",
            "code": "2c6a186082b010048379df092526b43e",
            "name": "Illinois",
            "creator": "Machine",
            "rels": [
                "direct"
            ],
            "parentids": [
                "661e48387d5b10048291c076b8e3055c"
            ],
            "locationtype": {
                "code": "0ae5eb8e00e04295a4fc209c94bfe6ef",
                "name": "State"
            },
            "geometry_geojson": {
                "type": "Point",
                "coordinates": [
                    -89.25037,
                    40.00032
                ]
            },
            "relevance": 96,
            "parentnames": [
                "United States"
            ]
        }
    ],
    "audiences": [
        {
            "code": "82c6a4c46fa0446090a7acaf93159e4c",
            "name": "Print",
            "type": "AUDPLATFORM"
        },
        {
            "code": "9add4649b53b4702ba7d9de5d4fa607a",
            "name": "Online",
            "type": "AUDPLATFORM"
        },
        {
            "code": "f5b16ea8760d10048047e6e7a0f4673e",
            "name": "State",
            "type": "AUDSCOPE"
        },
        {
            "code": "f43adc08760d10048040e6e7a0f4673e",
            "name": "National",
            "type": "AUDSCOPE"
        },
        {
            "code": "f4ecf9b0760d10048044e6e7a0f4673e",
            "name": "International",
            "type": "AUDSCOPE"
        },
        {
            "code": "2c6a186082b010048379df092526b43e",
            "name": "Illinois",
            "type": "AUDGEOGRAPHY"
        },
        {
            "code": "0b394d7082c71004887fdf092526b43e",
            "name": "Pennsylvania",
            "type": "AUDGEOGRAPHY"
        },
        {
            "code": "661850e07d5b100481f5c076b8e3055c",
            "name": "Latin America and Caribbean",
            "type": "AUDGEOGRAPHY"
        },
        {
            "code": "cb06ab1082af100482f8df092526b43e",
            "name": "Florida",
            "type": "AUDGEOGRAPHY"
        },
        {
            "code": "b3dfffa882c4100486c3df092526b43e",
            "name": "Mississippi",
            "type": "AUDGEOGRAPHY"
        },
        {
            "code": "e427079081d610048a4edf092526b43e",
            "name": "Arizona",
            "type": "AUDGEOGRAPHY"
        },
        {
            "code": "661e48387d5b10048291c076b8e3055c",
            "name": "United States",
            "type": "AUDGEOGRAPHY"
        }
    ],
    "associations": {
        "1": {
            "altids": {
                "itemid": "f8658dbd38b3459898daebef0d108d6d"
            },
            "type": "picture"
        }
    },
    "body_nitf": "<p>SPRINGFIELD, Ill. (AP) \u2014 Illinois has awarded a more than $4 billion prison medical care contract to the same company it's used for three decades, despite multimillion-dollar lawsuits against the firm and statewide complaints alleging substandard care.</p><p>Pittsburgh-based Wexford Health Sources was one of two companies responding to a request for proposals from the Illinois Department of Corrections, but it was not the low bidder. Wexford\u2019s offer came in $673 million higher than one from VitalCore Health Strategies of Topeka, Kansas, according to a procurement announcement reviewed Friday by The Associated Press.</p><p>The initial term of Wexford\u2019s contract is five years for $1.956 billion, with a five-year renewal worth $2.201 billion.</p><p>State officials\u2019 decisions on contract awards are not based on cost alone. But Wexford has also been roundly criticized for its performance, facing numerous multimillion-dollar lawsuits that accuse the company of delayed or shoddy health care and backlash for relying on off-site doctors to determine whether and what treatment is necessary. Positions for medical professionals continue to suffer high vacancy rates.</p><p>A panel of experts appointed by a federal judge concluded in 2015 that the Corrections Department's health care system was <a href=\"https://apnews.com/8d02f7f22f954bc789ecacb1bde8ecf0\">\u201cunable to meet minimal constitutional standards.\u201d</a> Additional admonishments from the federal bench have subsequently followed.</p><p>Camille Bennett, director of the Corrections Reform Project for the American Civil Liberties Union of Illinois, said it was \u201cdisappointing and inexplicable\" that the state would retain Wexford, which has also provided prison medical services in other states, including Arizona, Florida and Mississippi.</p><p>\u201cExpert reports to the federal court have demonstrated that Wexford has failed to provide adequate health care to people in IDOC facilities across the state failed to ensure the presence of an appropriate level of staffing,\" Bennett said in a statement. \"It is not clear how they are prepared to meet these needs going forward.\u201d</p><p>Bennett testified before a state House committee last summer during which lawmakers urged the corrections department to find a suitable replacement.</p><p>The Associated Press sent multiple phone and email requests for comment to the Corrections Department, and a text message to a spokesperson for Gov. J.B. Pritzker. A telephone message was left with a Wexford spokesperson.</p><p>Currently, roughly one-third of physicians' positions are unfilled, while the vacancy rate for nurses and dental professionals is about 50%, according to Alan Mills, executive director of the Peoples Uptown Law Center. The center's lawsuit against Corrections <a href=\"https://apnews.com/8d02f7f22f954bc789ecacb1bde8ecf0\">over mental health treatment</a> called for a total revamp of the state's system of care but it's still being litigated. A federal court monitor in the case in 2017 called psychiatric care in the prisons <a href=\"https://www.uplcchicago.org/what-we-do/prison/rasho.html\">\u201cgrossly insufficient\u201d</a> and declared it is in a \u201cstate of emergency.\u201d</p><p>\u201cThey've had years to turn it around, but they haven't figured it out,\u201d Mills said of Wexford. \u201cWe're just throwing good money after bad.\u201d</p><p>Wexford's last 10-year contract expired in 2021 but has been extended since then.</p><p>Southern Illinois University School of Medicine began a <a href=\"https://apnews.com/general-news-e78838ee6c932012f32e5975997b2eb7\">pilot program in 2020 to provide health care</a> in two prisons and officials said they were eager to see it play out with an eye toward expansion. The COVID-19 pandemic delayed progress but the program continues under an interagency agreement with the Corrections Department, said university spokesperson Rikeesha Phelon.</p>",
    "textformat": "bx",
    "links": [
        {
            "href": "https://apnews.com/article/prisons-health-care-federal-court-contract-illinois-9c284622110774e80a9de37cf727189d",
            "rel": "canonical"
        }
    ],
    "topics": {
        "Health": {
            "relevance_score": 4,
            "reason": "The document discusses the awarding of a prison medical care contract in Illinois to a company accused of providing substandard care. It details the issues with the company's performance, including lawsuits and high vacancy rates for medical professionals. The document also mentions the involvement of the American Civil Liberties Union and a federal court's assessment of the prison health care system. While the primary focus is on the contract and the company's performance, the underlying topic is health care within the prison system, making it relevant to the broader topic of health."
        }
    }
}