﻿{
    "altids": {
        "itemid": "a434259aa592692fde6470b9817ed6b7",
        "etag": "a434259aa592692fde6470b9817ed6b7_0a10aza0c0",
        "friendlykey": "398812683326",
        "referenceid": "MED--Enlarged Prostate-Explainer"
    },
    "version": 0,
    "type": "text",
    "urgency": 4,
    "profile": "Spot Development",
    "language": "en",
    "versioncreated": "2024-01-26T15:32:43Z",
    "firstcreated": "2024-01-26T15:32:43Z",
    "editorialrole": "FullStory",
    "pubstatus": "usable",
    "ednote": "Eds: UPDATES: Updates Media.",
    "signals": [
        "newscontent"
    ],
    "title": "MED--Enlarged Prostate-Explainer",
    "headline": "What are the symptoms of an enlarged prostate and how is it treated?",
    "headline_extended": "King Charles III is in a hospital to undergo a procedure for an enlarged prostate \u2014 an extremely common condition among older men",
    "slugline": "BC-MED--Enlarged Prostate-Explainer",
    "description_summary": "King Charles III is in a hospital to undergo a procedure for an enlarged prostate \u2014 an extremely common condition among older men. The 75-year-old king is in good company. The prostate gland grows as men age. Its location below the bladder means the growing gland can cause problems with urination. Some men have more trouble than others. Doctors can recommend lifestyle changes and prescribe medications. And there are various surgical procedures to remove prostate tissue or widen the urethra when symptoms are especially troubling.",
    "bylines": [
        {
            "by": "By CARLA K. JOHNSON",
            "title": "AP Medical Writer"
        }
    ],
    "copyrightnotice": "Copyright 2024 The Associated Press. All rights reserved. This material may not be published, broadcast, rewritten or redistributed without permission.",
    "usageterms": [
        "This content is intended for editorial use only. For other uses, additional clearances may be required."
    ],
    "keywords": [
        "king charles iii enlarged prostate"
    ],
    "provider": "AP",
    "infosource": [
        {
            "name": "AP",
            "type": "AP"
        }
    ],
    "subject": [
        {
            "rels": [
                "category"
            ],
            "creator": "Editorial",
            "code": "a",
            "name": "a"
        },
        {
            "scheme": "http://cv.ap.org/id/",
            "code": "90aeac5089ef10048f63d56c852d093e",
            "name": "Royalty",
            "creator": "Machine",
            "rels": [
                "direct"
            ],
            "relevance": 50
        },
        {
            "scheme": "http://cv.ap.org/id/",
            "code": "cc7a76087e4e10048482df092526b43e",
            "name": "Health",
            "creator": "Machine",
            "rels": [
                "direct"
            ],
            "relevance": 88
        },
        {
            "scheme": "http://cv.ap.org/id/",
            "code": "e237be707de410048fffdf092526b43e",
            "name": "Medication",
            "creator": "Machine",
            "rels": [
                "direct"
            ],
            "relevance": 69
        },
        {
            "scheme": "http://cv.ap.org/id/",
            "code": "cc7a76087e4e10048482df092526b43e",
            "name": "Health",
            "creator": "Editorial",
            "editorial_subject": "Health",
            "rels": [
                "direct"
            ],
            "relevance": 99
        }
    ],
    "audiences": [
        {
            "code": "82c6a4c46fa0446090a7acaf93159e4c",
            "name": "Print",
            "type": "AUDPLATFORM"
        },
        {
            "code": "9add4649b53b4702ba7d9de5d4fa607a",
            "name": "Online",
            "type": "AUDPLATFORM"
        },
        {
            "code": "f43adc08760d10048040e6e7a0f4673e",
            "name": "National",
            "type": "AUDSCOPE"
        },
        {
            "code": "f4ecf9b0760d10048044e6e7a0f4673e",
            "name": "International",
            "type": "AUDSCOPE"
        },
        {
            "code": "661850e07d5b100481f4c076b8e3055c",
            "name": "Europe",
            "type": "AUDGEOGRAPHY"
        },
        {
            "code": "661e48387d5b10048291c076b8e3055c",
            "name": "United States",
            "type": "AUDGEOGRAPHY"
        }
    ],
    "associations": {
        "1": {
            "altids": {
                "itemid": "cc9cafec47824cfda372e52e5a516f35"
            },
            "type": "picture"
        }
    },
    "body_nitf": "<p>The announcement that King Charles III <a href=\"https://apnews.com/article/king-charles-iii-prostate-operation-2d8675a579112447194b17e47683233d\">was admitted to a private hospital</a> Friday to undergo a procedure for an enlarged prostate has sparked interest in what is an extremely common condition among older men.</p><p>The 75-year-old monarch is in good company. About half of men in their 50s have enlarged prostates and that prevalence climbs to more than 80% of men by the time they reach age 80.</p><p>It's a common result of aging, said Dr. Stephen Nakada, a University of Wisconsin urologist.</p><p>\u201cIt\u2019s like getting gray hair,\u201d Nakada said.</p><p>An enlarged prostate doesn\u2019t always cause symptoms, but when it does, they can be annoying. And some men have more trouble than others.</p><p>A look at the condition, also known as benign prostatic hyperplasia:</p><hl2>WHAT IS THE PROSTATE GLAND?</hl2><p>The prostate is part of the reproductive system in men. It makes fluid for semen. It\u2019s located below the bladder and it wraps around the urethra, the tube that carries urine and semen out through the penis.</p><hl2>WHAT CAUSES AN ENLARGED PROSTATE?</hl2><p>First, it\u2019s not cancer. The word \u201cbenign\u201d in benign prostatic hyperplasia means the prostate isn\u2019t cancerous.</p><p>What causes the prostate to grow isn\u2019t completely clear, but it\u2019s possibly caused by hormonal changes as men age.</p><hl2>WHAT ARE THE SYMPTOMS OF AN ENLARGED PROSTATE?</hl2><p>The symptoms of an enlarged prostate can include frequent urination and needing to get up many times in the night to pee. A man might have trouble getting started in the bathroom or dribbling when finished. The inability to completely empty the bladder is also a common symptom.</p><hl2>WHAT MIGHT HELP SYMPTOMS?</hl2><p>Doctors may first advise patients to stop drinking fluids after dinner. Antihistamines can contribute to symptoms, as can alcohol and caffeine.</p><p>\u201cA good initial intervention would be to decrease caffeine and alcohol intake, even decrease spicy food intake, because those can irritate the bladder,\u201d Nakada said.</p><hl2>HOW IS AN ENLARGED PROSTATE DIAGNOSED?</hl2><p>Doctors will ask about symptoms and medications. They will perform a rectal exam to determine the size and shape of the prostate.</p><hl2>ARE THERE MEDICATIONS THAT HELP?</hl2><p>Medicines are available that relax muscles and allow better flow of urine. Another type of medicine can be used to stop the prostate from growing. Erectile dysfunction drugs can help with urine flow too.</p><p>There's not strong evidence for herbal remedies such as saw palmetto.</p><p>\u201cI usually tell patients the only thing saw palmetto does is hurt your wallet,\u201d Nakada said.</p><hl2>WHAT ARE THE SURGICAL OPTIONS?</hl2><p>There are various procedures to remove prostate tissue or widen the urethra.</p><p>Some use the pulse of a laser beam, microwaves, ultrasound, electric current or heated water. Another procedure inserts a stent to prop up the prostate and make more room for urine flow.</p><p>There are also surgical techniques to cut away tissue.</p><hl2>COULD THERE BE COMPLICATIONS FROM SURGERY?</hl2><p>All surgeries have potential complications such as bleeding and infections. Prostate surgery can cause urinary or sexual problems. Some of the less invasive procedures may need to be repeated if symptoms come back.</p><p>___</p><p>The Associated Press Health and Science Department receives support from the Howard Hughes Medical Institute\u2019s Science and Educational Media Group. The AP is solely responsible for all content.</p>",
    "textformat": "bx",
    "links": [
        {
            "href": "https://apnews.com/article/king-charles-iii-enlarged-prostate-a434259aa592692fde6470b9817ed6b7",
            "rel": "canonical"
        }
    ],
    "topics": {
        "Health": {
            "relevance_score": 5,
            "reason": "The document provides detailed information about the symptoms, causes, diagnosis, and treatment options for an enlarged prostate, which is a health-related condition. It includes expert opinions, medical advice, and potential complications of treatments, all of which are highly relevant to the topic of health."
        }
    }
}