﻿{
    "altids": {
        "itemid": "283630794490a7ecb344265a1a168016",
        "etag": "283630794490a7ecb344265a1a168016_2a10aza0c0",
        "friendlykey": "610969635299",
        "referenceid": "US--Abortion-Maine"
    },
    "version": 2,
    "type": "text",
    "urgency": 4,
    "profile": "Spot Development",
    "language": "en",
    "versioncreated": "2024-01-22T21:49:22Z",
    "firstcreated": "2024-01-22T18:13:35Z",
    "editorialrole": "FullStory",
    "pubstatus": "usable",
    "ednote": "Eds: UPDATES: with public hearing wrapping up.",
    "editorialtypes": [
        "Lead"
    ],
    "signals": [
        "newscontent"
    ],
    "title": "US--Abortion-Maine",
    "headline": "Maine Democrats who expanded abortion access now want to enshrine it in the state constitution",
    "headline_extended": "A proposal to enshrine the right to an abortion in the Maine Constitution is moving forward",
    "slugline": "BC-US--Abortion-Maine, 2nd Ld-Writethru",
    "description_summary": "A proposal to enshrine the right to an abortion in the Maine Constitution is moving forward. Gov. Janet Mills and other leading Democrats are pressing to end future legislative debate by amending the state constitution. But Republican Sen. Lisa Keim calls it \u201cpolitical theater\u201d and says there's no way supporters can obtain a two-thirds vote in both chambers to send it to the people. Maine could join four other states that have amended their constitutions to protect the right to abortion since the U.S. Supreme Court overturned Roe v. Wade in 2022.",
    "bylines": [
        {
            "by": "By DAVID SHARP",
            "title": "Associated Press"
        }
    ],
    "located": "AUGUSTA, Maine",
    "datelinelocation": {
        "city": "Augusta",
        "countryareacode": "ME",
        "countryareaname": "Maine",
        "countrycode": "USA",
        "countryname": "United States",
        "geometry_geojson": {
            "type": "Point",
            "coordinates": [
                -69.77949,
                44.31062
            ]
        }
    },
    "copyrightnotice": "Copyright 2024 The Associated Press. All rights reserved. This material may not be published, broadcast, rewritten or redistributed without permission.",
    "usageterms": [
        "This content is intended for editorial use only. For other uses, additional clearances may be required."
    ],
    "keywords": [
        "Maine abortion constitutional amendment"
    ],
    "provider": "AP",
    "infosource": [
        {
            "name": "AP",
            "type": "AP"
        }
    ],
    "person": [
        {
            "scheme": "http://cv.ap.org/id/",
            "code": "4a958288c5994ffca266f1e346eda07d",
            "name": "Janet Mills",
            "creator": "Machine",
            "rels": [
                "direct"
            ],
            "types": [
                "POLITICIAN",
                "PERSON"
            ],
            "relevance": 60
        }
    ],
    "subject": [
        {
            "rels": [
                "category"
            ],
            "creator": "Editorial",
            "code": "a",
            "name": "a"
        },
        {
            "rels": [
                "category"
            ],
            "creator": "Editorial",
            "code": "p",
            "name": "p"
        },
        {
            "rels": [
                "category"
            ],
            "creator": "Editorial",
            "code": "n",
            "name": "n"
        },
        {
            "scheme": "http://cv.ap.org/id/",
            "code": "e22e35087de410048fc2df092526b43e",
            "name": "Abortion",
            "creator": "Machine",
            "rels": [
                "direct"
            ],
            "relevance": 73
        },
        {
            "scheme": "http://cv.ap.org/id/",
            "code": "86c1f7007dac10048991ba7fa5283c3e",
            "name": "Constitutions",
            "creator": "Machine",
            "rels": [
                "direct"
            ],
            "relevance": 65
        },
        {
            "scheme": "http://cv.ap.org/id/",
            "code": "86aad5207dac100488ecba7fa5283c3e",
            "name": "Politics",
            "creator": "Machine",
            "rels": [
                "direct"
            ],
            "relevance": 82
        },
        {
            "scheme": "http://cv.ap.org/id/",
            "code": "86ba17607dac1004894eba7fa5283c3e",
            "name": "Courts",
            "creator": "Machine",
            "rels": [
                "direct"
            ],
            "relevance": 33
        },
        {
            "scheme": "http://cv.ap.org/id/",
            "code": "86b08df87dac1004890cba7fa5283c3e",
            "name": "Voting",
            "creator": "Machine",
            "rels": [
                "direct"
            ],
            "relevance": 50
        },
        {
            "scheme": "http://cv.ap.org/id/",
            "code": "cc7a76087e4e10048482df092526b43e",
            "name": "Health",
            "creator": "Editorial",
            "editorial_subject": "Health",
            "rels": [
                "direct"
            ],
            "relevance": 75
        },
        {
            "scheme": "http://cv.ap.org/id/",
            "code": "86aad5207dac100488ecba7fa5283c3e",
            "name": "Politics",
            "creator": "Editorial",
            "editorial_subject": "Politics",
            "rels": [
                "direct"
            ],
            "relevance": 75
        },
        {
            "scheme": "http://cv.ap.org/id/",
            "code": "a4677d70863b4012b846a1b00f5079f5",
            "name": "U.S. news",
            "creator": "Editorial",
            "editorial_subject": "U.S. news",
            "rels": [
                "direct"
            ],
            "relevance": 99
        },
        {
            "scheme": "http://cv.ap.org/id/",
            "code": "f25af2d07e4e100484f5df092526b43e",
            "name": "General news",
            "creator": "Editorial",
            "editorial_subject": "General news",
            "rels": [
                "direct"
            ],
            "relevance": 50
        }
    ],
    "organisation": [
        {
            "scheme": "http://cv.ap.org/id/",
            "code": "efa933c0892110048d92fb7860a2fc03",
            "name": "Supreme Court of the United States",
            "creator": "Machine",
            "rels": [
                "direct"
            ],
            "relevance": 41
        }
    ],
    "place": [
        {
            "scheme": "http://cv.ap.org/id/",
            "code": "8d2caa7082b3100484b8df092526b43e",
            "name": "Maine",
            "creator": "Machine",
            "rels": [
                "direct"
            ],
            "parentids": [
                "661e48387d5b10048291c076b8e3055c"
            ],
            "locationtype": {
                "code": "0ae5eb8e00e04295a4fc209c94bfe6ef",
                "name": "State"
            },
            "geometry_geojson": {
                "type": "Point",
                "coordinates": [
                    -69.24977,
                    45.50032
                ]
            },
            "relevance": 95,
            "parentnames": [
                "United States"
            ]
        }
    ],
    "audiences": [
        {
            "code": "82c6a4c46fa0446090a7acaf93159e4c",
            "name": "Print",
            "type": "AUDPLATFORM"
        },
        {
            "code": "9add4649b53b4702ba7d9de5d4fa607a",
            "name": "Online",
            "type": "AUDPLATFORM"
        },
        {
            "code": "f5b16ea8760d10048047e6e7a0f4673e",
            "name": "State",
            "type": "AUDSCOPE"
        },
        {
            "code": "f43adc08760d10048040e6e7a0f4673e",
            "name": "National",
            "type": "AUDSCOPE"
        },
        {
            "code": "f4ecf9b0760d10048044e6e7a0f4673e",
            "name": "International",
            "type": "AUDSCOPE"
        },
        {
            "code": "8d2caa7082b3100484b8df092526b43e",
            "name": "Maine",
            "type": "AUDGEOGRAPHY"
        },
        {
            "code": "661850e07d5b100481f5c076b8e3055c",
            "name": "Latin America and Caribbean",
            "type": "AUDGEOGRAPHY"
        },
        {
            "code": "661e48387d5b10048291c076b8e3055c",
            "name": "United States",
            "type": "AUDGEOGRAPHY"
        }
    ],
    "associations": {
        "1": {
            "altids": {
                "itemid": "e68dc455faaf4cae813f116e25a259fc"
            },
            "type": "picture"
        },
        "2": {
            "altids": {
                "itemid": "9d581c9e8ba84ea28124b0f3ef3cbcb1"
            },
            "type": "picture"
        },
        "3": {
            "altids": {
                "itemid": "61644b4d18294ed0be9616ec71fbdc55"
            },
            "type": "picture"
        }
    },
    "body_nitf": "<p>AUGUSTA, Maine (AP) \u2014 Maine Gov. Janet Mills and other leading Democrats are pressing to end future legislative debate over abortions by amending the state constitution to enshrine the right to reproductive health care, just six months after lawmakers <a href=\"https://apnews.com/article/maine-abortion-law-expansion-governor-mills-da0168163e99507901f22b2bae962caa\">expanded access</a> to abortions.</p><p>Maine is seeking to join four other states that have amended their constitutions to protect the right to abortion since the U.S. Supreme Court <a href=\"https://apnews.com/article/abortion-supreme-court-decision-854f60302f21c2c35129e58cf8d8a7b0\">overturned Roe v. Wade in 2022.</a></p><p>But the proposal faces another tough, passionate battle after a closer-than-expected outcome last year in the Democratic-controlled Legislature, which voted along party lines to give Maine one of the nation's least restrictive abortion laws.</p><p>Amendment supporters say Mainers should have the final say, but it would take a two-thirds vote in each chamber to advance the amendment to a statewide vote at a time when many Republicans are still angry over last year's loss.</p><p>\u201cThere\u2019s no way it\u2019s going to pass,\u201d said Republican Sen. Lisa Keim, of Dixfield. \u201cThey shouldn\u2019t be putting this political theater on stage again.\u201d</p><p>On Monday, the 51st anniversary of the Roe v. Wade decision that established a nationwide right to abortion, the governor lent her support to amending the Maine Constitution, saying the state must act to ensure the right to reproductive health care, regardless of which party is in control.</p><p>\u201cNo matter how strong our laws may be, they are subject to everchanging political tides and can be repealed,\" she wrote in testimony to the Judiciary Committee. \u201cThat is why, without any such federal protection, it is critical that Maine people be assured that reproductive autonomy be protected to the greatest extent possible in the state \u2014 through an amendment to the Constitution of the State of Maine.\u201d</p><p>Maine is one of more than a dozen other states that are considering ballot measures dealing with abortion for this year or in 2026. Most, in places including Arizona and Florida, would seek to ensure access, though in varying degrees. In Colorado, there are dueling efforts to get restrictions and access on the ballot.</p><p>Abortion questions have <a href=\"https://apnews.com/article/abortion-ballot-measure-2024-state-vote-e7d635835dc3a440789ad87787553ec1\">appeared on statewide ballots</a> seven times since the U.S. Supreme Court overturned Roe v. Wade. In each case, the side backed by abortion-rights advocates prevailed \u2014 even in conservative states such as Kansas and Kentucky and swing states such as Michigan and Ohio.</p><p>Measures to enshrine the right to abortion are already on the ballots for November 2024 in Maryland and New York. Like Maine\u2019s proposal, they don\u2019t use the word \u201cabortion,\u201d but rather refer to \u201creproductive autonomy\u201d or \u201creproductive freedom.\u201d</p><p>On Monday, the sponsor of the proposal in Maine, Sen. Eloise Vitelli, of Arrowsic, warned that Maine isn't immune to efforts to restrict abortions, noting there have been more than two dozen proposals in recent years in the Legislature.</p><p>\u201cAs we are seeing so clearly in state after state across this nation, laws can and do change,\u201d Vitelli told supporters of her proposal Monday before the Judiciary Committee held an hourslong public hearing that wrapped up in the late afternoon.</p><p>That's why it's important, supporters said, for Maine to join California, Vermont, Ohio and Michigan, states that have made reproductive freedom explicit in the state constitutions after the U.S. Supreme Court action.</p><p>About 100 people supporting the proposal rallied in the State House, along with House Speaker Rachel Talbot Ross, Senate President Troy Jackson and others, but the tone was different from last year, when larger, boisterous crowds gathered in the halls.</p><p>Lisa Kushner of Belfast described her harrowing experience of entering a darkened building from an alley entrance to get an abortion in 1966, and she said lawmakers and the people of Maine should take additional steps to ensure that never happens again.</p><p>\u201cPersonal reproductive decisions have no place in state legislatures. Our elected representatives should never be orchestrating constituents\u2019 reproductive lives,\u201d she said. \"Mainers deserve a right to vote and settle this issue,\" she added.</p><p>The amendment follows a new law that allows abortions at any time if deemed medically necessary by a doctor. Maine's previous law, adopted in 1993, made abortions legal until a fetus becomes viable outside the womb, at roughly 24 weeks.</p><p>The emotional debate included a public hearing that lasted 19 hours, driven mostly by a massive turnout by voters opposed to the proposal.</p><p>The bill was narrowly approved in the Maine House, passing 74-72, after the chamber took an hourslong break and the vote was held open for about 45 minutes.</p><p>Enraged Republicans accused Democrats of political shenanigans, but there were only a handful of abortion opponents present Monday. Keim said she didn\u2019t encourage those opposed to the amendment to come to the State House in a show of force, calling it a waste of their time, given the significant hurdles to passage.</p><p>Several teenagers were among those who quietly held signs in opposition to the amendment.</p><p>Kristina Parker, an 18-year-old activist, said many Mainers share her view that abortion is wrong. \u201cThis is a constitutional amendment proposal to make personal reproductive autonomy a right, except I don't think anyone has a right to kill anybody,\u201d she said.</p><p>___</p><p>Associated Press writer Geoff Mulvihill in Cherry Hill, New Jersey, contributed to this report.</p>",
    "textformat": "bx",
    "links": [
        {
            "href": "https://apnews.com/article/maine-abortion-constitutional-amendment-283630794490a7ecb344265a1a168016",
            "rel": "canonical"
        }
    ],
    "topics": {
        "Health": {
            "relevance_score": 4,
            "reason": "The document discusses a legislative effort in Maine to amend the state constitution to enshrine the right to reproductive health care, specifically focusing on abortion access. While the primary focus is on the political and legislative aspects, the topic of reproductive health care is inherently related to health. The document provides detailed information on the current and proposed laws, public opinions, and the political climate surrounding abortion rights, which are all relevant to the broader topic of health."
        }
    }
}