﻿{
    "altids": {
        "itemid": "c210735a432abf06bcf287ea39a2276e",
        "etag": "c210735a432abf06bcf287ea39a2276e_0a4aza0c0",
        "friendlykey": "499705553460",
        "referenceid": "AF--Congo-Floods"
    },
    "version": 0,
    "type": "text",
    "urgency": 4,
    "profile": "Spot Development",
    "language": "en",
    "versioncreated": "2024-01-12T19:19:43Z",
    "firstcreated": "2024-01-12T19:19:43Z",
    "editorialrole": "FullStory",
    "pubstatus": "usable",
    "signals": [
        "newscontent"
    ],
    "title": "AF--Congo-Floods",
    "headline": "Hundreds of thousands of people are in urgent need of assistance in Congo because of flooding",
    "headline_extended": "The United Nations says widespread floods in the Republic of Congo have pushed hundreds of thousands of people to be in urgent need of assistance",
    "slugline": "BC-AF--Congo-Floods",
    "description_summary": "The United Nations says widespread floods in the Republic of Congo have pushed hundreds of thousands of people to be in urgent need of assistance. Unusually heavy rainfall has caused nine of the countries 12 departments to be affected with floods damaging health facilities and schools and submerging farmland, said the World Health Organization in a statement. More than 330,000 people have been impacted. The rainfall is twice the average of what was recorded between 2022 and 2023 and the floods have destroyed or damaged 34 health facilities, 120 schools and more than 64, 000 houses.",
    "bylines": [
        {
            "by": "By LOUIS PATRICK OKAMBA",
            "title": "Associated Press"
        }
    ],
    "located": "BRAZZAVILLE, Republic of Congo",
    "datelinelocation": {
        "city": "Brazzaville",
        "countrycode": "COG",
        "countryname": "Republic of Congo",
        "geometry_geojson": {
            "type": "Point",
            "coordinates": [
                15.28318,
                -4.26613
            ]
        }
    },
    "copyrightnotice": "Copyright 2024 The Associated Press. All rights reserved. This material may not be published, broadcast, rewritten or redistributed without permission.",
    "usageterms": [
        "This content is intended for editorial use only. For other uses, additional clearances may be required."
    ],
    "keywords": [
        "Floods Congo"
    ],
    "provider": "AP",
    "infosource": [
        {
            "name": "AP",
            "type": "AP"
        }
    ],
    "subject": [
        {
            "rels": [
                "category"
            ],
            "creator": "Editorial",
            "code": "i",
            "name": "i"
        },
        {
            "scheme": "http://cv.ap.org/id/",
            "code": "6c633968882f10048fa88bb2970c7204",
            "name": "Floods",
            "creator": "Machine",
            "rels": [
                "direct"
            ],
            "relevance": 90
        },
        {
            "scheme": "http://cv.ap.org/id/",
            "code": "9cce666bb29344b8ba61f3732d971d32",
            "name": "Disease outbreaks",
            "creator": "Machine",
            "rels": [
                "direct"
            ],
            "relevance": 67
        },
        {
            "scheme": "http://cv.ap.org/id/",
            "code": "86aad5207dac100488ecba7fa5283c3e",
            "name": "Politics",
            "creator": "Machine",
            "rels": [
                "direct"
            ],
            "relevance": 55
        },
        {
            "scheme": "http://cv.ap.org/id/",
            "code": "cc7a76087e4e10048482df092526b43e",
            "name": "Health",
            "creator": "Machine",
            "rels": [
                "direct"
            ],
            "relevance": 46
        },
        {
            "scheme": "http://cv.ap.org/id/",
            "code": "bb2d2c5f441a452cb24bb511a2ab5eea",
            "name": "World news",
            "creator": "Editorial",
            "editorial_subject": "World news",
            "rels": [
                "direct"
            ],
            "relevance": 99
        },
        {
            "scheme": "http://cv.ap.org/id/",
            "code": "f25af2d07e4e100484f5df092526b43e",
            "name": "General news",
            "creator": "Editorial",
            "editorial_subject": "General news",
            "rels": [
                "direct"
            ],
            "relevance": 50
        }
    ],
    "place": [
        {
            "scheme": "http://cv.ap.org/id/",
            "code": "ffd176387e341004872edf092526b43e",
            "name": "Brazzaville",
            "creator": "Machine",
            "rels": [
                "direct"
            ],
            "parentids": [
                "661ab2407d5b10048234c076b8e3055c"
            ],
            "locationtype": {
                "code": "9d26a20b35f0484a891740f8189d4c7b",
                "name": "City"
            },
            "geometry_geojson": {
                "type": "Point",
                "coordinates": [
                    15.28327,
                    -4.2669
                ]
            },
            "relevance": 37,
            "parentnames": [
                "Republic of the Congo"
            ]
        },
        {
            "scheme": "http://cv.ap.org/id/",
            "code": "661ab2407d5b10048234c076b8e3055c",
            "name": "Republic of the Congo",
            "creator": "Machine",
            "rels": [
                "direct"
            ],
            "parentids": [
                "661812607d5b100481f1c076b8e3055c"
            ],
            "locationtype": {
                "code": "01f56e0e654841eca2e69bf2cbcc0526",
                "name": "Nation"
            },
            "geometry_geojson": {
                "type": "Point",
                "coordinates": [
                    15,
                    -1
                ]
            },
            "relevance": 76,
            "parentnames": [
                "Africa"
            ]
        }
    ],
    "audiences": [
        {
            "code": "82c6a4c46fa0446090a7acaf93159e4c",
            "name": "Print",
            "type": "AUDPLATFORM"
        },
        {
            "code": "9add4649b53b4702ba7d9de5d4fa607a",
            "name": "Online",
            "type": "AUDPLATFORM"
        },
        {
            "code": "f43adc08760d10048040e6e7a0f4673e",
            "name": "National",
            "type": "AUDSCOPE"
        },
        {
            "code": "f4ecf9b0760d10048044e6e7a0f4673e",
            "name": "International",
            "type": "AUDSCOPE"
        },
        {
            "code": "661812607d5b100481f1c076b8e3055c",
            "name": "Africa",
            "type": "AUDGEOGRAPHY"
        },
        {
            "code": "661e48387d5b10048291c076b8e3055c",
            "name": "United States",
            "type": "AUDGEOGRAPHY"
        }
    ],
    "body_nitf": "<p>BRAZZAVILLE, Republic of Congo (AP) \u2014 Widespread floods in the Republic of Congo have pushed hundreds of thousands of people to be in urgent need of assistance, said the United Nations Friday.</p><p>Unusually heavy rainfall has caused nine of the countries 12 departments to be affected with floods damaging health facilities and schools and submerging farmland, said the World Health Organization in a statement. More than 330,000 people have been impacted.</p><p>\u201cWHO is committed to supporting the government to ramp up emergency response to save lives and ensure access to critical basic services,\u201d said Lucien Manga, a representative in the Republic of Congo for the organization.</p><p>The rainfall is twice the average of what was recorded between 2022 and 2023 and the floods have destroyed or damaged 34 health facilities, 120 schools and more than 64, 000 houses, it said.</p><p>The flooding occurred along Congo\u2019s riverbanks around the Ubangi River with the United Nations warning it could lead to the outbreak of water-borne diseases such as cholera and impede access to healthcare.</p><p>River levels are at an all time high and it\u2019s likely the waters will not recede in the immediate future, said government spokesman Thierry Moungalla. Since flooding began some two weeks ago it has killed at least 17 people, he said.</p><p>While flooding is not rare in Congo, residents in the capital, Brazzaville said they haven\u2019t seen anything like this in decades.</p><p>\"Not even the floods of 1961 were on the scale we\u2019re seeing in Brazzaville today,\u201d said Antoine Okandza. The 78-year-old said his house was washed away by the water.</p><p>The government said it was giving more than $3 million to an emergency fund for disaster relief.</p>",
    "textformat": "bx",
    "links": [
        {
            "href": "https://apnews.com/article/floods-congo-c210735a432abf06bcf287ea39a2276e",
            "rel": "canonical"
        }
    ],
    "topics": {
        "Health": {
            "relevance_score": 4,
            "reason": "The document discusses the widespread flooding in the Republic of Congo and its impact on the population, including the damage to health facilities and the potential outbreak of water-borne diseases such as cholera. The involvement of the World Health Organization and the emphasis on emergency response to ensure access to critical basic services also highlight the health implications of the disaster. Therefore, the document is relevant to the topic of health."
        }
    }
}