﻿{
    "altids": {
        "itemid": "c74131916a668d3b5da9171c104f5531",
        "etag": "c74131916a668d3b5da9171c104f5531_4a6aza0c0",
        "friendlykey": "872949051551",
        "referenceid": "US--Water-Woes-Mississippi"
    },
    "version": 4,
    "type": "text",
    "urgency": 4,
    "profile": "Spot Development",
    "language": "en",
    "versioncreated": "2024-01-12T23:12:13Z",
    "firstcreated": "2024-01-12T18:20:07Z",
    "editorialrole": "FullStory",
    "pubstatus": "usable",
    "ednote": "Eds: UPDATES: Adds context from the state health department defending lab results and explaining why state requirements were lifted. ; With AP Photos.",
    "editorialtypes": [
        "Lead"
    ],
    "signals": [
        "newscontent"
    ],
    "title": "US--Water-Woes-Mississippi",
    "headline": "Mississippi officials say water in state capital is safe one day after E. coli scare",
    "headline_extended": "The Mississippi State Health Department says Jackson's water is safe to consume",
    "slugline": "AP-US--Water-Woes-Mississippi, 4th Ld-Writethru",
    "description_summary": "The Mississippi State Health Department says Jackson's water is safe to consume. That Friday announcement came one day after health officials told residents in the state\u2019s capital that dangerous bacteria could be in their tap water. Mississippi health officials lifted their health advisory after a new round of test results did not find E. coli in Jackson\u2019s supply. The announcement reverses the department's Thursday instructions for Jackson residents to boil their water before consuming it. The move comes hours after Ted Henifin, Jackson\u2019s interim water manager, said repeat samples taken from the city\u2019s water system tested negative for E. coli.",
    "bylines": [
        {
            "by": "By MICHAEL GOLDBERG",
            "title": "Associated Press/Report for America"
        }
    ],
    "located": "JACKSON, Miss.",
    "datelinelocation": {
        "city": "Jackson",
        "countryareacode": "MS",
        "countryareaname": "Mississippi",
        "countrycode": "USA",
        "countryname": "United States",
        "geometry_geojson": {
            "type": "Point",
            "coordinates": [
                -90.18481,
                32.29876
            ]
        }
    },
    "copyrightnotice": "Copyright 2024 The Associated Press. All rights reserved. This material may not be published, broadcast, rewritten or redistributed without permission.",
    "usageterms": [
        "This content is intended for editorial use only. For other uses, additional clearances may be required."
    ],
    "keywords": [
        "jackson mississippi water e coli"
    ],
    "provider": "AP",
    "infosource": [
        {
            "name": "AP",
            "type": "AP"
        }
    ],
    "person": [
        {
            "scheme": "http://cv.ap.org/id/",
            "code": "74703ec9bef84dc9b3d1d1aeef7bcb67",
            "name": "Dan Eichenbaum",
            "creator": "Machine",
            "rels": [
                "direct"
            ],
            "types": [
                "POLITICIAN",
                "PERSON"
            ],
            "relevance": 33
        }
    ],
    "subject": [
        {
            "rels": [
                "category"
            ],
            "creator": "Editorial",
            "code": "a",
            "name": "a"
        },
        {
            "rels": [
                "category"
            ],
            "creator": "Editorial",
            "code": "n",
            "name": "n"
        },
        {
            "scheme": "http://cv.ap.org/id/",
            "code": "cc7a76087e4e10048482df092526b43e",
            "name": "Health",
            "creator": "Machine",
            "rels": [
                "direct"
            ],
            "relevance": 67
        },
        {
            "scheme": "http://cv.ap.org/id/",
            "code": "15a6f6325374234b9a7329631b4a5e07",
            "name": "Utilities",
            "creator": "Machine",
            "rels": [
                "direct"
            ],
            "relevance": 41
        },
        {
            "scheme": "http://cv.ap.org/id/",
            "code": "084dd6c87f00100481c6f571351eed07",
            "name": "E. Coli",
            "creator": "Machine",
            "rels": [
                "direct"
            ],
            "relevance": 79
        },
        {
            "scheme": "http://cv.ap.org/id/",
            "code": "86aad5207dac100488ecba7fa5283c3e",
            "name": "Politics",
            "creator": "Machine",
            "rels": [
                "direct"
            ],
            "relevance": 56
        },
        {
            "scheme": "http://cv.ap.org/id/",
            "code": "cc7a76087e4e10048482df092526b43e",
            "name": "Health",
            "creator": "Editorial",
            "editorial_subject": "Health",
            "rels": [
                "direct"
            ],
            "relevance": 75
        },
        {
            "scheme": "http://cv.ap.org/id/",
            "code": "a4677d70863b4012b846a1b00f5079f5",
            "name": "U.S. news",
            "creator": "Editorial",
            "editorial_subject": "U.S. news",
            "rels": [
                "direct"
            ],
            "relevance": 99
        },
        {
            "scheme": "http://cv.ap.org/id/",
            "code": "f25af2d07e4e100484f5df092526b43e",
            "name": "General news",
            "creator": "Editorial",
            "editorial_subject": "General news",
            "rels": [
                "direct"
            ],
            "relevance": 50
        }
    ],
    "place": [
        {
            "scheme": "http://cv.ap.org/id/",
            "code": "b74affa882c4100486d0df092526b43e",
            "name": "Jackson",
            "creator": "Machine",
            "rels": [
                "direct"
            ],
            "parentids": [
                "b3dfffa882c4100486c3df092526b43e"
            ],
            "locationtype": {
                "code": "9d26a20b35f0484a891740f8189d4c7b",
                "name": "City"
            },
            "geometry_geojson": {
                "type": "Point",
                "coordinates": [
                    -90.18481,
                    32.29876
                ]
            },
            "relevance": 97,
            "parentnames": [
                "Mississippi"
            ]
        },
        {
            "scheme": "http://cv.ap.org/id/",
            "code": "b3dfffa882c4100486c3df092526b43e",
            "name": "Mississippi",
            "creator": "Machine",
            "rels": [
                "direct"
            ],
            "parentids": [
                "661e48387d5b10048291c076b8e3055c"
            ],
            "locationtype": {
                "code": "0ae5eb8e00e04295a4fc209c94bfe6ef",
                "name": "State"
            },
            "geometry_geojson": {
                "type": "Point",
                "coordinates": [
                    -89.75036,
                    32.75041
                ]
            },
            "relevance": 97,
            "parentnames": [
                "United States"
            ]
        }
    ],
    "audiences": [
        {
            "code": "82c6a4c46fa0446090a7acaf93159e4c",
            "name": "Print",
            "type": "AUDPLATFORM"
        },
        {
            "code": "9add4649b53b4702ba7d9de5d4fa607a",
            "name": "Online",
            "type": "AUDPLATFORM"
        },
        {
            "code": "f43adc08760d10048040e6e7a0f4673e",
            "name": "National",
            "type": "AUDSCOPE"
        },
        {
            "code": "f4ecf9b0760d10048044e6e7a0f4673e",
            "name": "International",
            "type": "AUDSCOPE"
        },
        {
            "code": "f5b16ea8760d10048047e6e7a0f4673e",
            "name": "State",
            "type": "AUDSCOPE"
        },
        {
            "code": "661850e07d5b100481f5c076b8e3055c",
            "name": "Latin America and Caribbean",
            "type": "AUDGEOGRAPHY"
        },
        {
            "code": "b3dfffa882c4100486c3df092526b43e",
            "name": "Mississippi",
            "type": "AUDGEOGRAPHY"
        },
        {
            "code": "661e48387d5b10048291c076b8e3055c",
            "name": "United States",
            "type": "AUDGEOGRAPHY"
        }
    ],
    "associations": {
        "1": {
            "altids": {
                "itemid": "5970a79d996a4b958fb7ab2c43ffff94"
            },
            "type": "picture"
        },
        "2": {
            "altids": {
                "itemid": "1db80749fee747718f6920d8bfbd549c"
            },
            "type": "picture"
        },
        "3": {
            "altids": {
                "itemid": "383cdac7c48b44928b508c1e9fe43357"
            },
            "type": "picture"
        },
        "4": {
            "altids": {
                "itemid": "572baaa8f261469c8684627539e079c9"
            },
            "type": "picture"
        },
        "5": {
            "altids": {
                "itemid": "1d4cd702a4ee4eec800ba6f8c6ba4d1d"
            },
            "type": "picture"
        },
        "6": {
            "altids": {
                "itemid": "2a5ff738236d42f2b16b0e4f5aa9ed78"
            },
            "type": "picture"
        },
        "7": {
            "altids": {
                "itemid": "1ad154a47ba44376b846907e5f3da0ed"
            },
            "type": "picture"
        },
        "8": {
            "altids": {
                "itemid": "56ed11efd3e54dda980f3004cfe6e8da"
            },
            "type": "picture"
        }
    },
    "body_nitf": "<p>JACKSON, Miss. (AP) \u2014 One day after Mississippi health officials told residents in the state\u2019s capital that dangerous bacteria could be in their tap water, the state health department said Friday that city water was safe to consume.</p><p>Mississippi health officials lifted their health advisory after a new round of test results did not find E. coli in Jackson's supply. The announcement reverses the Mississippi Department of Health's Thursday instructions for Jackson residents to boil their water before consuming it.</p><p>The move came hours after Ted Henifin, Jackson\u2019s interim water manager, said repeat samples taken from the city\u2019s water system tested negative for E. coli. The new round of results, which were collected from the same locations where state officials <a href=\"https://apnews.com/article/jackson-mississippi-water-boil-order-35f0c1437d65877243f03fd4dd4df278\">reported positive results</a> the day before, show the previous test was likely a false positive caused by lab contamination, Henifin said.</p><p>In a statement Friday, the health department stood by the initial test results and dismissed the idea that its lab had been contaminated. Officials have detected E. coli in Jackson\u2019s water system 29 times since 2003 and during the same period, three times in the nearby suburb of Flowood, the department said.</p><p>\u201cClean drinking water and its availability to the public are fundamental to protecting the health, well-being, and safety of everyone, with no exception,\u201d said Dr. Dan Edney, the state health officer.</p><p>Earlier on Friday, Henifin did not expect the boil water notice to be lifted after one day because state regulations require officials to obtain clean results for two consecutive days before lifting it.</p><p>Greg Flynn, a spokesperson for the state health department, said federal law allows samples from the same site to be submitted within 24 hours, and if negative, boil water notices can be lifted. The state has more stringent requirements requiring an additional day of clean tests. That state rule was waived in this case following pushback over the extra requirements.</p><p>Jackson's water met the federal standard, and the health department was satisfied with the results, Flynn said. \"That's the nice, political way to put it,\" he said.</p><p>At news conferences on Thursday and Friday, Henifin said state officials refused to validate the lab results before issuing the boil-water notice.</p><p>\u201cI still do not understand why the Mississippi Department of Health issued the city-wide boil-water notice before confirming the initial results,\" Henifin said. \"The damage to confidence in our water system and economic impact to our area businesses is enormous.\u201d</p><p>State health officials imposed boil-water notices in Jackson and Flowood following positive results in both cities Thursday. The bacteria\u2019s presence indicated that the water may have been contaminated with human or animal waste, the department initially said.</p><p>Flynn said the boil-water notice is still in effect in Flowood, pending further tests.</p><p>Henifin said it was unlikely that samples from Jackson and Flowood would be contaminated at the same time because the cities\u2019 water systems are not connected and do not draw from the source.</p><p>A federal judge <a href=\"https://apnews.com/article/health-mississippi-jackson-merrick-garland-climate-and-environment-82a86c6d18dfbcca7c5ccf6839689413\">appointed</a> Henifin in November 2022 to oversee reforms to Jackson\u2019s <a href=\"https://apnews.com/article/floods-mississippi-tate-reeves-jackson-climate-and-environment-3cc65dd4bdc83e8c48a7aeee8b76bd8d\">long-troubled water system</a> after infrastructure breakdowns during the late summer of that year caused many city residents to go days and weeks without safe running water.</p><p>The E. coli scare came just days before the expected arrival of a blast of cold weather that could further disrupt the local <a href=\"https://apnews.com/article/biden-mississippi-tate-reeves-jackson-climate-and-environment-2018b4568bd707d0feea48a10c474df8\">water infrastructure</a>. <a href=\"https://apnews.com/article/disaster-planning-and-response-jackson-mississippi-water-shortages-united-states-government-3369a315fcc562adc8d1833062f5d230\">Cold snaps</a> in 2021 and 2022 caused frozen pipes and drops in water pressure across Jackson.</p><p>The positive tests and boil water notices sent lab technicians scrambling to test samples from 120 locations ahead of the winter weather.</p><p>___</p><p>Michael Goldberg is a corps member for the Associated Press/Report for America Statehouse News Initiative. Report for America is a nonprofit national service program that places journalists in local newsrooms to report on undercovered issues. Follow him at <a href=\"https://twitter.com/mikergoldberg\">@mikergoldberg</a>.</p>",
    "textformat": "bx",
    "links": [
        {
            "href": "https://apnews.com/article/jackson-mississippi-water-e-coli-c74131916a668d3b5da9171c104f5531",
            "rel": "canonical"
        }
    ],
    "topics": {
        "Health": {
            "relevance_score": 5,
            "reason": "The document discusses a health advisory related to the safety of drinking water in Jackson, Mississippi, due to concerns about E. coli contamination. It details the actions taken by health officials, the results of water tests, and the implications for public health. The focus on clean drinking water and its importance to health, as well as the involvement of state health officials, makes the document highly relevant to the topic of health."
        }
    }
}