﻿{
    "altids": {
        "itemid": "0d0ca85eb0fda1519d7dfe5c16c33ca8",
        "etag": "0d0ca85eb0fda1519d7dfe5c16c33ca8_0a10aza0c0",
        "friendlykey": "730274061972",
        "referenceid": "US--Gun Safety Information"
    },
    "version": 0,
    "type": "text",
    "urgency": 4,
    "profile": "Spot Development",
    "language": "en",
    "versioncreated": "2024-01-24T00:01:57Z",
    "firstcreated": "2024-01-24T00:01:57Z",
    "editorialrole": "FullStory",
    "pubstatus": "usable",
    "signals": [
        "newscontent"
    ],
    "title": "US--Gun Safety Information",
    "headline": "Federal appeals court upholds local gun safety pamphlet law in Maryland",
    "headline_extended": "A federal appeals court has upheld a county law in Maryland that requires gun dealers to distribute a pamphlet about suicide prevention, conflict resolution and mental health resources",
    "slugline": "BC-US--Gun Safety Information",
    "description_summary": "A federal appeals court has upheld a county law in Maryland that requires gun dealers to distribute a pamphlet about suicide prevention, conflict resolution and mental health resources. A three-judge panel of the 4th U.S. Circuit Court of Appeals in Richmond ruled Tuesday in favor of the Anne Arundel County law that was approved in 2022. The panel rejected an appeal on First Amendment grounds of an earlier ruling by a federal judge from the gun rights group Maryland Shall Issue and four gun store owners.",
    "bylines": [
        {
            "by": "By BRIAN WITTE",
            "title": "Associated Press"
        }
    ],
    "located": "ANNAPOLIS, Md.",
    "datelinelocation": {
        "city": "Annapolis",
        "countryareacode": "MD",
        "countryareaname": "Maryland",
        "countrycode": "USA",
        "countryname": "United States",
        "geometry_geojson": {
            "type": "Point",
            "coordinates": [
                -76.49184,
                38.97859
            ]
        }
    },
    "copyrightnotice": "Copyright 2024 The Associated Press. All rights reserved. This material may not be published, broadcast, rewritten or redistributed without permission.",
    "usageterms": [
        "This content is intended for editorial use only. For other uses, additional clearances may be required."
    ],
    "keywords": [
        "gun safety information suicide court ruling"
    ],
    "provider": "AP",
    "infosource": [
        {
            "name": "AP",
            "type": "AP"
        }
    ],
    "subject": [
        {
            "rels": [
                "category"
            ],
            "creator": "Editorial",
            "code": "a",
            "name": "a"
        },
        {
            "rels": [
                "category"
            ],
            "creator": "Editorial",
            "code": "p",
            "name": "p"
        },
        {
            "rels": [
                "category"
            ],
            "creator": "Editorial",
            "code": "n",
            "name": "n"
        },
        {
            "scheme": "http://cv.ap.org/id/",
            "code": "d136a002b9e34c76b103e55426f3c4d5",
            "name": "Suicide",
            "creator": "Machine",
            "rels": [
                "direct"
            ],
            "relevance": 67
        },
        {
            "scheme": "http://cv.ap.org/id/",
            "code": "86bd30587dac10048967ba7fa5283c3e",
            "name": "Gun politics",
            "creator": "Machine",
            "rels": [
                "direct"
            ],
            "relevance": 59
        },
        {
            "scheme": "http://cv.ap.org/id/",
            "code": "86c1b8807dac10048990ba7fa5283c3e",
            "name": "Legislation",
            "creator": "Machine",
            "rels": [
                "direct"
            ],
            "relevance": 41
        },
        {
            "scheme": "http://cv.ap.org/id/",
            "code": "86aad5207dac100488ecba7fa5283c3e",
            "name": "Politics",
            "creator": "Machine",
            "rels": [
                "direct"
            ],
            "relevance": 54
        },
        {
            "scheme": "http://cv.ap.org/id/",
            "code": "4626a38a1b52454ca5d01755d14f1dc9",
            "name": "Legal proceedings",
            "creator": "Machine",
            "rels": [
                "direct"
            ],
            "relevance": 32
        },
        {
            "scheme": "http://cv.ap.org/id/",
            "code": "e231c7187de410048fd7df092526b43e",
            "name": "Mental health",
            "creator": "Machine",
            "rels": [
                "direct"
            ],
            "relevance": 41
        },
        {
            "scheme": "http://cv.ap.org/id/",
            "code": "86ba17607dac1004894eba7fa5283c3e",
            "name": "Courts",
            "creator": "Machine",
            "rels": [
                "direct"
            ],
            "relevance": 82
        },
        {
            "scheme": "http://cv.ap.org/id/",
            "code": "86aad5207dac100488ecba7fa5283c3e",
            "name": "Politics",
            "creator": "Editorial",
            "editorial_subject": "Politics",
            "rels": [
                "direct"
            ],
            "relevance": 75
        },
        {
            "scheme": "http://cv.ap.org/id/",
            "code": "a4677d70863b4012b846a1b00f5079f5",
            "name": "U.S. news",
            "creator": "Editorial",
            "editorial_subject": "U.S. news",
            "rels": [
                "direct"
            ],
            "relevance": 99
        },
        {
            "scheme": "http://cv.ap.org/id/",
            "code": "f25af2d07e4e100484f5df092526b43e",
            "name": "General news",
            "creator": "Editorial",
            "editorial_subject": "General news",
            "rels": [
                "direct"
            ],
            "relevance": 50
        }
    ],
    "place": [
        {
            "scheme": "http://cv.ap.org/id/",
            "code": "b0fa317082b3100484dbdf092526b43e",
            "name": "Maryland",
            "creator": "Machine",
            "rels": [
                "direct"
            ],
            "parentids": [
                "661e48387d5b10048291c076b8e3055c"
            ],
            "locationtype": {
                "code": "0ae5eb8e00e04295a4fc209c94bfe6ef",
                "name": "State"
            },
            "geometry_geojson": {
                "type": "Point",
                "coordinates": [
                    -76.74997,
                    39.00039
                ]
            },
            "relevance": 77,
            "parentnames": [
                "United States"
            ]
        },
        {
            "scheme": "http://cv.ap.org/id/",
            "code": "fd3a61b882c710048937df092526b43e",
            "name": "Richmond",
            "creator": "Machine",
            "rels": [
                "direct"
            ],
            "parentids": [
                "eaed376082c71004892cdf092526b43e"
            ],
            "locationtype": {
                "code": "9d26a20b35f0484a891740f8189d4c7b",
                "name": "City"
            },
            "geometry_geojson": {
                "type": "Point",
                "coordinates": [
                    -77.46026,
                    37.55376
                ]
            },
            "relevance": 90,
            "parentnames": [
                "Virginia"
            ]
        }
    ],
    "audiences": [
        {
            "code": "82c6a4c46fa0446090a7acaf93159e4c",
            "name": "Print",
            "type": "AUDPLATFORM"
        },
        {
            "code": "9add4649b53b4702ba7d9de5d4fa607a",
            "name": "Online",
            "type": "AUDPLATFORM"
        },
        {
            "code": "f43adc08760d10048040e6e7a0f4673e",
            "name": "National",
            "type": "AUDSCOPE"
        },
        {
            "code": "f5b16ea8760d10048047e6e7a0f4673e",
            "name": "State",
            "type": "AUDSCOPE"
        },
        {
            "code": "f4ecf9b0760d10048044e6e7a0f4673e",
            "name": "International",
            "type": "AUDSCOPE"
        },
        {
            "code": "b0fa317082b3100484dbdf092526b43e",
            "name": "Maryland",
            "type": "AUDGEOGRAPHY"
        },
        {
            "code": "661850e07d5b100481f5c076b8e3055c",
            "name": "Latin America and Caribbean",
            "type": "AUDGEOGRAPHY"
        },
        {
            "code": "661e48387d5b10048291c076b8e3055c",
            "name": "United States",
            "type": "AUDGEOGRAPHY"
        }
    ],
    "body_nitf": "<p>ANNAPOLIS, Md. (AP) \u2014 A federal appeals court upheld a county law in Maryland on Tuesday that requires gun dealers to distribute information about suicide prevention, conflict resolution and mental health resources.</p><p>A three-judge panel of the 4th U.S. Circuit Court of Appeals in Richmond, Virginia, ruled in favor of the Anne Arundel County law approved in 2022. The panel rejected an appeal on First Amendment grounds by the gun rights group Maryland Shall Issue and four gun store owners, after a federal judge ruled in favor of the county.</p><p>In the decision released Tuesday, Judge Paul Niemeyer wrote that the county law required the pamphlets as a health and safety advisory, informing purchasers of the nature, causes, and risks of suicides and the role that guns play in them.</p><p>While the literature points out that \u201caccess\u201d to firearms is a \u201crisk factor,\u201d the judge wrote that the pamphlets doesn't suggest to the reader that he or she should not purchase a firearm.</p><p>\u201cMore particularly, we do not read it to suggest to firearm purchasers that firearms should not be purchased because doing so causes suicide. Rather, the pamphlet is more in line with other similar safety warnings \u2014 widely applicable and accepted \u2014 that gun owners should store guns safely, especially to prevent misuse and child access,\u201d Niemeyer wrote.</p><p>Judges Roger Gregory and Toby Heytens joined the opinion.</p><p>Anne Arundel County Executive Steuart Pittman commended the ruling for requiring gun stores to give customers the information.</p><p>\u201cEnsuring gun owners are aware of accessible mental health and suicide prevention services is a critical step in reducing gun deaths and saving lives,\" Pittman said.</p><p>Mark Pennak, president of Maryland Shall Issue, said he thought the ruling was \u201cgrievously wrong,\u201d because it compels speech at a place of commercial establishment.</p><p>\u201cThat\u2019s never been the law,\" Pennak said. \"It\u2019s contrary to Supreme Court precedent, and it would invite wholesale unconstitutional action by governments.\u201d</p><p>Pennak said he is considering an appeal to either the full 4th U.S. Circuit Court of Appeals or the U.S. Supreme Court.</p><p>After a mass shooting that left five people dead at the Capital Gazette newsroom in 2018, Pittman created a task force to recommend ways to help reduce gun violence. The <a href=\"https://www.aacounty.org/sites/default/files/2023-07/gun-violence-task-force-final-report-20200605.pdf\">task force</a> recommended that the county establish a partnership with gun sellers, gun safety advocacy organizations and agencies working to prevent domestic violence and suicide.</p><p>In 2022, the Anne Arundel County Council passed a measure that directed the county\u2019s health department to distribute literature about \u201cgun safety, gun training, suicide prevention, mental health, and conflict resolution\u201d to stores that sell firearms and ammunition. It also required the stores to display the pamphlets and to distribute them with the purchase of guns and ammunition.</p><p>The literature consists of a pamphlet jointly authored by the National Shooting Sports Foundation and the American Foundation for Suicide Prevention concerning firearms and suicide prevention, as well as a one-page insert developed by the county concerning local resources for suicide and conflict prevention.</p>",
    "textformat": "bx",
    "links": [
        {
            "href": "https://apnews.com/article/gun-safety-information-suicide-court-ruling-0d0ca85eb0fda1519d7dfe5c16c33ca8",
            "rel": "canonical"
        }
    ],
    "topics": {
        "Health": {
            "relevance_score": 5,
            "reason": "The document discusses a law in Maryland that requires gun dealers to distribute pamphlets containing information about suicide prevention, conflict resolution, and mental health resources. These topics are directly related to health, particularly mental health and public safety. The document also mentions the involvement of the county's health department in distributing the literature, further linking it to health. Therefore, the content is highly relevant to the topic of health."
        }
    }
}