﻿{
    "altids": {
        "itemid": "19b92c6e0f61fc8c548ffbcbab26836d",
        "etag": "19b92c6e0f61fc8c548ffbcbab26836d_4a2aza0c0",
        "friendlykey": "404505126483",
        "referenceid": "WI--Wisconsin-State of State"
    },
    "version": 4,
    "type": "text",
    "urgency": 4,
    "profile": "Spot Development",
    "language": "en",
    "versioncreated": "2024-01-24T01:52:48Z",
    "firstcreated": "2024-01-23T18:09:23Z",
    "editorialrole": "FullStory",
    "pubstatus": "usable",
    "ednote": "Eds: UPDATES: Updates with details from speech. Will be updated with reaction after speech concludes around 8 p.m. CST.; Updates Media.",
    "editorialtypes": [
        "Lead"
    ],
    "signals": [
        "newscontent"
    ],
    "title": "WI--Wisconsin-State of State",
    "headline": "Evers in State of the State address vows to veto any bill that would limit access to abortions",
    "headline_extended": "Democratic Wisconsin Gov. Tony Evers vowed in his State of the State speech Tuesday to veto any bill that would limit access to abortions, even as Republicans move forward with a measure that would let voters weigh in on whether it should be banned after 14 weeks of pregnancy",
    "slugline": "BC-WI--Wisconsin-State of State, 4th Ld-Writethru",
    "description_summary": "Democratic Wisconsin Gov. Tony Evers vowed in his State of the State speech Tuesday to veto any bill that would limit access to abortions, even as Republicans move forward with a measure that would let voters weigh in on whether it should be banned after 14 weeks of pregnancy. The speech comes as Evers and Republicans who control the Legislature have had some bipartisan successes, but continue to fight over redistricting, abortion, tax cuts, election administration and other key issues in a presidential election year. Evers declared 2024 the \u201cYear of the Worker\" and called on Democrats and Republicans to work together to address worker shortages, affordable housing and child care.",
    "bylines": [
        {
            "by": "By SCOTT BAUER",
            "title": "Associated Press"
        }
    ],
    "located": "MADISON, Wis.",
    "datelinelocation": {
        "city": "Madison",
        "countryareacode": "WI",
        "countryareaname": "Wisconsin",
        "countrycode": "USA",
        "countryname": "United States",
        "geometry_geojson": {
            "type": "Point",
            "coordinates": [
                -89.40123,
                43.07305
            ]
        }
    },
    "copyrightnotice": "Copyright 2024 The Associated Press. All rights reserved. This material may not be published, broadcast, rewritten or redistributed without permission.",
    "usageterms": [
        "This content is intended for editorial use only. For other uses, additional clearances may be required."
    ],
    "keywords": [
        "Wisconsin Tony Evers speech"
    ],
    "provider": "AP",
    "infosource": [
        {
            "name": "AP",
            "type": "AP"
        }
    ],
    "person": [
        {
            "scheme": "http://cv.ap.org/id/",
            "code": "1dc502af06274725a9b6a9f2c5856e90",
            "name": "Tony Evers",
            "creator": "Machine",
            "rels": [
                "direct"
            ],
            "types": [
                "POLITICIAN",
                "PERSON"
            ],
            "relevance": 89
        },
        {
            "scheme": "http://cv.ap.org/id/",
            "code": "00bd3ba9eb4f490a9e72bd4c667c2d51",
            "name": "Tim Michels",
            "creator": "Machine",
            "rels": [
                "direct"
            ],
            "types": [
                "POLITICIAN",
                "PERSON"
            ],
            "relevance": 38
        }
    ],
    "subject": [
        {
            "rels": [
                "category"
            ],
            "creator": "Editorial",
            "code": "n",
            "name": "n"
        },
        {
            "scheme": "http://cv.ap.org/id/",
            "code": "86b3a6f07dac10048921ba7fa5283c3e",
            "name": "Redistricting",
            "creator": "Machine",
            "rels": [
                "direct"
            ],
            "relevance": 39
        },
        {
            "scheme": "http://cv.ap.org/id/",
            "code": "e22e35087de410048fc2df092526b43e",
            "name": "Abortion",
            "creator": "Machine",
            "rels": [
                "direct"
            ],
            "relevance": 77
        },
        {
            "scheme": "http://cv.ap.org/id/",
            "code": "b7f42e21a8794c36a178b5eb95d63934",
            "name": "Child care",
            "creator": "Machine",
            "rels": [
                "direct"
            ],
            "relevance": 44
        },
        {
            "scheme": "http://cv.ap.org/id/",
            "code": "86aee4307dac10048901ba7fa5283c3e",
            "name": "Elections",
            "creator": "Machine",
            "rels": [
                "direct"
            ],
            "relevance": 72
        },
        {
            "scheme": "http://cv.ap.org/id/",
            "code": "86aad5207dac100488ecba7fa5283c3e",
            "name": "Politics",
            "creator": "Machine",
            "rels": [
                "direct"
            ],
            "relevance": 54
        },
        {
            "scheme": "http://cv.ap.org/id/",
            "code": "a4677d70863b4012b846a1b00f5079f5",
            "name": "U.S. news",
            "creator": "Editorial",
            "editorial_subject": "U.S. news",
            "rels": [
                "direct"
            ],
            "relevance": 99
        },
        {
            "scheme": "http://cv.ap.org/id/",
            "code": "f25af2d07e4e100484f5df092526b43e",
            "name": "General news",
            "creator": "Editorial",
            "editorial_subject": "General news",
            "rels": [
                "direct"
            ],
            "relevance": 50
        }
    ],
    "organisation": [
        {
            "scheme": "http://cv.ap.org/id/",
            "code": "bf6e2e80760d10048f8ae6e7a0f4673e",
            "name": "U.S. Republican Party",
            "creator": "Machine",
            "rels": [
                "direct"
            ],
            "relevance": 74
        },
        {
            "scheme": "http://cv.ap.org/id/",
            "code": "c05dca58760d10048f93e6e7a0f4673e",
            "name": "U.S. Democratic Party",
            "creator": "Machine",
            "rels": [
                "direct"
            ],
            "relevance": 52
        }
    ],
    "place": [
        {
            "scheme": "http://cv.ap.org/id/",
            "code": "211f453082c810048979df092526b43e",
            "name": "Madison",
            "creator": "Machine",
            "rels": [
                "direct"
            ],
            "parentids": [
                "1bc1bc3082c81004896cdf092526b43e"
            ],
            "locationtype": {
                "code": "9d26a20b35f0484a891740f8189d4c7b",
                "name": "City"
            },
            "geometry_geojson": {
                "type": "Point",
                "coordinates": [
                    -89.40123,
                    43.07305
                ]
            },
            "relevance": 63,
            "parentnames": [
                "Wisconsin"
            ]
        },
        {
            "scheme": "http://cv.ap.org/id/",
            "code": "1bc1bc3082c81004896cdf092526b43e",
            "name": "Wisconsin",
            "creator": "Machine",
            "rels": [
                "direct"
            ],
            "parentids": [
                "661e48387d5b10048291c076b8e3055c"
            ],
            "locationtype": {
                "code": "0ae5eb8e00e04295a4fc209c94bfe6ef",
                "name": "State"
            },
            "geometry_geojson": {
                "type": "Point",
                "coordinates": [
                    -90.00041,
                    44.50024
                ]
            },
            "relevance": 88,
            "parentnames": [
                "United States"
            ]
        }
    ],
    "audiences": [
        {
            "code": "82c6a4c46fa0446090a7acaf93159e4c",
            "name": "Print",
            "type": "AUDPLATFORM"
        },
        {
            "code": "9add4649b53b4702ba7d9de5d4fa607a",
            "name": "Online",
            "type": "AUDPLATFORM"
        },
        {
            "code": "f5b16ea8760d10048047e6e7a0f4673e",
            "name": "State",
            "type": "AUDSCOPE"
        },
        {
            "code": "1bc1bc3082c81004896cdf092526b43e",
            "name": "Wisconsin",
            "type": "AUDGEOGRAPHY"
        }
    ],
    "associations": {
        "1": {
            "altids": {
                "itemid": "cdf582357d9847e19699ccc7a4008745"
            },
            "type": "picture"
        },
        "2": {
            "altids": {
                "itemid": "3b18fd7bfa4f45ec807306e4281f1a95"
            },
            "type": "picture"
        },
        "3": {
            "altids": {
                "itemid": "eaa9fcd486f14eccb5a8839125cbe1ed"
            },
            "type": "picture"
        },
        "4": {
            "altids": {
                "itemid": "9c805a298c4a4ca59d438f5ccbe50945"
            },
            "type": "picture"
        },
        "5": {
            "altids": {
                "itemid": "f162b5bb008c48188dcbc02fe6850c74"
            },
            "type": "picture"
        },
        "6": {
            "altids": {
                "itemid": "f82fcd18bc8941db9671a548a5ffd056"
            },
            "type": "picture"
        },
        "7": {
            "altids": {
                "itemid": "0fa77a06d40044e09304a475a74496a6"
            },
            "type": "picture"
        }
    },
    "body_nitf": "<p>MADISON, Wis. (AP) \u2014 Democratic Wisconsin Gov. Tony Evers vowed in his State of the State speech Tuesday to veto any bill that would limit access to abortions, even as Republicans <a href=\"https://apnews.com/article/wisconsin-abortion-14-weeks-bill-referendum-b30271e482ffab0b19f50797bde6062c\">move forward with a measure</a> that would let voters weigh in on whether it should be banned after 14 weeks of pregnancy.</p><p>The speech comes as Evers and Republicans who control the Legislature have had some bipartisan successes, but continue to fight over redistricting, abortion, tax cuts, election administration and other key issues in a presidential election year.</p><p>Evers, like many Democrats nationwide, made abortion rights a focus of his winning 2022 campaign, and he returned to that theme again Tuesday. He noted that his opponent, Republican Tim Michels, supported banning abortions and lost.</p><p>\u201cI want to speak directly to women in Wisconsin tonight,\u201d Evers said. \u201cI will veto any bill that takes away your reproductive freedom or makes reproductive health care any less accessible in Wisconsin than it is today. Period.\u201d</p><p>Evers announced that enrollees in the state\u2019s BadgerCare Plus Medicaid program will have access to over-the-counter contraception, including emergency contraception, without a separate prescription. The medication will be provided without any out-of-pocket costs, Evers said.</p><p>Evers also renewed his pledge to fight efforts to make it more difficult to vote in the battleground state. Evers has vetoed a raft of Republican proposals over the past five years that seek to make changes to election administration in the state.</p><p>Evers said that in coming weeks he will be announcing new steps his administration is taking to increase voter turnout. He didn\u2019t reveal any details.</p><p>Evers also called on Republicans and Democrats to work together to address <a href=\"https://apnews.com/article/wisconsin-evers-legislature-child-care-special-session-3df1f2fbf34b5c7411d35b775d50c791\">Wisconsin's workforce shortages</a>, declaring 2024 the \"Year of the Worker.\"</p><p>The speech comes as the Evers enters his sixth year as governor working with a Republican-led Legislature. That majority is projected to be weakened under <a href=\"https://apnews.com/article/wisconsin-redistricting-supreme-court-republican-democrat-ddaf0fff5a2d91ddbefc4a85a30534ce\">new legislative maps ordered</a> by the Wisconsin Supreme Court after it ruled that the current Republican-drawn maps were unconstitutional.</p><p>Evers won reelection in 2022, part of a continuation of recent Democratic victories that include last year\u2019s spring election that flipped majority control of the state Supreme Court in favor of liberals.</p><p>Evers said the public's widespread support of abortion rights as shown in statewide and nationwide polls shows the importance of having maps that fairly reflect the population.</p><p>\u201cWhen elected officials gerrymander themselves into safe seats, they can comfortably ignore the overwhelming majority of Wisconsinites,\u201d Evers said.</p><p>In his speech delivered before lawmakers, members of the state Supreme Court, tribal leaders and others, Evers highlighted bipartisan successes in the past year, including an agreement on a <a href=\"https://apnews.com/article/milwaukee-brewers-american-family-field-repairs-c4a60cddc901fe1d8d5e8a40174837aa\">plan to pay for repairs to the Milwaukee Brewers' stadium</a> that will keep the team in Wisconsin through at least 2050.</p><p>But much partisan rancor remains and is growing.</p><p>Republicans have repeatedly tried, and failed, to get Evers to sign off on <a href=\"https://apnews.com/article/wisconsin-republicans-tax-cut-surplus-veto-384bf5ab8d9def710996390ffa7739e2\">multiple tax cut plans.</a> Republicans are also preparing for the Supreme Court to institute new maps that would <a href=\"https://apnews.com/article/wisconsin-redistricting-republicans-democrats-1111ff7ac58e112baa723839dab55079\">greatly weaken their majorities</a>. Evers has proposed his own map, along with lawmakers and others, which the court is considering.</p><p>Despite the divisions, Evers called on Republicans and Democrats to work together to address the state's worker shortages and a lack of affordable housing and child care.</p><p>Evers called for expanding paid family leave, an idea the <a href=\"https://apnews.com/article/politics-wisconsin-state-government-us-republican-party-tony-evers-55749595fc3a4908ecf798f13b157492\">Legislature rejected last year</a>, investing more in public education and coming up with a long-term solution to child care shortages. Republicans also rejected a plan from Evers last year to continue the Child Care Counts program, but <a href=\"https://apnews.com/article/wisconsin-child-care-subsidies-evers-d72bed2440d53e60e950577503106946\">he got around them</a> by allocating $170 million in pandemic relief funds to keep it running through June 2025.</p><p>\u201cRepublicans are officially on the clock to make the meaningful investments necessary to prevent the collapse of an industry that\u2019s essential for maintaining our current levels of workforce participation,\u201d Evers said.</p><p>Evers challenged Republicans to come up with alternate plans if they continue to reject his comprehensive workforce proposals as <a href=\"https://apnews.com/article/wisconsin-senate-tax-cut-child-care-e20646b8c78fc9db1d7fc4d475c1e4cd\">they have done twice</a> already.</p><p>\u201cI will work with any legislator, any partner, any stakeholder who\u2019s willing to engage in meaningful conversations on these issues to do the right thing for Wisconsin,\u201d Evers said in the excerpts. \u201cIn the meantime, my administration will continue to pursue every pathway and seek every avenue to address our workforce challenges without legislative action, just as we have for five years.\"</p><p>Evers also renewed his call for Republicans to <a href=\"https://apnews.com/article/pfas-pollution-groundwater-standards-dnr-rule-a81f3de671854994a51b89f90a231133\">release $125 million</a> in funding approved in the state budget to fight pollution from so-called forever chemical known as PFAS. He also called on them to spend more on mental health services statewide. Evers announced the creation of a new interagency council designed to reduce barriers and address gaps in mental health services.</p>",
    "textformat": "bx",
    "links": [
        {
            "href": "https://apnews.com/article/wisconsin-tony-evers-speech-19b92c6e0f61fc8c548ffbcbab26836d",
            "rel": "canonical"
        }
    ],
    "topics": {
        "Health": {
            "relevance_score": 3,
            "reason": "The document discusses various political issues addressed by Wisconsin Gov. Tony Evers in his State of the State speech, including abortion rights, voter turnout, workforce shortages, and mental health services. While the document does touch on health-related topics such as access to abortions, contraception, and mental health services, these are only part of a broader political context. The primary focus is on political and legislative actions rather than health itself."
        }
    }
}