﻿{
    "altids": {
        "itemid": "a3504af597f0d0edb8690670cd63f40a",
        "etag": "a3504af597f0d0edb8690670cd63f40a_0a4aza0c0",
        "friendlykey": "844073287880",
        "referenceid": "US--Marine Commandant-Surgery"
    },
    "version": 0,
    "type": "text",
    "urgency": 4,
    "profile": "Spot Development",
    "language": "en",
    "versioncreated": "2024-01-09T03:10:33Z",
    "firstcreated": "2024-01-09T03:10:32Z",
    "editorialrole": "FullStory",
    "pubstatus": "usable",
    "ednote": "Eds: UPDATES: With AP Photos.",
    "signals": [
        "newscontent"
    ],
    "title": "US--Marine Commandant-Surgery",
    "headline": "Marine commandant has open heart surgery, Corps says he will return to full duty",
    "headline_extended": "The Marine Corps says Gen. Eric Smith, the commandant, has had open heart surgery and is expected to return to full duty as the service's leader",
    "slugline": "AP-US--Marine Commandant-Surgery",
    "description_summary": "The Marine Corps says Gen. Eric Smith, the commandant, has had open heart surgery and is expected to return to full duty as the service's leader. Smith suffered cardiac arrest near his home at Marine Barracks Washington on Oct. 29, and was hospitalized. He had been confirmed as the new commandant on Sept. 21. The assistant commandant, Gen. Christopher Mahoney, has been serving as the acting head of the Marine Corps since Smith\u2019s hospitalization. The Marines said Smith underwent successful surgery Monday to repair a bicuspid aortic valve in his heart, which was the cause of his cardiac arrest. No date for his return was given.",
    "bylines": [
        {
            "by": "By LOLITA C. BALDOR",
            "title": "Associated Press"
        }
    ],
    "located": "WASHINGTON",
    "datelinelocation": {
        "city": "Washington",
        "countryareacode": "DC",
        "countryareaname": "District of Columbia",
        "countrycode": "USA",
        "countryname": "United States",
        "geometry_geojson": {
            "type": "Point",
            "coordinates": [
                -77.03637,
                38.89511
            ]
        }
    },
    "copyrightnotice": "Copyright 2024 The Associated Press. All rights reserved. This material may not be published, broadcast, rewritten or redistributed without permission.",
    "usageterms": [
        "This content is intended for editorial use only. For other uses, additional clearances may be required."
    ],
    "keywords": [
        "Marine commandant Smith heart surgery"
    ],
    "provider": "AP",
    "infosource": [
        {
            "name": "AP",
            "type": "AP"
        }
    ],
    "person": [
        {
            "scheme": "http://cv.ap.org/id/",
            "code": "8002c49354a941b49dfce4c4a87c0c4b",
            "name": "Eric Smith",
            "creator": "Machine",
            "rels": [
                "direct"
            ],
            "types": [
                "COLLEGE_ATHLETE",
                "SPORTS_FIGURE",
                "PERSON"
            ],
            "teams": [
                {
                    "code": "4792d47bf9184fcf9672df0148670c96",
                    "name": "Western Michigan Broncos"
                }
            ],
            "relevance": 91
        },
        {
            "scheme": "http://cv.ap.org/id/",
            "code": "84761b83e9ba6f4a8d21e0f023f264db",
            "name": "Tommy Tuberville",
            "creator": "Machine",
            "rels": [
                "direct"
            ],
            "types": [
                "SPORTS_MANAGEMENT",
                "SPORTS_FIGURE",
                "PERSON"
            ],
            "teams": [
                {
                    "code": "09f18097b3ee460a942405dae0286d1a",
                    "name": "Cincinnati Bearcats"
                }
            ],
            "relevance": 42
        }
    ],
    "subject": [
        {
            "rels": [
                "category"
            ],
            "creator": "Editorial",
            "code": "w",
            "name": "w"
        },
        {
            "scheme": "http://cv.ap.org/id/",
            "code": "c401bb8c13fb4888a3044f4e8008f5c5",
            "name": "Heart disease",
            "creator": "Machine",
            "rels": [
                "direct"
            ],
            "relevance": 36
        },
        {
            "scheme": "http://cv.ap.org/id/",
            "code": "c8e409f8858510048872ff2260dd383e",
            "name": "Business",
            "creator": "Machine",
            "rels": [
                "direct"
            ],
            "relevance": 62
        },
        {
            "scheme": "http://cv.ap.org/id/",
            "code": "cc7a76087e4e10048482df092526b43e",
            "name": "Health",
            "creator": "Machine",
            "rels": [
                "direct"
            ],
            "relevance": 49
        },
        {
            "scheme": "http://cv.ap.org/id/",
            "code": "468257dba1c848ca93ba314d4ce86539",
            "name": "Surgery",
            "creator": "Machine",
            "rels": [
                "direct"
            ],
            "relevance": 62
        },
        {
            "scheme": "http://cv.ap.org/id/",
            "code": "86aad5207dac100488ecba7fa5283c3e",
            "name": "Politics",
            "creator": "Machine",
            "rels": [
                "direct"
            ],
            "relevance": 85
        },
        {
            "scheme": "http://cv.ap.org/id/",
            "code": "abfca78268874726966cdad8c35c4ae3",
            "name": "Washington news",
            "creator": "Editorial",
            "editorial_subject": "Washington news",
            "rels": [
                "direct"
            ],
            "relevance": 99
        },
        {
            "scheme": "http://cv.ap.org/id/",
            "code": "f25af2d07e4e100484f5df092526b43e",
            "name": "General news",
            "creator": "Editorial",
            "editorial_subject": "General news",
            "rels": [
                "direct"
            ],
            "relevance": 50
        }
    ],
    "audiences": [
        {
            "code": "82c6a4c46fa0446090a7acaf93159e4c",
            "name": "Print",
            "type": "AUDPLATFORM"
        },
        {
            "code": "9add4649b53b4702ba7d9de5d4fa607a",
            "name": "Online",
            "type": "AUDPLATFORM"
        },
        {
            "code": "f43adc08760d10048040e6e7a0f4673e",
            "name": "National",
            "type": "AUDSCOPE"
        },
        {
            "code": "f4ecf9b0760d10048044e6e7a0f4673e",
            "name": "International",
            "type": "AUDSCOPE"
        },
        {
            "code": "661850e07d5b100481f5c076b8e3055c",
            "name": "Latin America and Caribbean",
            "type": "AUDGEOGRAPHY"
        },
        {
            "code": "661e48387d5b10048291c076b8e3055c",
            "name": "United States",
            "type": "AUDGEOGRAPHY"
        }
    ],
    "associations": {
        "1": {
            "altids": {
                "itemid": "d1fb1f1066e142e89b1ecdfdd2575438"
            },
            "type": "picture"
        }
    },
    "body_nitf": "<p>WASHINGTON (AP) \u2014 <a href=\"https://apnews.com/article/marine-commandant-biden-nomination-iraq-afghanistan-8a1704122edc25c388aa33980ff6592a\">Gen. Eric Smith</a>, the commandant of the Marine Corps, had open heart surgery Monday, and he is expected to return to full duty as the service's leader, the Corps said in a statement.</p><p>Smith suffered cardiac arrest near his home at Marine Barracks Washington on Oct. 29, and was hospitalized. He had been <a href=\"https://apnews.com/article/army-marines-senate-confirmation-tuberville-holds-561c0fedaf3d215d6581ff8538b18284\">confirmed as the new commandant</a> on Sept. 21. The assistant commandant, Gen. Christopher Mahoney, has been serving as the acting head of the Marine Corps since Smith's hospitalization.</p><p>The Marines said Smith underwent successful surgery to repair a bicuspid aortic valve in his heart, which was the cause of his cardiac arrest. No date was given for his return.</p><p>\u201cHe is in good condition and continues to recover at the hospital among family members and his doctors,\u201d the statement said. \u201cFollowing his rehabilitation, Gen. Smith will return to full duty status as Commandant.\u201d</p><p>Smith's cardiac arrest came just two days after he\u2019d talked about the stress of having to do the top two high-level jobs for the service because <a href=\"https://apnews.com/hub/tommy-tuberville\">Republican Sen. Tommy Tuberville</a> had blocked hundreds of military promotions and nominations for months. Tuberville is opposed to Pentagon policy paying for troops' travel for abortions and other reproductive care.</p><p>Under pressure from lawmakers on both sides of the political aisle, Tuberville ended his holds in December, allowing the Senate to confirm more than 435 nominations.</p>",
    "textformat": "bx",
    "links": [
        {
            "href": "https://apnews.com/article/marine-commandant-smith-heart-surgery-a3504af597f0d0edb8690670cd63f40a",
            "rel": "canonical"
        }
    ],
    "topics": {
        "Health": {
            "relevance_score": 4,
            "reason": "The document discusses the health condition of Gen. Eric Smith, specifically his cardiac arrest and subsequent open heart surgery. It provides details about his medical procedure, recovery, and expected return to duty. While the document also touches on related political issues, the primary focus is on Smith's health and medical treatment."
        }
    }
}