﻿{
    "altids": {
        "itemid": "24fa6acd90abcefdb5f5a2ef5de92786",
        "etag": "24fa6acd90abcefdb5f5a2ef5de92786_4a17aza0c0",
        "friendlykey": "620842504261",
        "referenceid": "US--Cookie Recall-Death"
    },
    "version": 4,
    "type": "text",
    "urgency": 4,
    "profile": "Spot Development",
    "language": "en",
    "versioncreated": "2024-01-25T22:22:22Z",
    "firstcreated": "2024-01-25T17:21:52Z",
    "editorialrole": "FullStory",
    "pubstatus": "usable",
    "ednote": "Eds: UPDATES: Adds that officials issued a new warning saying the cookies also contained eggs that weren't on the label. Adds details to lede and tweaks headline. With AP Photos.",
    "editorialtypes": [
        "Lead"
    ],
    "signals": [
        "newscontent"
    ],
    "title": "US--Cookie Recall-Death",
    "headline": "A New York dancer with a severe peanut allergy has died from eating mislabeled cookies",
    "headline_extended": "A 25-year-old professional dancer from England who moved to New York City to pursue her career has died after eating a mislabeled cookie containing peanuts",
    "slugline": "AP-US--Cookie Recall-Death, 4th Ld-Writethru",
    "description_summary": "A 25-year-old professional dancer from England who moved to New York City to pursue her career has died after eating a mislabeled cookie containing peanuts. The grocery retailer Stew Leonard\u2019s recalled hundreds of Vanilla Florentine Cookies sold in Connecticut stores in Danbury and Newington from Nov. 6 to Dec. 31. Officials say a New York resident died after eating them at a social gathering in Connecticut. That person was identified Thursday as 25-year-old dancer \u00d3rla Baxendale by a law firm representing her interests. Officials issued another alert Thursday saying the same cookies also contained eggs, which were not listed on the label.",
    "located": "HARTFORD, Conn.",
    "datelinelocation": {
        "city": "Hartford",
        "countryareacode": "CT",
        "countryareaname": "Connecticut",
        "countrycode": "USA",
        "countryname": "United States",
        "geometry_geojson": {
            "type": "Point",
            "coordinates": [
                -72.68509,
                41.76371
            ]
        }
    },
    "copyrightnotice": "Copyright 2024 The Associated Press. All rights reserved. This material may not be published, broadcast, rewritten or redistributed without permission.",
    "usageterms": [
        "This content is intended for editorial use only. For other uses, additional clearances may be required."
    ],
    "keywords": [
        "unlabeled cookies peanut death Connecticut New York"
    ],
    "provider": "AP",
    "infosource": [
        {
            "name": "AP",
            "type": "AP"
        }
    ],
    "subject": [
        {
            "rels": [
                "category"
            ],
            "creator": "Editorial",
            "code": "f",
            "name": "f"
        },
        {
            "rels": [
                "category"
            ],
            "creator": "Editorial",
            "code": "a",
            "name": "a"
        },
        {
            "rels": [
                "category"
            ],
            "creator": "Editorial",
            "code": "n",
            "name": "n"
        },
        {
            "scheme": "http://cv.ap.org/id/",
            "code": "c8e409f8858510048872ff2260dd383e",
            "name": "Business",
            "creator": "Machine",
            "rels": [
                "direct"
            ],
            "relevance": 84
        },
        {
            "scheme": "http://cv.ap.org/id/",
            "code": "02c8de008b301004867cbd945080b03e",
            "name": "Professional services",
            "creator": "Machine",
            "rels": [
                "direct"
            ],
            "relevance": 35
        },
        {
            "scheme": "http://cv.ap.org/id/",
            "code": "e2246d207de410048f8edf092526b43e",
            "name": "Allergies",
            "creator": "Machine",
            "rels": [
                "direct"
            ],
            "relevance": 55
        },
        {
            "scheme": "http://cv.ap.org/id/",
            "code": "c8e409f8858510048872ff2260dd383e",
            "name": "Business",
            "creator": "Editorial",
            "editorial_subject": "Business",
            "rels": [
                "direct"
            ],
            "relevance": 75
        },
        {
            "scheme": "http://cv.ap.org/id/",
            "code": "cc7a76087e4e10048482df092526b43e",
            "name": "Health",
            "creator": "Editorial",
            "editorial_subject": "Health",
            "rels": [
                "direct"
            ],
            "relevance": 75
        },
        {
            "scheme": "http://cv.ap.org/id/",
            "code": "a4677d70863b4012b846a1b00f5079f5",
            "name": "U.S. news",
            "creator": "Editorial",
            "editorial_subject": "U.S. news",
            "rels": [
                "direct"
            ],
            "relevance": 99
        },
        {
            "scheme": "http://cv.ap.org/id/",
            "code": "f25af2d07e4e100484f5df092526b43e",
            "name": "General news",
            "creator": "Editorial",
            "editorial_subject": "General news",
            "rels": [
                "direct"
            ],
            "relevance": 50
        }
    ],
    "place": [
        {
            "scheme": "http://cv.ap.org/id/",
            "code": "a42dc0a082af100482a7df092526b43e",
            "name": "Connecticut",
            "creator": "Machine",
            "rels": [
                "direct"
            ],
            "parentids": [
                "661e48387d5b10048291c076b8e3055c"
            ],
            "locationtype": {
                "code": "0ae5eb8e00e04295a4fc209c94bfe6ef",
                "name": "State"
            },
            "geometry_geojson": {
                "type": "Point",
                "coordinates": [
                    -72.66648,
                    41.66704
                ]
            },
            "relevance": 55,
            "parentnames": [
                "United States"
            ]
        },
        {
            "scheme": "http://cv.ap.org/id/",
            "code": "b58f18a082c6100487fbdf092526b43e",
            "name": "New York",
            "creator": "Machine",
            "rels": [
                "direct"
            ],
            "parentids": [
                "661e48387d5b10048291c076b8e3055c"
            ],
            "locationtype": {
                "code": "0ae5eb8e00e04295a4fc209c94bfe6ef",
                "name": "State"
            },
            "geometry_geojson": {
                "type": "Point",
                "coordinates": [
                    -75.4999,
                    43.00035
                ]
            },
            "relevance": 84,
            "parentnames": [
                "United States"
            ]
        }
    ],
    "audiences": [
        {
            "code": "82c6a4c46fa0446090a7acaf93159e4c",
            "name": "Print",
            "type": "AUDPLATFORM"
        },
        {
            "code": "9add4649b53b4702ba7d9de5d4fa607a",
            "name": "Online",
            "type": "AUDPLATFORM"
        },
        {
            "code": "f43adc08760d10048040e6e7a0f4673e",
            "name": "National",
            "type": "AUDSCOPE"
        },
        {
            "code": "f4ecf9b0760d10048044e6e7a0f4673e",
            "name": "International",
            "type": "AUDSCOPE"
        },
        {
            "code": "f5b16ea8760d10048047e6e7a0f4673e",
            "name": "State",
            "type": "AUDSCOPE"
        },
        {
            "code": "661850e07d5b100481f5c076b8e3055c",
            "name": "Latin America and Caribbean",
            "type": "AUDGEOGRAPHY"
        },
        {
            "code": "a42dc0a082af100482a7df092526b43e",
            "name": "Connecticut",
            "type": "AUDGEOGRAPHY"
        },
        {
            "code": "b836d07082c610048807df092526b43e",
            "name": "New York City",
            "type": "AUDGEOGRAPHY"
        },
        {
            "code": "b58f18a082c6100487fbdf092526b43e",
            "name": "New York",
            "type": "AUDGEOGRAPHY"
        },
        {
            "code": "661e48387d5b10048291c076b8e3055c",
            "name": "United States",
            "type": "AUDGEOGRAPHY"
        }
    ],
    "associations": {
        "1": {
            "altids": {
                "itemid": "b555fdd12160467ca778b8671c04a6ff"
            },
            "type": "picture"
        },
        "2": {
            "altids": {
                "itemid": "e0f2e8f610e5448897b386598e9d43b8"
            },
            "type": "picture"
        },
        "3": {
            "altids": {
                "itemid": "da0db6c06d8841d7b339661efec6bc74"
            },
            "type": "picture"
        },
        "4": {
            "altids": {
                "itemid": "de5cd21f35ed491b987eac2233805f41"
            },
            "type": "picture"
        },
        "5": {
            "altids": {
                "itemid": "1dc8ce47809549bfa167e0fd39ff1198"
            },
            "type": "picture"
        }
    },
    "body_nitf": "<p>HARTFORD, Conn. (AP) \u2014 A 25-year-old professional dancer from England who moved to New York City to pursue her career has died after eating a mislabeled cookie containing peanuts, part of a batch that has since been recalled.</p><p>The grocery retailer Stew Leonard\u2019s announced Tuesday that Vanilla Florentine Cookies sold in its stores in Danbury and Newington in Connecticut from Nov. 6 to Dec. 31 were being recalled in partnership with the Food and Drug Administration. The company said about 500 packages of the holiday cookies were sold.</p><p>The person who died was identified as \u00d3rla Baxendale, a law firm representing her interests said Thursday.</p><p>\u201cHer passion for dance extended well beyond a single discipline as she was an exquisite ballet, contemporary, and Irish step dancer,\u201d read an <a href=\"https://everloved.com/life-of/orla-baxendale/obituary/\">online obituary</a> for Baxendale, who was born in East Lancashire.</p><p>She died Jan. 11 after suffering anaphylactic shock <a href=\"https://www.newyorkpersonalinjuryattorneysblog.com/statement-from-our-attorneys-on-the-passing-of-orla-baxendale/\">resulting from a severe allergic reaction</a>, according to a post on the website for Gair, Gair, Conason, Rubinowitz, Bloom, Hershenhorn, Steigman & Mackauf.</p><p>The cookies contained peanuts as an unlisted ingredient and Baxendale ate them at a social gathering in Connecticut, state health and consumer protection officials said. On Thursday, authorities issued another alert saying the same cookies also contained eggs, which also were not listed on the label and can cause allergic reactions for some.</p><p>The cookies were produced by the Long Island-based wholesaler Cookies United and labeled with the Stew Leonard\u2019s brand name, according to state officials.</p><p>Stew Leonard Jr., the retailer's president and CEO, said <a href=\"https://stewleonards.com/press-releases/statement-from-stew-leonard-jr-january-24-2024/\">in a video</a> posted Wednesday that the supplier went from soy nuts to peanuts in the recipe without notifying their chief safety officer.</p><p>Cookies United said in a release that they notified Stew Leonard\u2019s last July that the product contained peanuts and that all products shipped to the retailer had been labeled accordingly. Cookies United said the incorrect label was created by Stew Leonard\u2019s.</p><p>Peanuts and eggs are among nine major food allergens identified in federal law that requires such ingredients to be listed on food packaging.</p>",
    "textformat": "bx",
    "links": [
        {
            "href": "https://apnews.com/article/unlabeled-cookies-peanut-death-connecticut-new-york-24fa6acd90abcefdb5f5a2ef5de92786",
            "rel": "canonical"
        }
    ],
    "topics": {
        "Health": {
            "relevance_score": 5,
            "reason": "The document discusses the death of a dancer due to an allergic reaction from mislabeled cookies, which involves health-related issues such as food allergies, anaphylactic shock, and the importance of accurate food labeling. These topics are directly relevant to health as they pertain to public safety, consumer protection, and the management of severe allergies."
        }
    }
}