﻿{
    "altids": {
        "itemid": "cad48dfe9ca84c89717c0052c83dc9fc",
        "etag": "cad48dfe9ca84c89717c0052c83dc9fc_1a2aza0c0",
        "friendlykey": "351000820710",
        "referenceid": "PA--Solitary Confinement-Lawsuit"
    },
    "version": 1,
    "type": "text",
    "urgency": 4,
    "profile": "Spot Development",
    "language": "en",
    "versioncreated": "2024-03-04T18:18:32Z",
    "firstcreated": "2024-03-04T18:11:19Z",
    "editorialrole": "FullStory",
    "pubstatus": "usable",
    "ednote": "Eds: UPDATES: Updates Media.",
    "editorialtypes": [
        "Lead"
    ],
    "signals": [
        "newscontent"
    ],
    "title": "PA--Solitary Confinement-Lawsuit",
    "headline": "Mental health concerns prompt lawsuit to end indefinite solitary confinement in Pennsylvania",
    "headline_extended": "Arguing that solitary confinement worsens mental health crises and violates Constitutional rights, six people incarcerated at prisons throughout Pennsylvania have filed a federal class action lawsuit seeking to end indefinite use of the practice",
    "slugline": "BC-PA--Solitary Confinement-Lawsuit, 1st Ld-Writethru",
    "description_summary": "Arguing that solitary confinement worsens mental health crises and violates Constitutional rights, six people incarcerated at prisons throughout Pennsylvania have filed a federal class action lawsuit seeking to end indefinite use of the practice. The lawsuit was filed Monday. Lawyers for the six plaintiffs say it's the first case of its kind to challenge indefinite solitary confinement and the use of solitary confinement for anyone with a mental health diagnosis. A number of lawsuits nationally have targeted the conditions of solitary confinement. A state House of Representatives judiciary committee hearing on Tuesday is expected to focus on the use of it.",
    "bylines": [
        {
            "by": "By BROOKE SCHULTZ",
            "title": "Associated Press/Report for America"
        }
    ],
    "copyrightnotice": "Copyright 2024 The Associated Press. All rights reserved. This material may not be published, broadcast, rewritten or redistributed without permission.",
    "usageterms": [
        "This content is intended for editorial use only. For other uses, additional clearances may be required."
    ],
    "keywords": [
        "Pennsylvania solitary confinement lawsuit"
    ],
    "provider": "AP",
    "infosource": [
        {
            "name": "AP",
            "type": "AP"
        }
    ],
    "subject": [
        {
            "rels": [
                "category"
            ],
            "creator": "Editorial",
            "code": "n",
            "name": "n"
        },
        {
            "scheme": "http://cv.ap.org/id/",
            "code": "e231c7187de410048fd7df092526b43e",
            "name": "Mental health",
            "creator": "Machine",
            "rels": [
                "direct"
            ],
            "relevance": 59
        },
        {
            "scheme": "http://cv.ap.org/id/",
            "code": "4c96e8e92e0441579dbce2f9e8d06493",
            "name": "Prisons",
            "creator": "Machine",
            "rels": [
                "direct"
            ],
            "relevance": 48
        },
        {
            "scheme": "http://cv.ap.org/id/",
            "code": "5898d3303b1e4dfc9e4ae39ed34f3378",
            "name": "Lawsuits",
            "creator": "Machine",
            "rels": [
                "direct"
            ],
            "relevance": 91
        },
        {
            "scheme": "http://cv.ap.org/id/",
            "code": "4626a38a1b52454ca5d01755d14f1dc9",
            "name": "Legal proceedings",
            "creator": "Machine",
            "rels": [
                "direct"
            ],
            "relevance": 80
        },
        {
            "scheme": "http://cv.ap.org/id/",
            "code": "a4677d70863b4012b846a1b00f5079f5",
            "name": "U.S. news",
            "creator": "Editorial",
            "editorial_subject": "U.S. news",
            "rels": [
                "direct"
            ],
            "relevance": 99
        },
        {
            "scheme": "http://cv.ap.org/id/",
            "code": "f25af2d07e4e100484f5df092526b43e",
            "name": "General news",
            "creator": "Editorial",
            "editorial_subject": "General news",
            "rels": [
                "direct"
            ],
            "relevance": 50
        }
    ],
    "place": [
        {
            "scheme": "http://cv.ap.org/id/",
            "code": "0b394d7082c71004887fdf092526b43e",
            "name": "Pennsylvania",
            "creator": "Machine",
            "rels": [
                "direct"
            ],
            "parentids": [
                "661e48387d5b10048291c076b8e3055c"
            ],
            "locationtype": {
                "code": "0ae5eb8e00e04295a4fc209c94bfe6ef",
                "name": "State"
            },
            "geometry_geojson": {
                "type": "Point",
                "coordinates": [
                    -76.90567,
                    40.27245
                ]
            },
            "relevance": 70,
            "parentnames": [
                "United States"
            ]
        }
    ],
    "audiences": [
        {
            "code": "82c6a4c46fa0446090a7acaf93159e4c",
            "name": "Print",
            "type": "AUDPLATFORM"
        },
        {
            "code": "9add4649b53b4702ba7d9de5d4fa607a",
            "name": "Online",
            "type": "AUDPLATFORM"
        },
        {
            "code": "f5b16ea8760d10048047e6e7a0f4673e",
            "name": "State",
            "type": "AUDSCOPE"
        },
        {
            "code": "0b394d7082c71004887fdf092526b43e",
            "name": "Pennsylvania",
            "type": "AUDGEOGRAPHY"
        }
    ],
    "associations": {
        "1": {
            "altids": {
                "itemid": "a66179e8f79c46fd955b72ca4c07ca0b"
            },
            "type": "picture"
        }
    },
    "body_nitf": "<p>Arguing that solitary confinement worsens mental health crises and violates Constitutional rights, six people incarcerated at prisons throughout Pennsylvania filed a federal class action lawsuit Monday seeking to end indefinite use of the practice.</p><p>Lawyers for the six plaintiffs say it is the first case of its kind to challenge indefinite solitary confinement and the use of solitary confinement for anyone with a mental health diagnosis. Lawyers are also seeking compensatory and punitive damages for the plaintiffs.</p><p>A similar suit was filed in <a href=\"https://apnews.com/article/pennsylvania-solitary-confinement-prison-lawsuit-6bd0940414a88add1171df708dc6f0ca\">October 2023,</a> with incarcerated people at the Department of Corrections\u2019 State Correctional Institution at Fayette arguing that the solitary confinement practices there worsened and created mental health crises based on secret evidence.</p><p>A number of lawsuits nationally have targeted the conditions of solitary confinement, saying the treatment of incarcerated people there has led to psychiatric episodes of <a href=\"https://apnews.com/article/health-prisons-lawsuits-tennessee-nashville-80de8f13a9cf3c5efe9e3f52ee1724bd\">self-mutilation</a> and <a href=\"https://apnews.com/article/indiana-jail-inmate-dies-isolation-cell-lawsuit-38e7f07be560a3afc7015864206995a0\">death</a> due to lack of adequate care.</p><p>In Pennsylvania, legislation seeking to reform the practice and protect vulnerable populations has been introduced. A state House of Representatives <a href=\"https://www.legis.state.pa.us/cfdocs/cteeInfo/Index.cfm?CteeBody=H&Code=60\">judiciary committee hearing</a> Tuesday is expected to focus on the use of it.</p><p>The federal suit filed in the Eastern District of Pennsylvania against the state Department of Corrections argues that people incarcerated have suffered from increased mental health struggles. Some have been in solitary confinement for up to 12 years consecutively. The six inmates are incarcerated at six different facilities.</p><p>A spokesperson for the state Department of Corrections declined comment, saying the agency does not comment on litigation.</p><p>Lawyers say the state Department of Corrections is violating the constitutional rights of those incarcerated and is discriminatory by punishing people for symptoms of mental illness.</p><p>In solitary, people are confined to their cell for a majority of the day, with limited time for visitation or to leave their cell. If they do leave their cells, they are often restrained. They have limited access to hot water for showering. Fluorescent lights are on in their cells constantly, making it difficult to sleep. The environment is loud, with slamming steel doors and screaming of people having mental health crises.</p><p>The complaint alleges that mental health visits are not private, are conducted through the food slot in the steel doors and only last seconds.</p><p>Many of the plaintiffs have harmed themselves or attempted suicide while in solitary confinement, according to the complaint.</p><p>Khalil Hammond, a 35-year-old plaintiff, has spent 12 years in solitary. He is currently incarcerated at the State Correctional Institution at Phoenix in Collegeville, Pennsylvania. Hammond has a history of mental illness, which has worsened in confinement. He has attempted suicide eight times, according to the complaint.</p><p>He is unable to participate in programming to become eligible for parole and has not been able to connect often with his family. He is not able to marry his fianc\u00e9 while in solitary.</p><p>\u201cSolitary confinement is killing us. If you didn\u2019t have mental health issues before going in, you do once you\u2019re in the hole,\u201d he said in a statement. \u201cImagine being locked in a cage for years and years without ever knowing when you\u2019ll get out.\u201d</p><p>Malika Henderson, 29, has been in solitary confinement for 22 months consecutively. She is incarcerated at State Correctional Institution at Muncy. She\u2019s spent about six years cumulatively in solitary confinement.</p><p>After her grandmother died in February and she was unable to attend funeral services virtually, she attempted suicide, the complaint states.</p><p>\u201cBeing in solitary confinement away from your loved ones and family is devastating,\u201d she said in a statement. \u201cI\u2019m suffering but I know with this lawsuit I\u2019m not just fighting for me, I\u2019m fighting for the thousands of men and women who are in solitary just like me and who need to get out.\u201d</p><p>Saleem Holbrook, executive director of the Abolitionist Law Center, one of the law firms involved in the case, called it a historic filing.</p><p>\u201cEnding solitary confinement is necessary on grounds of humanity and as a matter of public health,\u201d Holbrook said in a statement. \u201cThe damage and devastation incarcerated people experience in solitary confinement has long-term and widespread consequences impacting individuals, families, and the communities those individuals return home to.\u201d</p>",
    "textformat": "bx",
    "links": [
        {
            "href": "https://apnews.com/article/pennsylvania-solitary-confinement-lawsuit-cad48dfe9ca84c89717c0052c83dc9fc",
            "rel": "canonical"
        }
    ],
    "topics": {
        "Health": {
            "relevance_score": 5,
            "reason": "The document discusses the mental health impacts of solitary confinement on incarcerated individuals in Pennsylvania, including worsening mental health crises, self-harm, and suicide attempts. It also mentions the legal actions being taken to address these health concerns. The focus on mental health and the conditions that exacerbate it makes the document highly relevant to the topic of health."
        }
    }
}