﻿{
    "altids": {
        "itemid": "b2ea543cfaf7a52b71ac3fbdf4a19cfa",
        "etag": "b2ea543cfaf7a52b71ac3fbdf4a19cfa_2a22aza0c0",
        "friendlykey": "375908614036",
        "referenceid": "EU--Britain-Royals"
    },
    "version": 2,
    "type": "text",
    "urgency": 4,
    "profile": "Spot Development",
    "language": "en",
    "versioncreated": "2024-01-18T19:00:09Z",
    "firstcreated": "2024-01-18T13:21:32Z",
    "editorialrole": "FullStory",
    "pubstatus": "usable",
    "ednote": "Eds: UPDATES: This story has been updated with more details, hyperlinks and the wider implications for the monarchy, and to add audio files.; Updates Media.",
    "editorialtypes": [
        "Lead"
    ],
    "signals": [
        "newscontent"
    ],
    "title": "EU--Britain-Royals",
    "headline": "Health announcements about King Charles III and Kate mark a departure for the tight-lipped UK royals",
    "headline_extended": "The double health announcements from Britain\u2019s royal family have put a spotlight on the private lives of the U.K.\u2018s senior royals",
    "slugline": "BC-EU-Britain-Royals, 2nd Ld-Writethru",
    "description_summary": "The double health announcements from Britain\u2019s royal family have put a spotlight on the private lives of the U.K.\u2018s senior royals. Officials say the Princess of Wales has had abdominal surgery, while King Charles III is to have prostate treatment. Details of royal health are always a tricky issue in Britain, because members of the royal family are private individuals but also, in a sense, public property. Charles is head of state, and Kate is destined to be queen when her husband Prince William succeeds his father on the throne. Some royal observers saw the announcements as a sign that the monarchy is adapting to modern communications after centuries of staying tight-lipped about health matters.",
    "bylines": [
        {
            "by": "By SYLVIA HUI and JILL LAWLESS",
            "title": "Associated Press"
        }
    ],
    "located": "LONDON",
    "datelinelocation": {
        "city": "London",
        "countrycode": "GBR",
        "countryname": "United Kingdom",
        "geometry_geojson": {
            "type": "Point",
            "coordinates": [
                -0.12574,
                51.50853
            ]
        }
    },
    "copyrightnotice": "Copyright 2024 The Associated Press. All rights reserved. This material may not be published, broadcast, rewritten or redistributed without permission.",
    "usageterms": [
        "This content is intended for editorial use only. For other uses, additional clearances may be required."
    ],
    "keywords": [
        "kate hospitalized prince william royal health wales"
    ],
    "provider": "AP",
    "infosource": [
        {
            "name": "AP",
            "type": "AP"
        }
    ],
    "person": [
        {
            "scheme": "http://cv.ap.org/id/",
            "code": "f8955706b58c4b71901d46201750aa48",
            "name": "King Charles III",
            "creator": "Machine",
            "rels": [
                "direct"
            ],
            "types": [
                "GOVERNMENT_FIGURE",
                "PERSON",
                "ROYALTY"
            ],
            "relevance": 82
        },
        {
            "scheme": "http://cv.ap.org/id/",
            "code": "27d3bc69a271433992a500bc68c4eb60",
            "name": "Camilla, the queen consort",
            "creator": "Machine",
            "rels": [
                "direct"
            ],
            "types": [
                "ROYALTY",
                "PERSON"
            ],
            "relevance": 42
        }
    ],
    "subject": [
        {
            "rels": [
                "category"
            ],
            "creator": "Editorial",
            "code": "l",
            "name": "l"
        },
        {
            "rels": [
                "category"
            ],
            "creator": "Editorial",
            "code": "i",
            "name": "i"
        },
        {
            "rels": [
                "category"
            ],
            "creator": "Editorial",
            "code": "e",
            "name": "e"
        },
        {
            "scheme": "http://cv.ap.org/id/",
            "code": "e23f21107de410048036df092526b43e",
            "name": "Death and dying",
            "creator": "Machine",
            "rels": [
                "direct"
            ],
            "relevance": 37
        },
        {
            "scheme": "http://cv.ap.org/id/",
            "code": "cc7a76087e4e10048482df092526b43e",
            "name": "Health",
            "creator": "Machine",
            "rels": [
                "direct"
            ],
            "relevance": 51
        },
        {
            "scheme": "http://cv.ap.org/id/",
            "code": "e24779c87de410048069df092526b43e",
            "name": "Men's health",
            "creator": "Machine",
            "rels": [
                "direct"
            ],
            "relevance": 67
        },
        {
            "scheme": "http://cv.ap.org/id/",
            "code": "90aeac5089ef10048f63d56c852d093e",
            "name": "Royalty",
            "creator": "Machine",
            "rels": [
                "direct"
            ],
            "relevance": 93
        },
        {
            "scheme": "http://cv.ap.org/id/",
            "code": "cc7a76087e4e10048482df092526b43e",
            "name": "Health",
            "creator": "Editorial",
            "editorial_subject": "Health",
            "rels": [
                "direct"
            ],
            "relevance": 75
        },
        {
            "scheme": "http://cv.ap.org/id/",
            "code": "3e37e4b87df7100483d5df092526b43e",
            "name": "Lifestyle",
            "creator": "Editorial",
            "editorial_subject": "Lifestyle",
            "rels": [
                "direct"
            ],
            "relevance": 75
        },
        {
            "scheme": "http://cv.ap.org/id/",
            "code": "16cb0ba3e6d24d97ace39f5a1924669a",
            "name": "Entertainment",
            "creator": "Editorial",
            "editorial_subject": "Entertainment",
            "rels": [
                "direct"
            ],
            "relevance": 75
        },
        {
            "scheme": "http://cv.ap.org/id/",
            "code": "bb2d2c5f441a452cb24bb511a2ab5eea",
            "name": "World news",
            "creator": "Editorial",
            "editorial_subject": "World news",
            "rels": [
                "direct"
            ],
            "relevance": 99
        },
        {
            "scheme": "http://cv.ap.org/id/",
            "code": "f25af2d07e4e100484f5df092526b43e",
            "name": "General news",
            "creator": "Editorial",
            "editorial_subject": "General news",
            "rels": [
                "direct"
            ],
            "relevance": 50
        }
    ],
    "place": [
        {
            "scheme": "http://cv.ap.org/id/",
            "code": "e293fee87d6b10048fe8ba7fa5283c3e",
            "name": "Wales",
            "creator": "Machine",
            "rels": [
                "direct"
            ],
            "parentids": [
                "66219fb07d5b100482e2c076b8e3055c"
            ],
            "locationtype": {
                "code": "d83e15f769714aab9d49a03eab919128",
                "name": "Constituent country"
            },
            "geometry_geojson": {
                "type": "Point",
                "coordinates": [
                    -3.5,
                    52.5
                ]
            },
            "relevance": 83,
            "parentnames": [
                "United Kingdom"
            ]
        },
        {
            "scheme": "http://cv.ap.org/id/",
            "code": "66219fb07d5b100482e2c076b8e3055c",
            "name": "United Kingdom",
            "creator": "Machine",
            "rels": [
                "direct"
            ],
            "parentids": [
                "661850e07d5b100481f4c076b8e3055c"
            ],
            "locationtype": {
                "code": "01f56e0e654841eca2e69bf2cbcc0526",
                "name": "Nation"
            },
            "geometry_geojson": {
                "type": "Point",
                "coordinates": [
                    -4,
                    54
                ]
            },
            "relevance": 94,
            "parentnames": [
                "Europe"
            ]
        }
    ],
    "audiences": [
        {
            "code": "82c6a4c46fa0446090a7acaf93159e4c",
            "name": "Print",
            "type": "AUDPLATFORM"
        },
        {
            "code": "9add4649b53b4702ba7d9de5d4fa607a",
            "name": "Online",
            "type": "AUDPLATFORM"
        },
        {
            "code": "f43adc08760d10048040e6e7a0f4673e",
            "name": "National",
            "type": "AUDSCOPE"
        },
        {
            "code": "f4ecf9b0760d10048044e6e7a0f4673e",
            "name": "International",
            "type": "AUDSCOPE"
        },
        {
            "code": "661850e07d5b100481f4c076b8e3055c",
            "name": "Europe",
            "type": "AUDGEOGRAPHY"
        },
        {
            "code": "661e48387d5b10048291c076b8e3055c",
            "name": "United States",
            "type": "AUDGEOGRAPHY"
        }
    ],
    "associations": {
        "1": {
            "altids": {
                "itemid": "f63ef01c61144a34ab1da0656aa5f2f4"
            },
            "type": "picture"
        },
        "2": {
            "altids": {
                "itemid": "ee96f4ed358d4e569330477679e2729e"
            },
            "type": "picture"
        },
        "3": {
            "altids": {
                "itemid": "4f19b7a716184b8b9e5de93266d9f51b"
            },
            "type": "picture"
        },
        "4": {
            "altids": {
                "itemid": "2074161478854a2e88364e23936a22c7"
            },
            "type": "picture"
        },
        "5": {
            "altids": {
                "itemid": "add3ba609e654a53b1390c97512cce35"
            },
            "type": "picture"
        },
        "6": {
            "altids": {
                "itemid": "26e60ed1cd31408c812b51234a215e77"
            },
            "type": "picture"
        },
        "7": {
            "altids": {
                "itemid": "23884a7b81cd41f486b7349558231031"
            },
            "type": "picture"
        },
        "8": {
            "altids": {
                "itemid": "8a81320bdd0b400b9a9d876e22a74f32"
            },
            "type": "picture"
        },
        "9": {
            "altids": {
                "itemid": "87e5dba4656c401286e4ecc886bc3cfd"
            },
            "type": "picture"
        },
        "10": {
            "altids": {
                "itemid": "6e2cce177ce84bca93602f6ec969170d"
            },
            "type": "picture"
        }
    },
    "body_nitf": "<p>LONDON (AP) \u2014 The <a href=\"https://apnews.com/article/kate-princess-of-wales-operation-uk-royals-eea1a111a295152b8820b94fd257c12d\">double health announcements</a> from the United Kingdom's royal family \u2014 on Kate, the Princess of Wales' abdominal surgery and <a href=\"https://apnews.com/hub/king-charles-iii\">King Charles III</a> 's prostate treatment \u2014 have put a spotlight on the private lives of senior royals.</p><p>Details of royal health are always a tricky issue in the U.K., because members of the monarchy are private individuals but also, in a sense, public property. Charles, 75, is head of state, and Kate, 42, is destined to be queen when her husband <a href=\"https://apnews.com/hub/prince-william\">Prince William</a> succeeds his father on the throne.</p><p>The brief media statements on the health scares were so unusual that they dominated Thursday\u2019s newspaper front pages, with headlines calling them \u201croyal health bombshells.\u201d</p><p>The disclosure of Charles' and Kate's health details was seen by some royal observers as a sign that the monarchy is adapting to modern communications after centuries of staying tight-lipped about health matters.</p><hl2>WHAT WAS ANNOUNCED?</hl2><p>Royal officials announced Wednesday that Kate had undergone \u201cplanned\u201d abdominal surgery and was expected to remain in The London Clinic, a private hospital, for 10 to 14 days. She isn't expected to resume public duties until April.</p><p>The princess\u2019 office at Kensington Palace didn\u2019t offer further details, but said that her condition wasn\u2019t cancerous. Though she has generally experienced good health and is seen as fit and sporty, Kate was hospitalized during her pregnancies because of severe morning sickness.</p><p>William also has postponed some official duties so that he can devote time to his wife and their three children. He visited his wife on Thursday, and British media reported that the <a href=\"https://apnews.com/hub/kate-middleton\">Princess of Wales</a> was \u201cdoing well.\u201d</p><p>Soon after the announcement of Kate\u2019s hospitalization, Buckingham Palace said that Charles will undergo a \u201ccorrective procedure\u201d for an enlarged prostate next week. The palace said the king\u2019s condition is benign. Queen Camilla said Thursday that Charles was \u201cfine\u201d and \u201clooking forward to getting back to work.\u201d</p><hl2>A HISTORY OF SECRECY</hl2><p>When U.K. monarchs had real power, news of illness was withheld for fear it might weaken their authority. The habit of secrecy lingered after royals became constitutional figureheads.</p><p>The British public wasn't told that Charles' grandfather, King George VI, had lung cancer before his death in February 1952 at the age of 56, and some historians have claimed that the king himself wasn't told he was terminally ill. The public death announcement said only that the king had \u201cpassed peacefully away in his sleep.\u201d</p><p>His father, King George V, died in 1936 after suffering from heart and lung disease. A half-century later, diary extracts were published revealing that the king\u2019s physician had injected the terminally ill monarch with morphine and cocaine to speed his death \u2014 partly so it could be announced in the morning newspapers \u201crather than the less appropriate evening journals.\u201d</p><hl2>GREATER OPENNESS?</hl2><p>The U.K. and international media have been focused on the health of Britain\u2019s senior royals in recent years as the late Queen Elizabeth II faded from public view during the last months of her 70-year reign.</p><p>Even then, few specific details were released about the late monarch\u2019s condition. The public was told only that the queen was suffering from \u201cmobility issues.\u201d The cause of her death in September 2022 at the age of 96 was listed on the death certificate simply as \u201cold age.\u201d</p><p>Wednesday's announcements gave more details than the public would have expected in the past.</p><p>Some royal experts said that while the latest statement on Kate was coy and shrouded in some secrecy, the one on Charles showed that the monarch was keen to try a new and more open kind of communication.</p><p>The publicity was seen as a decision by Charles to help boost awareness of prostate health, and encourage other men to have their prostates checked.</p><p>\u201cI think it symbolizes the kind of campaigning king that Charles is \u2014 he wants to put this issue on the agenda by being quite open and candid,\u201d Ed Owens, a royal historian and author, told The Associated Press. \u201cWe know that King Charles wants to talk about issues of personal significance \u2014 and there's nothing more significant or personal to him than his health.\u201d</p><p>Releasing the news about both royals on the same day was also about news management, Owens added. While Kate's condition sounded more serious, the king's can be seen as a \u201cpositive news story to complement a more complicated one in the case of Catherine's health,\u201d he said.</p><p>\u201cIt means that we haven\u2019t got the story rolling on about what exactly (Kate's) been suffering from. Rather, we are instead talking about King Charles III and him wanting to set a good example to other men his age,\u201d Owens said.</p><hl2>\u2018KING\u2019S PUBLIC HEALTH MESSAGE'</hl2><p>One headline dubbed the release of Charles\u2019 health details the \u201cKing\u2019s public health message.\u201d It's worked: Prostate Cancer UK, a charity that promotes public awareness of prostate health, says there has been a surge of interest in its work thanks to the royal announcements.</p><p>\u201cWe have been receiving lots of calls from men and women that are concerned about them and their loved ones, wanting to talk about their prostate problems and signs and symptoms,\u201d said Sophie Smith, a senior specialist nurse at the charity.</p><p>An enlarged prostate is common in men over age 50. The condition affects how one urinates, and isn\u2019t usually a serious health threat. It\u2019s not cancer and doesn\u2019t lead to an increased risk of developing prostate cancer.</p><p>\u201cIt\u2019s about getting that conversation started,\" Smith added. \u201cWe know that men often don\u2019t talk about it, they don\u2019t sit with their mates and say, \u2018I\u2019ve getting problems going to the toilet.\u2019 It\u2019s something quite personal, a bit taboo.\u201d</p><hl2>WIDER IMPLICATIONS</hl2><p>While Charles's condition wasn't worrying, the announcements that the monarch, Kate and William would all be out of action in one way or another in the coming days did lead to larger questions about what happens to matters of state in more serious cases.</p><p>This is especially of interest because Charles presides over a much more \u201cslimmed-down\u201d monarchy than his predecessors, with just four royals under 65 years old: William, Kate, Charles's younger brother Prince Edward and his wife Sophie.</p><p>When monarchs can't undertake their duties on a temporary basis, \u201cCounsellors of State,\u201d who include senior royals like Queen Camilla and Prince Harry, can stand in and deputize if needed.</p><p>\u201cIt points to a fundamental question \u2014 how does the king get the monarchy ready for the middle of the 21st century with this smaller family in tow?\" Owens said. \u201cI think it points to the fact that he has to reduce the amount of engagements, the amount of work that is being undertaken by this family.\u201d</p>",
    "textformat": "bx",
    "links": [
        {
            "href": "https://apnews.com/article/kate-hospitalized-prince-william-royal-health-wales-b2ea543cfaf7a52b71ac3fbdf4a19cfa",
            "rel": "canonical"
        }
    ],
    "topics": {
        "Health": {
            "relevance_score": 5,
            "reason": "The document is highly relevant to the topic of health as it discusses the health conditions and medical treatments of two prominent figures, King Charles III and Kate, the Princess of Wales. It provides detailed information about their medical procedures, the implications of their health issues, and the broader impact on public health awareness, particularly regarding prostate health. The document also touches on the historical context of royal health secrecy and the shift towards greater openness, which is pertinent to the topic of health communication."
        }
    }
}