﻿{
    "altids": {
        "itemid": "24373cfcff51b743b394d60d29411c49",
        "etag": "24373cfcff51b743b394d60d29411c49_1a16aza0c0",
        "friendlykey": "647845738075",
        "referenceid": "AS--South Korea-Doctors Protest-Q&A"
    },
    "version": 1,
    "type": "text",
    "urgency": 4,
    "profile": "Spot Development",
    "language": "en",
    "versioncreated": "2024-03-04T11:17:23Z",
    "firstcreated": "2024-03-04T10:41:16Z",
    "editorialrole": "FullStory",
    "pubstatus": "usable",
    "ednote": "Eds: UPDATES: with clarifying the survey showing 80% backing the government's school enrollment plan, not its punitive action; minor edits throughout the story; links new photos. Updates Media.",
    "editorialtypes": [
        "Lead"
    ],
    "signals": [
        "newscontent"
    ],
    "title": "AS--South Korea-Doctors Protest-Q&A",
    "headline": "What's next for South Korean doctors who face license suspensions because of walkouts",
    "headline_extended": "South Korea\u2019s government is pressing ahead with its vow to suspend the licenses of thousands of junior doctors who ignore its repeated demands to end their collective walkouts",
    "slugline": "BC-AS--South Korea-Doctors Protest-Q&A, 1st Ld-Writethru",
    "description_summary": "South Korea\u2019s government is pressing ahead with its vow to suspend the licenses of thousands of junior doctors who ignore its repeated demands to end their collective walkouts. Nearly 9,000 out of the country\u2019s medical interns and residents have been refusing to work for about two weeks to protest a government plan to increase South Korea\u2019s medical school admission quota by about two thirds.",
    "bylines": [
        {
            "by": "By JIWON SONG and HYUNG-JIN KIM",
            "title": "Associated Press"
        }
    ],
    "located": "SEOUL, South Korea",
    "datelinelocation": {
        "city": "Seoul",
        "countrycode": "KOR",
        "countryname": "South Korea",
        "geometry_geojson": {
            "type": "Point",
            "coordinates": [
                126.9784,
                37.566
            ]
        }
    },
    "copyrightnotice": "Copyright 2024 The Associated Press. All rights reserved. This material may not be published, broadcast, rewritten or redistributed without permission.",
    "usageterms": [
        "This content is intended for editorial use only. For other uses, additional clearances may be required."
    ],
    "keywords": [
        "south korea doctors strike"
    ],
    "provider": "AP",
    "infosource": [
        {
            "name": "AP",
            "type": "AP"
        }
    ],
    "subject": [
        {
            "rels": [
                "category"
            ],
            "creator": "Editorial",
            "code": "f",
            "name": "f"
        },
        {
            "rels": [
                "category"
            ],
            "creator": "Editorial",
            "code": "i",
            "name": "i"
        },
        {
            "scheme": "http://cv.ap.org/id/",
            "code": "5f7806eec29a4884b038a26d799e9326",
            "name": "Strikes",
            "creator": "Machine",
            "rels": [
                "direct"
            ],
            "relevance": 46
        },
        {
            "scheme": "http://cv.ap.org/id/",
            "code": "0e8cf338896510048024d56c852d093e",
            "name": "Protests and demonstrations",
            "creator": "Machine",
            "rels": [
                "direct"
            ],
            "relevance": 65
        },
        {
            "scheme": "http://cv.ap.org/id/",
            "code": "cc7a76087e4e10048482df092526b43e",
            "name": "Health",
            "creator": "Machine",
            "rels": [
                "direct"
            ],
            "relevance": 96
        },
        {
            "scheme": "http://cv.ap.org/id/",
            "code": "86aad5207dac100488ecba7fa5283c3e",
            "name": "Politics",
            "creator": "Machine",
            "rels": [
                "direct"
            ],
            "relevance": 77
        },
        {
            "scheme": "http://cv.ap.org/id/",
            "code": "cc7a76087e4e10048482df092526b43e",
            "name": "Health",
            "creator": "Editorial",
            "editorial_subject": "Health",
            "rels": [
                "direct"
            ],
            "relevance": 75
        },
        {
            "scheme": "http://cv.ap.org/id/",
            "code": "c8e409f8858510048872ff2260dd383e",
            "name": "Business",
            "creator": "Editorial",
            "editorial_subject": "Business",
            "rels": [
                "direct"
            ],
            "relevance": 75
        },
        {
            "scheme": "http://cv.ap.org/id/",
            "code": "bb2d2c5f441a452cb24bb511a2ab5eea",
            "name": "World news",
            "creator": "Editorial",
            "editorial_subject": "World news",
            "rels": [
                "direct"
            ],
            "relevance": 99
        },
        {
            "scheme": "http://cv.ap.org/id/",
            "code": "f25af2d07e4e100484f5df092526b43e",
            "name": "General news",
            "creator": "Editorial",
            "editorial_subject": "General news",
            "rels": [
                "direct"
            ],
            "relevance": 50
        }
    ],
    "organisation": [
        {
            "scheme": "http://cv.ap.org/id/",
            "code": "993327ccec064b6087c1699c1b5f9410",
            "name": "South Korea government",
            "creator": "Machine",
            "rels": [
                "direct"
            ],
            "relevance": 64
        }
    ],
    "place": [
        {
            "scheme": "http://cv.ap.org/id/",
            "code": "661be2f07d5b10048252c076b8e3055c",
            "name": "South Korea",
            "creator": "Machine",
            "rels": [
                "direct"
            ],
            "parentids": [
                "661812607d5b100481f3c076b8e3055c"
            ],
            "locationtype": {
                "code": "01f56e0e654841eca2e69bf2cbcc0526",
                "name": "Nation"
            },
            "geometry_geojson": {
                "type": "Point",
                "coordinates": [
                    127.5,
                    37
                ]
            },
            "relevance": 97,
            "parentnames": [
                "Asia"
            ]
        }
    ],
    "audiences": [
        {
            "code": "82c6a4c46fa0446090a7acaf93159e4c",
            "name": "Print",
            "type": "AUDPLATFORM"
        },
        {
            "code": "9add4649b53b4702ba7d9de5d4fa607a",
            "name": "Online",
            "type": "AUDPLATFORM"
        },
        {
            "code": "f43adc08760d10048040e6e7a0f4673e",
            "name": "National",
            "type": "AUDSCOPE"
        },
        {
            "code": "f4ecf9b0760d10048044e6e7a0f4673e",
            "name": "International",
            "type": "AUDSCOPE"
        },
        {
            "code": "661812607d5b100481f3c076b8e3055c",
            "name": "Asia",
            "type": "AUDGEOGRAPHY"
        },
        {
            "code": "661e48387d5b10048291c076b8e3055c",
            "name": "United States",
            "type": "AUDGEOGRAPHY"
        }
    ],
    "associations": {
        "1": {
            "altids": {
                "itemid": "f165ad8e32774e08a01b74e073bb7320"
            },
            "type": "picture"
        },
        "2": {
            "altids": {
                "itemid": "4fc01e2f4af74104ad2af732c671f5eb"
            },
            "type": "picture"
        },
        "3": {
            "altids": {
                "itemid": "525020e992374e84b177327a2e1a157e"
            },
            "type": "picture"
        },
        "4": {
            "altids": {
                "itemid": "ef25326b3d30473696311288d2846b6d"
            },
            "type": "picture"
        },
        "5": {
            "altids": {
                "itemid": "9c2fc7bfacf14062ad5fb0c39123c69b"
            },
            "type": "picture"
        },
        "6": {
            "altids": {
                "itemid": "be9d820e51134de6abb58ef18bfeafc8"
            },
            "type": "picture"
        },
        "7": {
            "altids": {
                "itemid": "c09c6d6a89ef40618eb5224d83bfed3e"
            },
            "type": "picture"
        }
    },
    "body_nitf": "<p>SEOUL, South Korea (AP) \u2014 South Korea\u2019s government is pressing ahead with its vow to <a href=\"https://apnews.com/article/south-korea-doctors-strike-license-suspensions-ca9f3e96de730b4f29d6e55f940b305f\">suspend the licenses</a> of thousands of junior doctors who ignore its repeated demands to end their <a href=\"https://apnews.com/article/south-korea-doctors-walkouts-patients-explained-326632dd061fc3b004b663cc761f9016\">collective walkouts.</a></p><p>Nearly 9,000 out of the country\u2019s 13,000 <a href=\"https://apnews.com/article/south-korea-doctors-protest-government-medical-school-e51be32b51831454b4b34e28fd74c19f\">medical interns and residents</a> have been <a href=\"https://apnews.com/article/south-korea-trainee-doctors-walk-off-d991fc8a07c535ea737b4f31b01c5658\">refusing to work</a> for about two weeks to protest a government plan to increase South Korea\u2019s medical school admission quota by about two thirds.</p><p>Here are some questions and answers about what\u2019s next in the strike:</p><p>__</p><hl2>HOW DOES THE SUSPENSION WORK?</hl2><p>After their walkouts caused hundreds of surgeries and other treatments to be canceled, the government ordered the junior doctors to return to work <a href=\"https://apnews.com/article/south-korea-doctors-walkout-medical-school-17c805f9e5280419ac7273258dd03440#:~:text=Seoul%20gives%20young%20doctors%204,threatening%20suspended%20licenses%20and%20prosecutions&text=SEOUL%2C%20South%20Korea%20(AP),prosecution%2C%20the%20government%20said%20Monday.\">by Feb. 29</a> or face license suspensions and possible legal charges. Most of them <a href=\"https://apnews.com/article/south-korea-junior-doctors-strike-deadline-fff231bd792d275395cfc6c7f7188226\">missed the deadline.</a></p><p>On Monday, the government dispatched officials to about 50 hospitals to formally confirm the absence of striking doctors, before informing them of their license suspensions and giving them a chance to respond.</p><p>Vice Health Minister Park Min-soo said the doctors face a minimum three-month suspension. Suspension records will leave them facing more than one year of delay in getting licenses for specialists and further barriers in landing jobs, Park said.</p><p>Park suggested it would take weeks to complete procedures for suspending licenses. Once it\u2019s done, some striking doctors will likely respond with legal action.</p><p>Hyeondeok Choi, partner at the law firm Daeryun that specializes in medical law, said it would be \u201cimpossible\u201d for the government to suspend the licenses of all the 9,000 doctors. He said the government would likely target less than 100 of the leading strikers.</p><p>The <a href=\"https://apnews.com/article/south-korea-doctors-rally-medical-school-9cd476721b94afd762a186f45329d7bc\">Korea Medical Association</a>, which represents 140,000 doctors in South Korea, said it supports the junior doctors\u2019 walkouts. Joo Sooho, a spokesperson at the KMA\u2019s emergency committee, said Monday that senior doctors are considering economic support for the strikers if their licenses are suspended.</p><p>__</p><hl2>WHAT OTHER STEPS THE STRIKERS CAN FACE?</hl2><p>South Korea\u2019s medical law says doctors who refuse the government\u2019s back-to-work order can face up to three years in prison or a 30 million won ($22,480) fine, as well as up to one year of license suspensions. Those sent to prison or given even suspended prison sentences automatically lose their licenses.</p><p>The Health Ministry can file complaints with police, who then investigate and hand the case to prosecutors for a possible indictment, according to Choi, the law firm partner.</p><p>Joo said the Korea Medical Association will provide lawyers to the striking doctors if they are summoned by police or prosecutors.</p><p>South Korean police said they are investigating five senior members of the Korea Medical Association, after the Health Ministry filed complaints against them for allegedly inciting and abetting the junior doctors\u2019 walkouts.</p><p>__</p><hl2>WHAT DO PEOPLE SAY?</hl2><p>The doctors\u2019 strikes have so far failed to generate public support, with a survey showing about 80% backing the government\u2019s school enrollment plan.</p><p>The government says South Korea urgently needs more doctors to deal with a rapidly aging population. Many doctors say a too-steep increase in the number of students would eventually result in undermining medical service. Some critics say doctors, one of the highest-paid professions in South Korea, worry about losing their income.</p><p>Lee Yeonha, 40, said the striking doctors were \u201ctoo selfish\u201d and a three-month license suspension is too little.</p><p>\u201cI wish the government would take more powerful legal action to get the doctors to fear that they may not be able to work as doctors in this country,\u201d Lee said.</p><p>Another Seoul resident, Sunny Shin, supports the arguments by doctors that the government must first resolve fundamental problems such as a lack of medical liability protection and a shortage of physicians in key yet low-paying specialties such as pediatrics and emergency departments.</p><p>\u201cAs long as the crucial sector doctors are likely to be embroiled in lawsuits and still not highly paid, I cannot blame them for protesting against the government labeling them as privileged people neglecting their duties as doctors,\u201d Shin said.</p>",
    "textformat": "bx",
    "links": [
        {
            "href": "https://apnews.com/article/south-korea-doctors-strike-24373cfcff51b743b394d60d29411c49",
            "rel": "canonical"
        }
    ],
    "topics": {
        "Health": {
            "relevance_score": 5,
            "reason": "The document discusses the situation of South Korean doctors facing license suspensions due to their collective walkouts, which is directly related to the healthcare system and the medical profession. It covers the government's actions, the legal implications for the doctors, and public opinion on the matter. These aspects are all relevant to the topic of health as they impact the availability and quality of medical services in South Korea."
        }
    }
}