﻿{
    "altids": {
        "itemid": "ca9f3e96de730b4f29d6e55f940b305f",
        "etag": "ca9f3e96de730b4f29d6e55f940b305f_0a17aza0c0",
        "friendlykey": "823710358841",
        "referenceid": "AS--South Korea-Doctors Protest"
    },
    "version": 0,
    "type": "text",
    "urgency": 4,
    "profile": "Spot Development",
    "language": "en",
    "versioncreated": "2024-03-04T04:41:50Z",
    "firstcreated": "2024-03-04T04:41:49Z",
    "editorialrole": "FullStory",
    "pubstatus": "usable",
    "ednote": "Eds: UPDATES: Updates Media.",
    "signals": [
        "newscontent"
    ],
    "title": "AS--South Korea-Doctors Protest",
    "headline": "South Korea takes steps to suspend licenses of striking doctors after they refuse to end walkouts",
    "headline_extended": "South Korea\u2019s government has begun steps to suspend the medical licenses of thousands of striking junior doctors, days after they missed a government-set deadline to end their joint walkouts, which have disrupted hospital operations",
    "slugline": "BC-AS-South-Korea-Doctors-Protest",
    "description_summary": "South Korea\u2019s government has begun steps to suspend the medical licenses of thousands of striking junior doctors, days after they missed a government-set deadline to end their joint walkouts, which have disrupted hospital operations. Nearly 9,000 medical interns and residents have been on strike for two weeks to protest a government push to sharply increase the number of medical school admissions. The Health Ministry says officials were sent to dozens of hospitals on Monday to formally confirm the absence of the striking doctors. It says authorities will later notify the striking doctors of their expected license suspensions and give them a chance to respond.",
    "bylines": [
        {
            "by": "By HYUNG-JIN KIM",
            "title": "Associated Press"
        }
    ],
    "located": "SEOUL, South Korea",
    "datelinelocation": {
        "city": "Seoul",
        "countrycode": "KOR",
        "countryname": "South Korea",
        "geometry_geojson": {
            "type": "Point",
            "coordinates": [
                126.9784,
                37.566
            ]
        }
    },
    "copyrightnotice": "Copyright 2024 The Associated Press. All rights reserved. This material may not be published, broadcast, rewritten or redistributed without permission.",
    "usageterms": [
        "This content is intended for editorial use only. For other uses, additional clearances may be required."
    ],
    "keywords": [
        "south korea doctors strike license suspensions"
    ],
    "provider": "AP",
    "infosource": [
        {
            "name": "AP",
            "type": "AP"
        }
    ],
    "subject": [
        {
            "rels": [
                "category"
            ],
            "creator": "Editorial",
            "code": "f",
            "name": "f"
        },
        {
            "rels": [
                "category"
            ],
            "creator": "Editorial",
            "code": "i",
            "name": "i"
        },
        {
            "scheme": "http://cv.ap.org/id/",
            "code": "5f7806eec29a4884b038a26d799e9326",
            "name": "Strikes",
            "creator": "Machine",
            "rels": [
                "direct"
            ],
            "relevance": 58
        },
        {
            "scheme": "http://cv.ap.org/id/",
            "code": "39a5551883591004893adf092526b43e",
            "name": "Health care costs",
            "creator": "Machine",
            "rels": [
                "direct"
            ],
            "relevance": 42
        },
        {
            "scheme": "http://cv.ap.org/id/",
            "code": "cc7a76087e4e10048482df092526b43e",
            "name": "Health",
            "creator": "Machine",
            "rels": [
                "direct"
            ],
            "relevance": 97
        },
        {
            "scheme": "http://cv.ap.org/id/",
            "code": "cc7a76087e4e10048482df092526b43e",
            "name": "Health",
            "creator": "Editorial",
            "editorial_subject": "Health",
            "rels": [
                "direct"
            ],
            "relevance": 75
        },
        {
            "scheme": "http://cv.ap.org/id/",
            "code": "c8e409f8858510048872ff2260dd383e",
            "name": "Business",
            "creator": "Editorial",
            "editorial_subject": "Business",
            "rels": [
                "direct"
            ],
            "relevance": 75
        },
        {
            "scheme": "http://cv.ap.org/id/",
            "code": "bb2d2c5f441a452cb24bb511a2ab5eea",
            "name": "World news",
            "creator": "Editorial",
            "editorial_subject": "World news",
            "rels": [
                "direct"
            ],
            "relevance": 99
        },
        {
            "scheme": "http://cv.ap.org/id/",
            "code": "f25af2d07e4e100484f5df092526b43e",
            "name": "General news",
            "creator": "Editorial",
            "editorial_subject": "General news",
            "rels": [
                "direct"
            ],
            "relevance": 50
        }
    ],
    "organisation": [
        {
            "scheme": "http://cv.ap.org/id/",
            "code": "993327ccec064b6087c1699c1b5f9410",
            "name": "South Korea government",
            "creator": "Machine",
            "rels": [
                "direct"
            ],
            "relevance": 78
        }
    ],
    "place": [
        {
            "scheme": "http://cv.ap.org/id/",
            "code": "661be2f07d5b10048252c076b8e3055c",
            "name": "South Korea",
            "creator": "Machine",
            "rels": [
                "direct"
            ],
            "parentids": [
                "661812607d5b100481f3c076b8e3055c"
            ],
            "locationtype": {
                "code": "01f56e0e654841eca2e69bf2cbcc0526",
                "name": "Nation"
            },
            "geometry_geojson": {
                "type": "Point",
                "coordinates": [
                    127.5,
                    37
                ]
            },
            "relevance": 97,
            "parentnames": [
                "Asia"
            ]
        }
    ],
    "audiences": [
        {
            "code": "82c6a4c46fa0446090a7acaf93159e4c",
            "name": "Print",
            "type": "AUDPLATFORM"
        },
        {
            "code": "9add4649b53b4702ba7d9de5d4fa607a",
            "name": "Online",
            "type": "AUDPLATFORM"
        },
        {
            "code": "f43adc08760d10048040e6e7a0f4673e",
            "name": "National",
            "type": "AUDSCOPE"
        },
        {
            "code": "f4ecf9b0760d10048044e6e7a0f4673e",
            "name": "International",
            "type": "AUDSCOPE"
        },
        {
            "code": "661812607d5b100481f3c076b8e3055c",
            "name": "Asia",
            "type": "AUDGEOGRAPHY"
        },
        {
            "code": "661e48387d5b10048291c076b8e3055c",
            "name": "United States",
            "type": "AUDGEOGRAPHY"
        }
    ],
    "associations": {
        "1": {
            "altids": {
                "itemid": "1c9d6af94f73467a9dc142777d2f0b88"
            },
            "type": "picture"
        },
        "2": {
            "altids": {
                "itemid": "a4ab985ab0df4bf1883000f3388c1f83"
            },
            "type": "picture"
        },
        "3": {
            "altids": {
                "itemid": "c09c6d6a89ef40618eb5224d83bfed3e"
            },
            "type": "picture"
        },
        "4": {
            "altids": {
                "itemid": "97c824eee58c458b8360443f769b6eaa"
            },
            "type": "picture"
        },
        "5": {
            "altids": {
                "itemid": "be9d820e51134de6abb58ef18bfeafc8"
            },
            "type": "picture"
        },
        "6": {
            "altids": {
                "itemid": "54f44920e0de431d9611ad3ede6e5ab3"
            },
            "type": "picture"
        },
        "7": {
            "altids": {
                "itemid": "50d78891a3f64559916157f1d3a603ca"
            },
            "type": "video"
        }
    },
    "body_nitf": "<p>SEOUL, South Korea (AP) \u2014 South Korea\u2019s government began steps Monday to suspend the medical licenses of thousands of striking junior doctors, days after they <a href=\"https://apnews.com/article/south-korea-junior-doctors-strike-deadline-fff231bd792d275395cfc6c7f7188226\">missed a government-set deadline</a> to end their joint walkouts, which have severely impacted hospital operations.</p><p>Nearly 9,000 <a href=\"https://apnews.com/article/south-korea-doctors-protest-government-medical-school-e51be32b51831454b4b34e28fd74c19f\">medical interns and residents</a> have been on strike for two weeks to protest a government push to sharply increase the number of <a href=\"https://apnews.com/article/south-korea-doctors-walkouts-patients-explained-326632dd061fc3b004b663cc761f9016\">medical school admissions</a>. Their action has led to hundreds of canceled surgeries and other treatments and threatened to burden the country\u2019s medical service.</p><p>On Monday, officials were sent to dozens of hospitals to formally confirm the absence of the striking doctors as the government began steps to suspend their licenses for at least three months, Vice Health Minister Park Min-soo told a briefing.</p><p>Park said authorities will later notify the striking doctors of their expected license suspensions and give them a chance to respond. He suggested the license suspensions would take weeks to go into effect.</p><p>\"Despite <a href=\"https://apnews.com/article/south-korea-doctors-walkout-medical-school-17c805f9e5280419ac7273258dd03440\">repeated appeals by the government</a> and other parts of society, the number of trainee doctors returning to work is very insignificant. Starting from today, we begin the execution of law with the on-site inspection,\u201d Park said.</p><p>Park again repeated the government's call for the doctors to end their walkouts.</p><p>\"We again strongly urge them to return to patients by not ignoring the pains of patients hovering between life and death \u2014 and their families,\u201d he said.</p><p>South Korea's government earlier ordered the striking doctors to return to work by Feb. 29. South Korea's medical law allows the government to make such back-to-work orders to doctors when it sees grave risks to public health. Anyone who refuses to follow such orders can be punished with a suspension of his or her license for up to one year, and three years in prison or a 30 million won (roughly $22,500) fine.</p><p>Last month, the South Korean government announced it would raise the country's medical school enrollment cap by 2,000 starting next year, from the current 3,058. Officials said it's urgent to have more doctors to deal with a fast-aging population and resolve a shortage of physicians in rural areas and essential yet low-paying specialties like pediatrics and emergency departments.</p><p>Officials say South Korea\u2019s doctor-to-population ratio is one of the lowest among developed countries.</p><p>But many doctors have opposed the plan, arguing universities can't offer quality education to such an abrupt increase in students. They also say adding so many new doctors would also increase public medical expenses since greater competition would lead to excess treatments. They also predict newly added students would also want to work in high-paying, popular professions like plastic surgery and dermatology.</p><p>Critics say many doctors oppose the government plan simply because they worry adding more doctors would result in a lower income.</p><p>The striking junior doctors are a small fraction of the country's 140,000 doctors. But they account for 30-40% of the total doctors at some major hospitals, where they assist senior doctors while training.</p><p>Senior doctors have staged a slew of street <a href=\"https://apnews.com/article/south-korea-doctors-rally-medical-school-9cd476721b94afd762a186f45329d7bc\">rallies</a> supporting the young doctors but haven\u2019t joined their walkouts. Police said they were investigating five ranking members of the Korea Medical Association, a body that represents South Korean doctors, for allegedly inciting and abetting the walkouts.</p>",
    "textformat": "bx",
    "links": [
        {
            "href": "https://apnews.com/article/south-korea-doctors-strike-license-suspensions-ca9f3e96de730b4f29d6e55f940b305f",
            "rel": "canonical"
        }
    ],
    "topics": {
        "Health": {
            "relevance_score": 5,
            "reason": "The document is highly relevant to the topic of Health. It discusses a significant event in South Korea involving the suspension of medical licenses for striking doctors, which directly impacts hospital operations and patient care. The article also delves into the reasons behind the strike, including the government's plan to increase medical school admissions to address a shortage of doctors, which is a critical health issue. The implications of the strike on public health and the healthcare system are thoroughly covered, making the document highly pertinent to the topic of Health."
        }
    }
}