﻿{
    "altids": {
        "itemid": "441b24e7a5b967127e54cda1132e78c8",
        "etag": "441b24e7a5b967127e54cda1132e78c8_0a4aza0c0",
        "friendlykey": "688316424640",
        "referenceid": "RI--Rhode Island-Health Care"
    },
    "version": 0,
    "type": "text",
    "urgency": 4,
    "profile": "Spot Development",
    "language": "en",
    "versioncreated": "2024-03-06T19:13:59Z",
    "firstcreated": "2024-03-06T19:13:59Z",
    "editorialrole": "FullStory",
    "pubstatus": "usable",
    "signals": [
        "newscontent"
    ],
    "title": "RI--Rhode Island-Health Care",
    "headline": "Senate leaders in Rhode Island hope 25-bill package will make health care more affordable",
    "headline_extended": "Senate leaders in Rhode Island are pushing a 25-bill package aimed at making health care more affordable and easier to access",
    "slugline": "AP-RI--Rhode Island-Health Care",
    "description_summary": "Senate leaders in Rhode Island are pushing a 25-bill package aimed at making health care more affordable and easier to access. One piece of the package would let the state buy medical debt using federal COVID-19 dollars. Under the proposal, the state could purchase the debt for pennies on the dollar using American Rescue Plan Act funds and then eliminate the debt for eligible Rhode Island residents. The legislation would also require hospitals to screen uninsured patients to see if they\u2019re eligible for Medicaid or Medicare and prohibit debt collectors from reporting medical debt to credit bureaus.",
    "located": "PROVIDENCE, R.I.",
    "datelinelocation": {
        "city": "Providence",
        "countryareacode": "RI",
        "countryareaname": "Rhode Island",
        "countrycode": "USA",
        "countryname": "United States",
        "geometry_geojson": {
            "type": "Point",
            "coordinates": [
                -71.41283,
                41.82399
            ]
        }
    },
    "copyrightnotice": "Copyright 2024 The Associated Press. All rights reserved. This material may not be published, broadcast, rewritten or redistributed without permission.",
    "usageterms": [
        "This content is intended for editorial use only. For other uses, additional clearances may be required."
    ],
    "keywords": [
        "Rhode Island health care bill medical debt"
    ],
    "provider": "AP",
    "infosource": [
        {
            "name": "AP",
            "type": "AP"
        }
    ],
    "subject": [
        {
            "rels": [
                "category"
            ],
            "creator": "Editorial",
            "code": "n",
            "name": "n"
        },
        {
            "scheme": "http://cv.ap.org/id/",
            "code": "5e3af32f00ad0d418f037f115324362b",
            "name": "Health care industry",
            "creator": "Machine",
            "rels": [
                "direct"
            ],
            "relevance": 39
        },
        {
            "scheme": "http://cv.ap.org/id/",
            "code": "6cd98adfc84d405eadec8ca81bd37df4",
            "name": "Access to health care",
            "creator": "Machine",
            "rels": [
                "direct"
            ],
            "relevance": 79
        },
        {
            "scheme": "http://cv.ap.org/id/",
            "code": "1b29d45f8e8e4c008e8a58fe6f92a753",
            "name": "Government programs",
            "creator": "Machine",
            "rels": [
                "direct"
            ],
            "relevance": 48
        },
        {
            "scheme": "http://cv.ap.org/id/",
            "code": "d8e6d7087f00100483b7f571351eed07",
            "name": "Family medicine",
            "creator": "Machine",
            "rels": [
                "direct"
            ],
            "relevance": 67
        },
        {
            "scheme": "http://cv.ap.org/id/",
            "code": "86aad5207dac100488ecba7fa5283c3e",
            "name": "Politics",
            "creator": "Machine",
            "rels": [
                "direct"
            ],
            "relevance": 58
        },
        {
            "scheme": "http://cv.ap.org/id/",
            "code": "cc7a76087e4e10048482df092526b43e",
            "name": "Health",
            "creator": "Editorial",
            "editorial_subject": "Health",
            "rels": [
                "direct"
            ],
            "relevance": 75
        },
        {
            "scheme": "http://cv.ap.org/id/",
            "code": "a4677d70863b4012b846a1b00f5079f5",
            "name": "U.S. news",
            "creator": "Editorial",
            "editorial_subject": "U.S. news",
            "rels": [
                "direct"
            ],
            "relevance": 99
        },
        {
            "scheme": "http://cv.ap.org/id/",
            "code": "f25af2d07e4e100484f5df092526b43e",
            "name": "General news",
            "creator": "Editorial",
            "editorial_subject": "General news",
            "rels": [
                "direct"
            ],
            "relevance": 50
        }
    ],
    "place": [
        {
            "scheme": "http://cv.ap.org/id/",
            "code": "1bf4bc0882c71004889cdf092526b43e",
            "name": "Rhode Island",
            "creator": "Machine",
            "rels": [
                "direct"
            ],
            "parentids": [
                "661e48387d5b10048291c076b8e3055c"
            ],
            "locationtype": {
                "code": "0ae5eb8e00e04295a4fc209c94bfe6ef",
                "name": "State"
            },
            "geometry_geojson": {
                "type": "Point",
                "coordinates": [
                    -71.49978,
                    41.75038
                ]
            },
            "relevance": 88,
            "parentnames": [
                "United States"
            ]
        }
    ],
    "audiences": [
        {
            "code": "82c6a4c46fa0446090a7acaf93159e4c",
            "name": "Print",
            "type": "AUDPLATFORM"
        },
        {
            "code": "9add4649b53b4702ba7d9de5d4fa607a",
            "name": "Online",
            "type": "AUDPLATFORM"
        },
        {
            "code": "f5b16ea8760d10048047e6e7a0f4673e",
            "name": "State",
            "type": "AUDSCOPE"
        },
        {
            "code": "bed6942882b310048501df092526b43e",
            "name": "Massachusetts",
            "type": "AUDGEOGRAPHY"
        },
        {
            "code": "1bf4bc0882c71004889cdf092526b43e",
            "name": "Rhode Island",
            "type": "AUDGEOGRAPHY"
        }
    ],
    "body_nitf": "<p>PROVIDENCE, R.I. (AP) \u2014 Senate leaders in Rhode Island are pushing a 25-bill package aimed at making health care more affordable and easier to access.</p><p>One piece of the package would let the state buy medical debt using federal COVID-19 dollars. Under the proposal, the state could purchase the debt for pennies on the dollar using American Rescue Plan Act funds and then eliminate the debt for certain Rhode Island residents.</p><p>To be eligible, residents would need to have medical debt that equals 5% or more of their annual income or have a household that is no more than 400% of the federal poverty line.</p><p>Similar efforts have been done in Connecticut, New York City, and Cook County, Illinois, backers said.</p><p>The legislation would also require hospitals to screen uninsured patients to see if they are eligible for Medicaid or Medicare, prohibit debt collectors from reporting medical debt to credit bureaus, and ban the practice of attaching liens to a person's home because of medical debt.</p><p>Democratic Senate President Dominick Ruggerio said health care providers and consumers are feeling enormous strain.</p><p>\u201cFew issues are as important as health care, and right now, our health care system is in critical condition,\" Ruggerio said in a written statement Tuesday. \u201cBut for too many people in our state, care is too expensive or too difficult to get.\u201d</p><p>The package aims to improve access to health care providers in part by setting aside $2.7 million for primary care practices to serve as clinical training sites and funding a 4-year scholarship program for primary care physicians, nurse practitioners, and physician\u2019s assistants.</p><p>Another element of the legislative package calls for the creation of a state drug affordability commission to determine whether the cost of a drug is affordable.</p><p>If the commission finds the cost in Rhode Island isn't affordable to health care systems and local residents, it could set a cost for the drug that all state programs, local governments, state-licensed commercial health plans, state-licensed pharmacies, wholesalers and distributors would have to adhere to.</p><p>Those agencies would be banned from paying more for the drugs than the rate set by the commission.</p>",
    "textformat": "bx",
    "links": [
        {
            "href": "https://apnews.com/article/rhode-island-health-care-bill-medical-debt-441b24e7a5b967127e54cda1132e78c8",
            "rel": "canonical"
        }
    ],
    "topics": {
        "Health": {
            "relevance_score": 5,
            "reason": "The document discusses a 25-bill package in Rhode Island aimed at making health care more affordable and accessible. It includes measures such as buying medical debt, screening uninsured patients for Medicaid or Medicare eligibility, and creating a state drug affordability commission. These initiatives are directly related to the topic of health, as they address issues of health care costs, access to medical services, and affordability of medications."
        }
    }
}