﻿{
    "altids": {
        "itemid": "66b9bc08a70302b4a32565c87c778af9",
        "etag": "66b9bc08a70302b4a32565c87c778af9_1a6aza0c0",
        "friendlykey": "964727441695",
        "referenceid": "US--Industrial-Fire-Detroit"
    },
    "version": 1,
    "type": "text",
    "urgency": 4,
    "profile": "Spot Development",
    "language": "en",
    "versioncreated": "2024-03-09T04:16:00Z",
    "firstcreated": "2024-03-08T20:11:11Z",
    "editorialrole": "FullStory",
    "pubstatus": "usable",
    "ednote": "Eds: UPDATES: Updates Media.",
    "editorialtypes": [
        "Lead"
    ],
    "signals": [
        "newscontent"
    ],
    "title": "US--Industrial-Fire-Detroit",
    "headline": "Michigan residents urged not to pick up debris from explosive vaping supplies fire that killed 1",
    "headline_extended": "Authorities investigating a fire and explosions that rocked a suburban Detroit building filled with vaping industry supplies are urging residents not to pick up any debris because they still pose potential hazards",
    "slugline": "BC-US--Industrial-Fire-Detroit, 1st Ld-Writethru",
    "description_summary": "Authorities investigating a fire and explosions that rocked a suburban Detroit building filled with vaping industry supplies are urging residents not to pick up any debris because they still pose potential hazards. One man was killed in the explosive blaze that sent gas canisters soaring miles away. Clinton Township officials say their investigation into Monday night\u2019s fire isn\u2019t expected to begin in earnest until next week. They say the gutted building is filled with fallen steel beams that first need to be removed with heavy machinery. Clinton Township Fire Chief Tim Duncan says debris is still smoldering inside the ruins.",
    "located": "CLINTON TOWNSHIP, Mich.",
    "datelinelocation": {
        "city": "Clinton Township",
        "countryareacode": "MI",
        "countryareaname": "Michigan",
        "countrycode": "USA",
        "countryname": "United States",
        "geometry_geojson": {
            "type": "Point",
            "coordinates": [
                -84.44859,
                42.81864
            ]
        }
    },
    "copyrightnotice": "Copyright 2024 The Associated Press. All rights reserved. This material may not be published, broadcast, rewritten or redistributed without permission.",
    "usageterms": [
        "This content is intended for editorial use only. For other uses, additional clearances may be required."
    ],
    "keywords": [
        "fire explosions detroit vape debris"
    ],
    "provider": "AP",
    "infosource": [
        {
            "name": "AP",
            "type": "AP"
        }
    ],
    "subject": [
        {
            "rels": [
                "category"
            ],
            "creator": "Editorial",
            "code": "a",
            "name": "a"
        },
        {
            "rels": [
                "category"
            ],
            "creator": "Editorial",
            "code": "n",
            "name": "n"
        },
        {
            "scheme": "http://cv.ap.org/id/",
            "code": "1b29d45f8e8e4c008e8a58fe6f92a753",
            "name": "Government programs",
            "creator": "Machine",
            "rels": [
                "direct"
            ],
            "relevance": 31
        },
        {
            "scheme": "http://cv.ap.org/id/",
            "code": "2d777e23418c4a61ab869f88f0cc22b5",
            "name": "Industrial accidents",
            "creator": "Machine",
            "rels": [
                "direct"
            ],
            "relevance": 51
        },
        {
            "scheme": "http://cv.ap.org/id/",
            "code": "ccc363a0882f10048140ae2ac3a6923e",
            "name": "Explosions",
            "creator": "Machine",
            "rels": [
                "direct"
            ],
            "relevance": 39
        },
        {
            "scheme": "http://cv.ap.org/id/",
            "code": "4ba722d31d194c18baf0145922601573",
            "name": "Vaping",
            "creator": "Machine",
            "rels": [
                "direct"
            ],
            "relevance": 80
        },
        {
            "scheme": "http://cv.ap.org/id/",
            "code": "6b5b04b0882f100480e6ae2ac3a6923e",
            "name": "Fires",
            "creator": "Machine",
            "rels": [
                "direct"
            ],
            "relevance": 73
        },
        {
            "scheme": "http://cv.ap.org/id/",
            "code": "a4677d70863b4012b846a1b00f5079f5",
            "name": "U.S. news",
            "creator": "Editorial",
            "editorial_subject": "U.S. news",
            "rels": [
                "direct"
            ],
            "relevance": 99
        },
        {
            "scheme": "http://cv.ap.org/id/",
            "code": "f25af2d07e4e100484f5df092526b43e",
            "name": "General news",
            "creator": "Editorial",
            "editorial_subject": "General news",
            "rels": [
                "direct"
            ],
            "relevance": 50
        }
    ],
    "place": [
        {
            "scheme": "http://cv.ap.org/id/",
            "code": "7ef0c27882c4100486a7df092526b43e",
            "name": "Detroit",
            "creator": "Machine",
            "rels": [
                "direct"
            ],
            "parentids": [
                "6bf49b4082c410048696df092526b43e"
            ],
            "locationtype": {
                "code": "9d26a20b35f0484a891740f8189d4c7b",
                "name": "City"
            },
            "geometry_geojson": {
                "type": "Point",
                "coordinates": [
                    -83.04575,
                    42.33143
                ]
            },
            "relevance": 96,
            "parentnames": [
                "Michigan"
            ]
        },
        {
            "scheme": "http://cv.ap.org/id/",
            "code": "6bf49b4082c410048696df092526b43e",
            "name": "Michigan",
            "creator": "Machine",
            "rels": [
                "direct"
            ],
            "parentids": [
                "661e48387d5b10048291c076b8e3055c"
            ],
            "locationtype": {
                "code": "0ae5eb8e00e04295a4fc209c94bfe6ef",
                "name": "State"
            },
            "geometry_geojson": {
                "type": "Point",
                "coordinates": [
                    -85.50033,
                    44.25029
                ]
            },
            "relevance": 65,
            "parentnames": [
                "United States"
            ]
        }
    ],
    "audiences": [
        {
            "code": "82c6a4c46fa0446090a7acaf93159e4c",
            "name": "Print",
            "type": "AUDPLATFORM"
        },
        {
            "code": "9add4649b53b4702ba7d9de5d4fa607a",
            "name": "Online",
            "type": "AUDPLATFORM"
        },
        {
            "code": "f43adc08760d10048040e6e7a0f4673e",
            "name": "National",
            "type": "AUDSCOPE"
        },
        {
            "code": "f4ecf9b0760d10048044e6e7a0f4673e",
            "name": "International",
            "type": "AUDSCOPE"
        },
        {
            "code": "f5b16ea8760d10048047e6e7a0f4673e",
            "name": "State",
            "type": "AUDSCOPE"
        },
        {
            "code": "661850e07d5b100481f5c076b8e3055c",
            "name": "Latin America and Caribbean",
            "type": "AUDGEOGRAPHY"
        },
        {
            "code": "6bf49b4082c410048696df092526b43e",
            "name": "Michigan",
            "type": "AUDGEOGRAPHY"
        },
        {
            "code": "661e48387d5b10048291c076b8e3055c",
            "name": "United States",
            "type": "AUDGEOGRAPHY"
        }
    ],
    "associations": {
        "1": {
            "altids": {
                "itemid": "e996eaf18e7e43578860cfd621e8a754"
            },
            "type": "picture"
        },
        "2": {
            "altids": {
                "itemid": "150c4c7a9d504f39a7b2b8865f6c8922"
            },
            "type": "picture"
        },
        "3": {
            "altids": {
                "itemid": "bfc16425e54e4fa5a1a7ef66a5934927"
            },
            "type": "picture"
        },
        "4": {
            "altids": {
                "itemid": "ff2e6e5734dd45798989cf87b09b1079"
            },
            "type": "audio"
        },
        "5": {
            "altids": {
                "itemid": "659116a4667f4b9b8b1da64c3a8541e7"
            },
            "type": "audio"
        }
    },
    "body_nitf": "<p>CLINTON TOWNSHIP, Mich. (AP) \u2014 Authorities investigating a <a href=\"https://apnews.com/article/industrial-fire-explosions-detroit-3f13867de5df191b4a34118e796a7d4d\">fire and explosions</a> that rocked a suburban Detroit building filled with vaping industry supplies, killing one man as gas canisters soared up to 2 miles (3.2 kilometers) away, urged residents Friday not to pick up any debris because they still pose potential hazards.</p><p>The renewed warning about debris came as officials said their investigation into Monday night's fire isn't expected to begin in earnest until next week because the gutted building is filled with fallen steel beams that first need to be removed with heavy machinery.</p><p>Clinton Township Fire Chief Tim Duncan said debris is still smoldering inside the ruins but fire officials hope weekend rain will douse those areas so removal of the steel beams can begin next week.</p><p>\u201cObviously heavy equipment is going to have to get in there and start picking that apart so we can get to the bottom of what\u2019s going on there during the investigation,\" he said at a news briefing.</p><p>Duncan said more than 2 million gallons (7.57 million liters) of water has been poured on the building since Monday and fire crews have been on the scene continuously since Monday night.</p><p>Officials said a 19-year-old man was killed when he was struck by a flying gas cannister about a quarter of a mile (0.40 kilometers) from the building as <a href=\"https://apnews.com/article/industrial-fire-explosions-detroit-vaping-edb421320e26873bb7cae22bfdbcb235\">ignited cannisters</a> were rocketing away from the fire.</p><p>Duncan said Tuesday the gutted building had housed a distributor for the vaping industry called Goo, which had more than 100,000 vape pens stored on-site. Duncan said a truckload of butane canisters had arrived within the past week at the building and more than half of that stock was still there when the fire began.</p><p>Goo had received a township occupancy permit in September 2022 for the 26,700-square-foot (2,480-square-meter) building as a retail location for a \u201csmoke shop/vape store\u201d that would sell paraphernalia for vape products, Barry Miller, superintendent for Clinton Township\u2019s Building Department, has said.</p><p>But while Goo had asked about getting zoning approval for using the building for warehousing and distribution, Miller said Tuesday that the township\u2019s planning department told the company local zoning only allowed for retail.</p><p>Clinton Township Supervisor Bob Cannon said he has spoken with Macomb County Prosecutor Peter J. Lucido and said his office's \u201cmajor crimes unit is ready to work with our police department when it comes time.\"</p><p>\u201cWe will find out through our investigation what happened, who did it, who\u2019s responsible and somebody will be held accountable,\" Cannon said Friday.</p><p>Clinton Township Fire Marshal Chuck Champagne said a team of fire investigators was still being assembled that will include members of the township\u2019s fire and police departments, Michigan State Police, the federal Bureau of Alcohol, Tobacco, Firearms and Explosives and private investigators.</p><p>Cannon and other officials urged residents not to pick up cannisters and other fire debris, with Cannon saying he's seen \u201cpeople out there picking things up and taking them home as souvenirs.\u201d</p><p>\u201cPlease don\u2019t do that, it\u2019s very, very dangerous,\u201d he said.</p><p>Mary Bednar, Clinton Township's director of public services, said staff from the U.S. Environmental Protection Agency have started collecting potential hazardous fire debris, including vape pens and lithium batteries, and are working to assess debris in the neighborhoods and areas around the site.</p><p>Cannon said the EPA was expected to have about 20 people working to remove debris from neighborhoods and other areas in the days ahead.</p>",
    "textformat": "bx",
    "links": [
        {
            "href": "https://apnews.com/article/fire-explosions-detroit-vape-debris-66b9bc08a70302b4a32565c87c778af9",
            "rel": "canonical"
        }
    ],
    "topics": {
        "Health": {
            "relevance_score": 3,
            "reason": "The document primarily focuses on a fire and explosion incident involving vaping supplies in Michigan, the subsequent investigation, and the dangers posed by the debris. While there are some health-related aspects mentioned, such as the potential hazards of picking up debris and the involvement of the U.S. Environmental Protection Agency in assessing and removing hazardous materials, the main focus is on the incident and its investigation rather than health issues. Therefore, the document is somewhat relevant to health but not highly focused on it."
        }
    }
}