﻿{
    "altids": {
        "itemid": "6fec5f38f8148b479a4adb379bdb3439",
        "etag": "6fec5f38f8148b479a4adb379bdb3439_1a4aza0c0",
        "friendlykey": "486874804999",
        "referenceid": "WA-XGR--Washington Legislature-Look Back"
    },
    "version": 1,
    "type": "text",
    "urgency": 4,
    "profile": "Spot Development",
    "language": "en",
    "versioncreated": "2024-03-09T00:46:45Z",
    "firstcreated": "2024-03-08T21:05:11Z",
    "editorialrole": "FullStory",
    "pubstatus": "usable",
    "ednote": "Eds: UPDATES: Minor edit in the third graf.",
    "editorialtypes": [
        "Lead"
    ],
    "signals": [
        "newscontent"
    ],
    "title": "WA-XGR--Washington Legislature-Look Back",
    "headline": "Washington state achieves bipartisan support to ban hog-tying by police and address opioid crisis",
    "headline_extended": "Over a busy, 60-day legislative session, Washington state lawmakers made strides to address the opioid crisis and ban a policing practice with bipartisan support, but fell short in getting some of the most progressive bills across the finish line",
    "slugline": "BC-WA-XGR--Washington Legislature-Look Back, 1st Ld-Writethru",
    "description_summary": "Over a busy, 60-day legislative session, Washington state lawmakers made strides to address the opioid crisis and ban a policing practice with bipartisan support, but fell short in getting some of the most progressive bills across the finish line. The short session ended Thursday with over 300 bills heading to Democratic Gov. Jay Inslee's desk. Democratic House Speaker Laurie Jinkins says 80% of them received bipartisan support. Overshadowing the session were six initiatives, some of which would overturn Democrats\u2019 biggest recent wins, including the year-old Climate Commitment Act, which works to cap and reduce pollution. Three initiatives were passed by lawmakers, while the others, including the carbon pricing program, will be considered by voters in November.",
    "bylines": [
        {
            "by": "By HALLIE GOLDEN",
            "title": "Associated Press"
        }
    ],
    "located": "SEATTLE",
    "datelinelocation": {
        "city": "Seattle",
        "countryareacode": "WA",
        "countryareaname": "Washington",
        "countrycode": "USA",
        "countryname": "United States",
        "geometry_geojson": {
            "type": "Point",
            "coordinates": [
                -122.33207,
                47.60621
            ]
        }
    },
    "copyrightnotice": "Copyright 2024 The Associated Press. All rights reserved. This material may not be published, broadcast, rewritten or redistributed without permission.",
    "usageterms": [
        "This content is intended for editorial use only. For other uses, additional clearances may be required."
    ],
    "keywords": [
        "washington session ends bipartisan bills opioids housing"
    ],
    "provider": "AP",
    "infosource": [
        {
            "name": "AP",
            "type": "AP"
        }
    ],
    "person": [
        {
            "scheme": "http://cv.ap.org/id/",
            "code": "9689cbc20bfa424ebf75bc464418a89d",
            "name": "Jay Inslee",
            "creator": "Machine",
            "rels": [
                "direct"
            ],
            "types": [
                "POLITICIAN",
                "PERSON"
            ],
            "associatedstates": [
                {
                    "code": "08a0a00882c810048942df092526b43e",
                    "name": "Washington"
                }
            ],
            "relevance": 68
        }
    ],
    "subject": [
        {
            "rels": [
                "category"
            ],
            "creator": "Editorial",
            "code": "n",
            "name": "n"
        },
        {
            "scheme": "http://cv.ap.org/id/",
            "code": "936045008844100486a2a28878d48e09",
            "name": "Addiction and treatment",
            "creator": "Machine",
            "rels": [
                "direct"
            ],
            "relevance": 47
        },
        {
            "scheme": "http://cv.ap.org/id/",
            "code": "fb629770cf154f91964e1789d2dd836e",
            "name": "Opioids",
            "creator": "Machine",
            "rels": [
                "direct"
            ],
            "relevance": 57
        },
        {
            "scheme": "http://cv.ap.org/id/",
            "code": "86aad5207dac100488ecba7fa5283c3e",
            "name": "Politics",
            "creator": "Machine",
            "rels": [
                "direct"
            ],
            "relevance": 81
        },
        {
            "scheme": "http://cv.ap.org/id/",
            "code": "a4677d70863b4012b846a1b00f5079f5",
            "name": "U.S. news",
            "creator": "Editorial",
            "editorial_subject": "U.S. news",
            "rels": [
                "direct"
            ],
            "relevance": 99
        },
        {
            "scheme": "http://cv.ap.org/id/",
            "code": "f25af2d07e4e100484f5df092526b43e",
            "name": "General news",
            "creator": "Editorial",
            "editorial_subject": "General news",
            "rels": [
                "direct"
            ],
            "relevance": 50
        }
    ],
    "organisation": [
        {
            "scheme": "http://cv.ap.org/id/",
            "code": "c05dca58760d10048f93e6e7a0f4673e",
            "name": "U.S. Democratic Party",
            "creator": "Machine",
            "rels": [
                "direct"
            ],
            "relevance": 34
        },
        {
            "scheme": "http://cv.ap.org/id/",
            "code": "ba4c19646311459fabece202ff1c463c",
            "name": "Washington state government",
            "creator": "Machine",
            "rels": [
                "direct"
            ],
            "relevance": 73
        }
    ],
    "place": [
        {
            "scheme": "http://cv.ap.org/id/",
            "code": "08a0a00882c810048942df092526b43e",
            "name": "Washington",
            "creator": "Machine",
            "rels": [
                "direct"
            ],
            "parentids": [
                "661e48387d5b10048291c076b8e3055c"
            ],
            "locationtype": {
                "code": "0ae5eb8e00e04295a4fc209c94bfe6ef",
                "name": "State"
            },
            "geometry_geojson": {
                "type": "Point",
                "coordinates": [
                    -120.50147,
                    47.50012
                ]
            },
            "relevance": 95,
            "parentnames": [
                "United States"
            ]
        }
    ],
    "audiences": [
        {
            "code": "82c6a4c46fa0446090a7acaf93159e4c",
            "name": "Print",
            "type": "AUDPLATFORM"
        },
        {
            "code": "9add4649b53b4702ba7d9de5d4fa607a",
            "name": "Online",
            "type": "AUDPLATFORM"
        },
        {
            "code": "f5b16ea8760d10048047e6e7a0f4673e",
            "name": "State",
            "type": "AUDSCOPE"
        },
        {
            "code": "08a0a00882c810048942df092526b43e",
            "name": "Washington",
            "type": "AUDGEOGRAPHY"
        },
        {
            "code": "fe016fe882c61004886adf092526b43e",
            "name": "Oregon",
            "type": "AUDGEOGRAPHY"
        }
    ],
    "associations": {
        "1": {
            "altids": {
                "itemid": "a3fe74e0de93488997e8c511cde97cfa"
            },
            "type": "picture"
        },
        "2": {
            "altids": {
                "itemid": "3f1c3a2863b5473fac3b3a18d56c58ef"
            },
            "type": "picture"
        }
    },
    "body_nitf": "<p>SEATTLE (AP) \u2014 Over a busy, 60-day legislative session, Washington state lawmakers made strides to address the opioid crisis and ban a controversial policing practice with bipartisan support, but fell short in getting some of the most progressive bills across the finish line.</p><p>The short session, which marked Jay Inslee\u2019s final one as governor, ended Thursday with over 300 bills heading to the Democratic governor\u2019s desk, 80% of which received bipartisan support, according to Democratic House Speaker Laurie Jinkins. Democrats control the state House by a margin of 58-40 and the Senate by 29-20.</p><p>Overshadowing the session were six initiatives, some of which would overturn some of Democrats' biggest recent wins, including the year-old Climate Commitment Act, which works to cap and reduce pollution. Three initiatives were passed by lawmakers, while the others, including the carbon pricing program, will be considered by voters in November.</p><p>Here\u2019s a look at key legislation that passed this session \u2014 and some bills that didn't make it.</p><hl2>CLIMATE CHANGE</hl2><p>At the start of the session, Inslee described climate as the biggest long-term issue he wanted to address over the next two months. Lawmakers had some success, including when it came to the carbon pricing program, which features quarterly auctions in which emission allowances are sold to businesses covered under the act. The Legislature approved a bill expected to merge the state\u2019s carbon market with those in California and Quebec, which also have emission allowance auctions, in an effort to expand the market and make it more stable.</p><p>Meanwhile an effort to expand the state\u2019s curbside recycling program fizzled out early on. It would have shifted the responsibility from local governments to the companies producing the waste.</p><p>\u201cWe\u2019re the greenest state in the nation and we should have a state-of-the-art recycling system in this state,\u201d said Rep. Beth Doglio, chair of the House Environment & Energy Committee. She said they plan to try again next year.</p><hl2>HOUSING</hl2><p>Amid staggeringly high home and rental prices, there were three key strategies lawmakers considered to address the issue, but only one made it through.</p><p>A highly anticipated bill that would bar landlords from increasing rents by more than 7% annually during a rental agreement term made it through the House only to face impenetrable hurdles in the Senate. Democratic Rep. Emily Alvarado, who sponsored the bill, said there was concern among some lawmakers about the impact it could have on new construction.</p><p>\u201cIt\u2019s really unfortunate that people would put a hypothetical risk above what is a known and devastating problem for far too many Washingtonians, which is sky rocketing rents,\u201d she said, adding that she will introduce the proposal again next year.</p><p>Another bill requiring 10% of the units in new housing structures around transit hubs to be affordable for lower income residents for at least 50 years met a similar fate. But the bipartisan effort to remove barriers to building micro-apartments made it through the Legislature with nearly unanimous support. The move is predicted to increase the supply of more affordable housing and doesn't require government subsidies.</p><hl2>OPIOIDS</hl2><p>With <a href=\"https://apnews.com/article/fentanyl-opioids-oregon-washington-legislature-2db8e01e0cdc26fb72f119fe99cdb73a\">overdose deaths on the rise</a> in Washington, lawmakers on both sides of the aisle pushed to boost public awareness of the crisis and increase availability of treatment options.</p><p>A bill that requires colleges and universities to provide opioid education to students and make naloxone, the opioid overdose reversal medication, widely available, passed easily through both legislative bodies. And a proposed measure that requires the Department of Health to add an overdose prevention campaign received unanimous support.</p><p>Lawmakers also honed in on the group that has been most harmed by the crisis \u2014 tribes. A bipartisan effort to provide nearly $8 million each year for the 29 federally recognized tribes in Washington to address the crisis was met with enthusiastic support. The funds are drawn in part from a roughly half-billion-dollar settlement between the state and major opioid distributors.</p><p>It\u2019s \u201ca reflection and a recognition of both the real challenges the tribes face in their communities and a reflection of the good work they\u2019re already doing and we ought to be helping them out where we can,\u201d said Republican Sen. John Braun, the minority leader in that chamber who sponsored the bill.</p><p>Native Americans and Alaska Natives in Washington die of opioid overdoses at five times the state average, according to Centers for Disease Control and Prevention data that includes provisional numbers for 2021-2022.</p><hl2>LAW ENFORCEMENT</hl2><p>Lawmakers made some changes to policing in Washington, including barring law enforcement officials from <a href=\"https://apnews.com/article/hog-tying-manuel-ellis-washington-bill-house-5dd219dea8a0d7941b46949ed0660543\">hog-tying suspects</a>, a restraint technique that has long drawn concern due to the risk of suffocation. Despite some questions from Republicans about smaller jurisdictions potentially not having the money to start using alternative restraints, overall there was widespread support.</p><p>\u201cTo pass that bill for the impacted family, as it approaches the anniversary of the death of <a href=\"https://apnews.com/article/tacoma-police-manuel-ellis-death-officers-charged-132030b3c8cd675c5e19d90f51f16d24\">Manny Ellis</a>, during Black History Month, to do this kind of bill, it just felt like a moment,\u201d said Democratic state Sen. Yasmin Trudeau, who sponsored the bill.</p><p>A conservative-backed initiative to give <a href=\"https://apnews.com/article/initiatives-hearings-parents-police-pursuit-washington-658c825fe52de102c9d1b8a0f2025b99\">police greater ability to pursue people</a> in vehicles also made it through the Legislature just days before the session ended. But some have spoken out about the risk it could pose to public safety, amid hundreds of <a href=\"https://apnews.com/article/police-vehicle-chase-pursuit-deaths-policy-ed2fe37280cec57e4377491348cc661d\">deaths caused by police chases</a> in the U.S. each year.</p>",
    "textformat": "bx",
    "links": [
        {
            "href": "https://apnews.com/article/washington-session-ends-bipartisan-bills-opioids-housing-6fec5f38f8148b479a4adb379bdb3439",
            "rel": "canonical"
        }
    ],
    "topics": {
        "Health": {
            "relevance_score": 3,
            "reason": "The document covers a variety of legislative actions in Washington state, including those related to climate change, housing, law enforcement, and the opioid crisis. The sections on the opioid crisis are directly relevant to health, discussing measures to increase public awareness, provide treatment options, and support tribes affected by the crisis. However, the document also includes significant content on non-health-related topics, which dilutes its overall relevance to the health topic."
        }
    }
}