﻿{
    "altids": {
        "itemid": "c33c421c264d90b2ff5eebc4463074a5",
        "etag": "c33c421c264d90b2ff5eebc4463074a5_3a17aza0c0",
        "friendlykey": "11053949848",
        "referenceid": "EU--Britain-Royals"
    },
    "version": 3,
    "type": "text",
    "urgency": 4,
    "profile": "Spot Development",
    "language": "en",
    "versioncreated": "2024-03-24T17:44:03Z",
    "firstcreated": "2024-03-24T11:13:15Z",
    "editorialrole": "FullStory",
    "pubstatus": "usable",
    "ednote": "Eds: UPDATES: This story has been updated with comment about King Charles III from his nephew Peter Phillips.",
    "editorialtypes": [
        "Lead"
    ],
    "signals": [
        "newscontent"
    ],
    "title": "EU--Britain-Royals",
    "headline": "Kate and William 'extremely moved' by support since the Princess of Wales' cancer revelation",
    "headline_extended": "Kate, the Princess of Wales, and her husband, Prince William, are said to be \u201cextremely moved\u201d by the public\u2019s warmth and support following her shocking cancer announcement as tributes continued to pour in from around the world",
    "slugline": "BC-EU-Britain-Royals, 3rd Ld-Writethru",
    "description_summary": "Kate, the Princess of Wales, and her husband, Prince William, are said to be \u201cextremely moved\u201d by the public\u2019s warmth and support following her shocking cancer announcement as tributes continued to pour in from around the world. After weeks of frenzied speculation on social media about her health, Kate said in a candid video message on Friday that she is undergoing chemotherapy for cancer following major abdominal surgery. Meanwhile, King Charles III\u2019s nephew Peter Phillips said the king is \u201cfrustrated\u201d that his recovery is taking longer than \u201che would want it to\u201d but that he was in \u201cgood spirits\u201d and \u201cpushing\u201d his staff to be able to return to his duties after beginning his treatment for cancer last month.",
    "bylines": [
        {
            "by": "By PAN PYLAS",
            "title": "Associated Press"
        }
    ],
    "located": "LONDON",
    "datelinelocation": {
        "city": "London",
        "countrycode": "GBR",
        "countryname": "United Kingdom",
        "geometry_geojson": {
            "type": "Point",
            "coordinates": [
                -0.12574,
                51.50853
            ]
        }
    },
    "copyrightnotice": "Copyright 2024 The Associated Press. All rights reserved. This material may not be published, broadcast, rewritten or redistributed without permission.",
    "usageterms": [
        "This content is intended for editorial use only. For other uses, additional clearances may be required."
    ],
    "keywords": [
        "kate middleton cancer britain royals"
    ],
    "provider": "AP",
    "infosource": [
        {
            "name": "AP",
            "type": "AP"
        }
    ],
    "person": [
        {
            "scheme": "http://cv.ap.org/id/",
            "code": "42fcd5108d2610048a34f7ae5e3ffd3e",
            "name": "Joe Biden",
            "creator": "Machine",
            "rels": [
                "direct"
            ],
            "types": [
                "POLITICIAN",
                "PERSON"
            ],
            "relevance": 44
        },
        {
            "scheme": "http://cv.ap.org/id/",
            "code": "f8955706b58c4b71901d46201750aa48",
            "name": "King Charles III",
            "creator": "Machine",
            "rels": [
                "direct"
            ],
            "types": [
                "ROYALTY",
                "PERSON"
            ],
            "relevance": 69
        }
    ],
    "subject": [
        {
            "rels": [
                "category"
            ],
            "creator": "Editorial",
            "code": "i",
            "name": "i"
        },
        {
            "rels": [
                "category"
            ],
            "creator": "Editorial",
            "code": "e",
            "name": "e"
        },
        {
            "scheme": "http://cv.ap.org/id/",
            "code": "79f1fae08359100489f8df583201d303",
            "name": "Chemotherapy",
            "creator": "Machine",
            "rels": [
                "direct"
            ],
            "relevance": 57
        },
        {
            "scheme": "http://cv.ap.org/id/",
            "code": "cc7a76087e4e10048482df092526b43e",
            "name": "Health",
            "creator": "Machine",
            "rels": [
                "direct"
            ],
            "relevance": 83
        },
        {
            "scheme": "http://cv.ap.org/id/",
            "code": "e22524b87de410048f91df092526b43e",
            "name": "Cancer",
            "creator": "Machine",
            "rels": [
                "direct"
            ],
            "relevance": 68
        },
        {
            "scheme": "http://cv.ap.org/id/",
            "code": "90aeac5089ef10048f63d56c852d093e",
            "name": "Royalty",
            "creator": "Machine",
            "rels": [
                "direct"
            ],
            "relevance": 97
        },
        {
            "scheme": "http://cv.ap.org/id/",
            "code": "16cb0ba3e6d24d97ace39f5a1924669a",
            "name": "Entertainment",
            "creator": "Editorial",
            "editorial_subject": "Entertainment",
            "rels": [
                "direct"
            ],
            "relevance": 75
        },
        {
            "scheme": "http://cv.ap.org/id/",
            "code": "cc7a76087e4e10048482df092526b43e",
            "name": "Health",
            "creator": "Editorial",
            "editorial_subject": "Health",
            "rels": [
                "direct"
            ],
            "relevance": 75
        },
        {
            "scheme": "http://cv.ap.org/id/",
            "code": "bb2d2c5f441a452cb24bb511a2ab5eea",
            "name": "World news",
            "creator": "Editorial",
            "editorial_subject": "World news",
            "rels": [
                "direct"
            ],
            "relevance": 99
        },
        {
            "scheme": "http://cv.ap.org/id/",
            "code": "f25af2d07e4e100484f5df092526b43e",
            "name": "General news",
            "creator": "Editorial",
            "editorial_subject": "General news",
            "rels": [
                "direct"
            ],
            "relevance": 50
        }
    ],
    "place": [
        {
            "scheme": "http://cv.ap.org/id/",
            "code": "e293fee87d6b10048fe8ba7fa5283c3e",
            "name": "Wales",
            "creator": "Machine",
            "rels": [
                "direct"
            ],
            "parentids": [
                "66219fb07d5b100482e2c076b8e3055c"
            ],
            "locationtype": {
                "code": "d83e15f769714aab9d49a03eab919128",
                "name": "Constituent country"
            },
            "geometry_geojson": {
                "type": "Point",
                "coordinates": [
                    -3.5,
                    52.5
                ]
            },
            "relevance": 97,
            "parentnames": [
                "United Kingdom"
            ]
        }
    ],
    "audiences": [
        {
            "code": "82c6a4c46fa0446090a7acaf93159e4c",
            "name": "Print",
            "type": "AUDPLATFORM"
        },
        {
            "code": "9add4649b53b4702ba7d9de5d4fa607a",
            "name": "Online",
            "type": "AUDPLATFORM"
        },
        {
            "code": "f43adc08760d10048040e6e7a0f4673e",
            "name": "National",
            "type": "AUDSCOPE"
        },
        {
            "code": "f4ecf9b0760d10048044e6e7a0f4673e",
            "name": "International",
            "type": "AUDSCOPE"
        },
        {
            "code": "661850e07d5b100481f4c076b8e3055c",
            "name": "Europe",
            "type": "AUDGEOGRAPHY"
        },
        {
            "code": "661e48387d5b10048291c076b8e3055c",
            "name": "United States",
            "type": "AUDGEOGRAPHY"
        }
    ],
    "associations": {
        "1": {
            "altids": {
                "itemid": "e6f2f0018cb14d0180bf72891d7b7c56"
            },
            "type": "picture"
        },
        "2": {
            "altids": {
                "itemid": "47e7b7a989894a11a0b7c083e609e523"
            },
            "type": "picture"
        },
        "3": {
            "altids": {
                "itemid": "9d72098d14974ef2b544b1ba37d71276"
            },
            "type": "picture"
        },
        "4": {
            "altids": {
                "itemid": "e6d226a0b4eb4551a516c78ed05db5bf"
            },
            "type": "picture"
        },
        "5": {
            "altids": {
                "itemid": "e2887529795e405886a3d51f160d7367"
            },
            "type": "picture"
        },
        "6": {
            "altids": {
                "itemid": "d031049a1cc94b40bd718534045216da"
            },
            "type": "picture"
        },
        "7": {
            "altids": {
                "itemid": "44d71d8f562946c8bb1e25327636498c"
            },
            "type": "picture"
        },
        "8": {
            "altids": {
                "itemid": "e6136a5ff0d64119bac0e41e0fd163b3"
            },
            "type": "picture"
        },
        "9": {
            "altids": {
                "itemid": "7f53f92ef6374bac8e2acaa4808d03fb"
            },
            "type": "picture"
        },
        "10": {
            "altids": {
                "itemid": "16bb9c80efff4767a8baeebd3296c3d6"
            },
            "type": "picture"
        },
        "11": {
            "altids": {
                "itemid": "f63acff9f9c74d2e9830242a938ade74"
            },
            "type": "picture"
        },
        "12": {
            "altids": {
                "itemid": "556dbec0b67540598be810a68a1f9c4f"
            },
            "type": "picture"
        },
        "13": {
            "altids": {
                "itemid": "65ff55804a33418280b3ee0de0d4c345"
            },
            "type": "picture"
        },
        "14": {
            "altids": {
                "itemid": "8d595a3fb6af48efa9df7295dcb79e5e"
            },
            "type": "picture"
        },
        "15": {
            "altids": {
                "itemid": "cddf037329184575b8b628a5c130805e"
            },
            "type": "picture"
        },
        "16": {
            "altids": {
                "itemid": "d71f69fb086d4882b5b5f8c4b74de748"
            },
            "type": "picture"
        },
        "17": {
            "altids": {
                "itemid": "9d1ad810f07b42ac80c2903afcabc4a2"
            },
            "type": "picture"
        },
        "18": {
            "altids": {
                "itemid": "7088e63e1e24480e96b79eb5cd39e7a3"
            },
            "type": "picture"
        },
        "19": {
            "altids": {
                "itemid": "89d28ac0bbd9477b9681de014c2d1ab2"
            },
            "type": "picture"
        },
        "20": {
            "altids": {
                "itemid": "9ecee0f867394b77b3290d321141fc9b"
            },
            "type": "picture"
        },
        "21": {
            "altids": {
                "itemid": "89c4ced998be4c5c9f71f13a5238ea73"
            },
            "type": "audio"
        },
        "22": {
            "altids": {
                "itemid": "77dcbbab371347dc9f8614cf469c1a23"
            },
            "type": "picture"
        },
        "23": {
            "altids": {
                "itemid": "c1af1a9b5ab04a1dbee4a2cca29fe994"
            },
            "type": "picture"
        }
    },
    "body_nitf": "<p>LONDON (AP) \u2014 <a href=\"https://apnews.com/article/kate-middleton-princess-wales-profile-cancer-6060f1d86cbba06eea8404d0f3c8b6cb\">Kate, the Princess of Wales,</a> and her husband, Prince William, are said to be \u201cextremely moved\u201d by the public\u2019s warmth and support following her shocking cancer announcement as tributes continued to pour in Sunday from around the world.</p><p>After weeks of <a href=\"https://apnews.com/article/kate-william-uk-royals-prince-shopping-video-c7f3483e8850b859845897a1433b60c0\">frenzied speculation</a> on social media about her health and well-being, Kate said in a candid video message on Friday that she is undergoing <a href=\"https://apnews.com/article/kate-middleton-cancer-diagnosis-what-we-know-edefdc8674d100c8d6eb4619c85561d5\">chemotherapy for cancer</a> following major <a href=\"https://apnews.com/article/kate-princess-of-wales-operation-uk-royals-eea1a111a295152b8820b94fd257c12d\">abdominal surgery</a>. The 42-year-old princess said the cancer discovery was a \u201chuge shock\u201d and she was now in the early stages of preventative chemotherapy.</p><p>\u201cThe prince and princess are both enormously touched by the kind messages from people here in the U.K., across the Commonwealth and around the world in response to Her Royal Highness\u2019 message,\" a spokesperson for Kensington Palace said. \u201cThey are extremely moved by the public\u2019s warmth and support and are grateful for the understanding of their request for privacy at this time.\u201d</p><p>There has been a global outpouring of support, including from U.S. President Joe Biden, and <a href=\"https://apnews.com/article/king-charles-iii-cancer-britain-e0408a7c9bb86ad2af8754ce4b37d65e\">King Charles III</a> who is also undergoing treatment for cancer, which was found after he was undertaking treatment for an enlarged prostate. <a href=\"https://apnews.com/article/kate-king-charles-cancer-royals-pressure-3ea5826f72d26f848146b6abae9b0518\">Neither Kate nor the king</a> have revealed what type of cancer they have or the stage at which it was being treated.</p><p>Charles' nephew, Peter Phillips, said the king is \u201cfrustrated\u201d that his recovery is taking longer than \u201che would want it to,\u201d but that he was in \u201cgood spirits\u201d and \u201cpushing\u201d his staff to be able to return to his duties after beginning his treatment for cancer last month.</p><p>\u201cI think ultimately he\u2019s hugely frustrated,\" Phillips, the son of Charles's sister Princess Anne, told Sky News Australia. \u201cHe\u2019s frustrated that he can\u2019t get on and do everything that he wants to be able to do. But he is very pragmatic, he understands that there\u2019s a period of time that he really needs to focus on himself.\u201d</p><p>People continued to flock Sunday to the royal's main London residence, Kensington Palace, as well as <a href=\"https://apnews.com/video/wales-royalty-united-kingdom-cancer-texas-9dc8213dd9c54f0cb920b83949d0291c\">to Windsor Castle,</a> where they spend most of their time, to show support for the princess, with many leaving flowers.</p><p>Until Friday, officials had only said Kate\u2019s surgery in January was successful and recuperation would keep the princess away from public duties until April. This has sparked a flurry of <a href=\"https://apnews.com/article/princess-kate-photo-royals-media-2470c605dcc9766748bab82d8683e02b\">rumor-mongering</a> about the \u201cmissing\u201d future queen, compounded after Kate <a href=\"https://apnews.com/article/princess-kate-manipulated-photo-482fda64281b4a63ccf30364d96b2622\">acknowledged that she altered</a> an official photo released to mark Mother\u2019s Day in the U.K. earlier this month.</p><p>The photo, meant to reassure the public, triggered a backlash after The Associated Press and other news agencies retracted it over manipulation concerns.</p><p>Even a video published last week by The Sun and TMZ that appeared to show Kate and William shopping near their home didn't dispel the negative coverage.</p><p>Criticism of those jumping to sometime-outlandish conclusions continued to be voiced over the weekend.</p><p>Paddy Harverson, previously the official spokesman of Kate and the Prince of Wales, said that the speculation and pressure around Kate's health and whereabouts before her video statement was \u201cthe worst I\u2019ve ever seen.\u201d</p><p>However, he said he thought Kate would have revealed her cancer diagnosis exactly as she had, regardless of what was being speculated.</p><p>\u201cI\u2019m absolutely convinced that if we hadn\u2019t had all the madness and social media, if we hadn\u2019t had the sort of the Mother\u2019s Day photo mistake, they would have still done it like this,\u201d he told the BBC. \u201cThey would have still waited till this last Friday when the schools are breaking up to make the announcement.\u201d</p>",
    "textformat": "bx",
    "links": [
        {
            "href": "https://apnews.com/article/kate-middleton-cancer-britain-royals-c33c421c264d90b2ff5eebc4463074a5",
            "rel": "canonical"
        }
    ],
    "topics": {
        "Health": {
            "relevance_score": 5,
            "reason": "The document discusses the health condition of Kate, the Princess of Wales, specifically her cancer diagnosis and treatment. It also mentions King Charles III's cancer treatment. The focus is on their health issues, public reactions, and the impact on their duties. This makes the document highly relevant to the topic of health."
        }
    }
}