﻿{
    "altids": {
        "itemid": "b1a15ab3326d30450bfbb08b6444f6d2",
        "etag": "b1a15ab3326d30450bfbb08b6444f6d2_1a3aza0c0",
        "friendlykey": "967383242166",
        "referenceid": "PA--Older Adults-Deaths-Pennsylvania"
    },
    "version": 1,
    "type": "text",
    "urgency": 4,
    "profile": "Spot Development",
    "language": "en",
    "versioncreated": "2024-03-22T22:19:17Z",
    "firstcreated": "2024-03-22T19:40:59Z",
    "editorialrole": "FullStory",
    "pubstatus": "usable",
    "ednote": "Eds: UPDATES: Adds updated comment by Lawrence from Friday.",
    "editorialtypes": [
        "Lead"
    ],
    "signals": [
        "newscontent"
    ],
    "title": "PA--Older Adults-Deaths-Pennsylvania",
    "headline": "Pennsylvania lawmakers push to find out causes of death for older adults in abuse or neglect cases",
    "headline_extended": "Republican lawmakers are pushing Gov. Josh Shapiro\u2019s administration to do more to investigate the deaths of older adults who are possibly being abused or neglected",
    "slugline": "AP-PA--Older Adults-Deaths-Pennsylvania, 1st Ld-Writethru",
    "description_summary": "Republican lawmakers are pushing Gov. Josh Shapiro\u2019s administration to do more to investigate the deaths of older adults who are possibly being abused or neglected. The push comes after Pennsylvania recorded a more-than-tenfold increase in such deaths in recent years. Shapiro\u2019s Department of Aging is balking at the idea raised by Republican lawmakers to gather cause of death information. Rep. Seth Grove of York County said Friday that getting that information can help figure out how to better protect older adults. Secretary of Aging Jason Kavulich says neither the department nor county-level agencies have the \u201clegal authority\u201d to access the information. Grove questions that, since death certificates are public record.",
    "bylines": [
        {
            "by": "By MARC LEVY",
            "title": "Associated Press"
        }
    ],
    "located": "HARRISBURG, Pa.",
    "datelinelocation": {
        "city": "Harrisburg",
        "countryareacode": "PA",
        "countryareaname": "Pennsylvania",
        "countrycode": "USA",
        "countryname": "United States",
        "geometry_geojson": {
            "type": "Point",
            "coordinates": [
                -76.88442,
                40.2737
            ]
        }
    },
    "copyrightnotice": "Copyright 2024 The Associated Press. All rights reserved. This material may not be published, broadcast, rewritten or redistributed without permission.",
    "usageterms": [
        "This content is intended for editorial use only. For other uses, additional clearances may be required."
    ],
    "keywords": [
        "older adult deaths abuse neglect Pennsylvania COVID"
    ],
    "provider": "AP",
    "infosource": [
        {
            "name": "AP",
            "type": "AP"
        }
    ],
    "person": [
        {
            "scheme": "http://cv.ap.org/id/",
            "code": "43274e54014f4cf9bdf960403ec41f8f",
            "name": "Seth Grove",
            "creator": "Machine",
            "rels": [
                "direct"
            ],
            "types": [
                "POLITICIAN",
                "PERSON"
            ],
            "relevance": 72
        },
        {
            "scheme": "http://cv.ap.org/id/",
            "code": "6f94c2a64ce742b1b29723e11f7ccac7",
            "name": "Josh Shapiro",
            "creator": "Machine",
            "rels": [
                "direct"
            ],
            "types": [
                "POLITICIAN",
                "PERSON"
            ],
            "relevance": 76
        }
    ],
    "subject": [
        {
            "rels": [
                "category"
            ],
            "creator": "Editorial",
            "code": "n",
            "name": "n"
        },
        {
            "rels": [
                "category"
            ],
            "creator": "Editorial",
            "code": "p",
            "name": "p"
        },
        {
            "scheme": "http://cv.ap.org/id/",
            "code": "48612b807c2b4b93bbbacbf54f547ad5",
            "name": "Crime",
            "creator": "Machine",
            "rels": [
                "direct"
            ],
            "relevance": 48
        },
        {
            "scheme": "http://cv.ap.org/id/",
            "code": "86aad5207dac100488ecba7fa5283c3e",
            "name": "Politics",
            "creator": "Machine",
            "rels": [
                "direct"
            ],
            "relevance": 78
        },
        {
            "scheme": "http://cv.ap.org/id/",
            "code": "abb902c66c1547868d46a72d5235b16d",
            "name": "Seniors",
            "creator": "Machine",
            "rels": [
                "direct"
            ],
            "relevance": 96
        },
        {
            "scheme": "http://cv.ap.org/id/",
            "code": "86aad5207dac100488ecba7fa5283c3e",
            "name": "Politics",
            "creator": "Editorial",
            "editorial_subject": "Politics",
            "rels": [
                "direct"
            ],
            "relevance": 75
        },
        {
            "scheme": "http://cv.ap.org/id/",
            "code": "cc7a76087e4e10048482df092526b43e",
            "name": "Health",
            "creator": "Editorial",
            "editorial_subject": "Health",
            "rels": [
                "direct"
            ],
            "relevance": 75
        },
        {
            "scheme": "http://cv.ap.org/id/",
            "code": "a4677d70863b4012b846a1b00f5079f5",
            "name": "U.S. news",
            "creator": "Editorial",
            "editorial_subject": "U.S. news",
            "rels": [
                "direct"
            ],
            "relevance": 99
        },
        {
            "scheme": "http://cv.ap.org/id/",
            "code": "f25af2d07e4e100484f5df092526b43e",
            "name": "General news",
            "creator": "Editorial",
            "editorial_subject": "General news",
            "rels": [
                "direct"
            ],
            "relevance": 50
        }
    ],
    "organisation": [
        {
            "scheme": "http://cv.ap.org/id/",
            "code": "b2c2f437e7d14c5884afdbc7e720444f",
            "name": "Pennsylvania state government",
            "creator": "Machine",
            "rels": [
                "direct"
            ],
            "relevance": 40
        }
    ],
    "place": [
        {
            "scheme": "http://cv.ap.org/id/",
            "code": "0b394d7082c71004887fdf092526b43e",
            "name": "Pennsylvania",
            "creator": "Machine",
            "rels": [
                "direct"
            ],
            "parentids": [
                "661e48387d5b10048291c076b8e3055c"
            ],
            "locationtype": {
                "code": "0ae5eb8e00e04295a4fc209c94bfe6ef",
                "name": "State"
            },
            "geometry_geojson": {
                "type": "Point",
                "coordinates": [
                    -76.90567,
                    40.27245
                ]
            },
            "relevance": 96,
            "parentnames": [
                "United States"
            ]
        }
    ],
    "audiences": [
        {
            "code": "82c6a4c46fa0446090a7acaf93159e4c",
            "name": "Print",
            "type": "AUDPLATFORM"
        },
        {
            "code": "9add4649b53b4702ba7d9de5d4fa607a",
            "name": "Online",
            "type": "AUDPLATFORM"
        },
        {
            "code": "f5b16ea8760d10048047e6e7a0f4673e",
            "name": "State",
            "type": "AUDSCOPE"
        },
        {
            "code": "0b394d7082c71004887fdf092526b43e",
            "name": "Pennsylvania",
            "type": "AUDGEOGRAPHY"
        }
    ],
    "body_nitf": "<p>HARRISBURG, Pa. (AP) \u2014 Republican state lawmakers are pushing Gov. Josh Shapiro's administration to do more to investigate the deaths of older adults who are the subject of an abuse or neglect complaint after Pennsylvania <a href=\"https://apnews.com/article/older-adult-deaths-abuse-neglect-pennsylvania-covid-c9e76aa9852dc1071eb5190e5961d391\">recorded a steep increase</a> in such deaths, starting in 2019.</p><p>Shapiro's Department of Aging has balked at the idea raised by Republican lawmakers, who have pressed the department, or the county-level agencies that investigate abuse or neglect complaints, to gather cause of death information from death records.</p><p>Getting more information about the cause of death is a first step, Rep. Seth Grove, R-York, the ranking Republican on the House Appropriations Committee, said in an interview Friday.</p><p>\u201cSo you have the information, and then the next step is what do we do to protect them, to make sure they\u2019re not on a fatality list somewhere,\u201d Grove said. \"That\u2019s that next step, which is the important aspect. We need to get to it.\"</p><p>In a House Appropriations Committee hearing last month, Rep. John Lawrence, R-Chester, told Shapiro\u2019s Secretary of Aging Jason Kavulich that it was \u201cunacceptable\u201d that the department isn't already gathering that information when someone dies.</p><p>\u201cThese folks end up dead after someone reported them as being vulnerable and ... your agency is telling the press, 'well, we really don\u2019t know. We really can\u2019t explain. Maybe they died of abuse or neglect. We didn\u2019t really ask,'\u201d Lawrence told Kavulich.</p><p>Kavulich told Lawrence that the department is \u201ccollecting the data that the law has told us we need to.\"</p><p>Kavulich followed up in recent days with a letter to the House Appropriations Committee that noted caseworkers are supposed to contact the county coroner in cases where there is reason to suspect that the older adult died from abuse.</p><p>But Kavulich also wrote that neither the department nor the county-level agencies have the \u201clegal authority\u201d to access cause of death information.</p><p>Grove questioned that, saying death certificates are public record and that the department or county caseworkers should be able to request the information from a coroner or a health department.</p><p>In a statement, Lawrence called Kavulich's written response \u201can incoherent word salad that casts blame in every direction but fails to take any responsibility.\u201d</p><p>\u201cIt gives me great pause that I cannot get a simple answer to a simple question \u2014 why aren\u2019t you asking why these seniors died?\u201d Lawrence wrote.</p><p>If the state attorney general's office is not already looking into the matter, it should launch an investigation tomorrow, Lawrence wrote.</p><p>Lawmakers raised questions since Pennsylvania recorded a more than tenfold increase in the deaths of older adults following an abuse or neglect complaint, from 120 in 2017 to 1,288 last year. They peaked at 1,389 in 2022.</p><p>The department does not typically make the deaths data public and released it in response to a request by The Associated Press.</p><p>The increase came as COVID-19 ravaged the nation, the number of complaints grew and agencies struggled to keep caseworkers on staff.</p><p>The Department of Aging has suggested the data could be misleading since the deaths may have had nothing to do with the original abuse or neglect complaint.</p><p>Department and county-level agency officials have speculated the increase could be attributed to a growing population of people 65 and older, an increase in complaints and the devastating impact of the COVID-19 pandemic on older adults.</p><p>It\u2019s not clear whether better data collection also helped explain the increase, but evidence suggests that other similar jurisdictions \u2014 such as Michigan and Illinois \u2014 did not see such a steep increase.</p><p>The broader death rate of older adults did not increase nearly as steeply during the pandemic, going from about 4% of those 65 and older in 2018 to 4.5% in 2021, according to federal statistics.</p><p>The department has contracts with 52 county-level \u201carea agencies for aging\u201d to investigate abuse or neglect complaints and coordinate with doctors, service providers and if necessary, law enforcement.</p><p>Most calls involve someone who lives alone or with a family member or caregiver. Poverty is often a factor.</p><p>___</p><p>Follow Marc Levy at <a href=\"http://twitter.com/timelywriter\">http://twitter.com/timelywriter</a>.</p>",
    "textformat": "bx",
    "links": [
        {
            "href": "https://apnews.com/article/older-adult-deaths-abuse-neglect-pennsylvania-covid-b1a15ab3326d30450bfbb08b6444f6d2",
            "rel": "canonical"
        }
    ],
    "topics": {
        "Health": {
            "relevance_score": 3,
            "reason": "The document discusses the efforts of Pennsylvania lawmakers to investigate the causes of death for older adults in cases of abuse or neglect. While the primary focus is on legislative and administrative actions, the underlying issue is related to the health and well-being of older adults, particularly in the context of abuse, neglect, and the impact of COVID-19. This makes the document somewhat relevant to the topic of health, as it touches on public health concerns and the health outcomes of a vulnerable population."
        }
    }
}